{
"type": "FeatureCollection",
"name": "data_suivi_ecs_com",
"crs": { "type": "name", "properties": { "name": "urn:ogc:def:crs:OGC:1.3:CRS84" } },
"features": [
{ "type": "Feature", "properties": { "id_projet": "ecs-2026-02", "lib_com": "Le Blanc-Mesnil", "insee_com": "93007", "dispositif": "Accompagnement à la rénovation circulaire des bâtiments publics", "thematique": "BTP Construction et aménagement circulaire", "nom_projet": "Le Blanc-Mesnil, ZAC des Tilleuls", "nom_projet_carto": "ZAC des Tilleuls", "description": "Accompagnement du projet de la ZAC des Tilleuls en économie circulaire, au Blanc-Mesnil", "annee": "2026", "deliberation": null, "nom_beneficaire": "Ville du Blanc-Mesnil", "cat_beneficiaire": "Commune", "type_aide": "Accompagnement", "representation_carto": "Zone (surface)", "intermediaire": "Non", "financement_fim": "Non", "trophee_ECS": null, "lib_carto": "Le Blanc-/nMesnil", "competence": "Développement et d’aménagement économique, social et culturel" }, "geometry": { "type": "MultiPolygon", "coordinates": [ [ [ [ 2.479478710790081, 48.919925497121085 ], [ 2.479406301576907, 48.919934175413019 ], [ 2.479176757156111, 48.919963753641923 ], [ 2.478783254401101, 48.920014201223815 ], [ 2.478341920646598, 48.92007163358371 ], [ 2.477028874903232, 48.920239472293574 ], [ 2.476034993142778, 48.919066054301439 ], [ 2.476052969607877, 48.918906958652059 ], [ 2.475128229489972, 48.918594454720996 ], [ 2.474977244122413, 48.918547030107966 ], [ 2.474675228824028, 48.918456676556779 ], [ 2.474603147698322, 48.918432978944629 ], [ 2.474476569415448, 48.918400948650699 ], [ 2.474369048491921, 48.918373498281632 ], [ 2.474345416447018, 48.918416560533387 ], [ 2.47430910438645, 48.918499135911674 ], [ 2.474172023727661, 48.918831271682748 ], [ 2.474132863994632, 48.918925525248504 ], [ 2.474103473654343, 48.918998238721301 ], [ 2.474035106070537, 48.919282114142639 ], [ 2.474023626568348, 48.919337819697965 ], [ 2.473972323018818, 48.919553423922046 ], [ 2.473899577823675, 48.919730264502711 ], [ 2.473655694981378, 48.919963008540613 ], [ 2.47358549525317, 48.920022952496375 ], [ 2.47349120716903, 48.920036027534763 ], [ 2.473350434460061, 48.920057891074102 ], [ 2.473335397470163, 48.920060522844864 ], [ 2.473217739498899, 48.920090581430166 ], [ 2.473201319767947, 48.920095005682569 ], [ 2.473133057454851, 48.920098302686959 ], [ 2.472885678911934, 48.920136783343374 ], [ 2.472867876400511, 48.920143000044483 ], [ 2.472830906845469, 48.920155427434999 ], [ 2.472611881983285, 48.920223708806787 ], [ 2.47226780377854, 48.920243776733358 ], [ 2.472108570531728, 48.920336601320493 ], [ 2.472000043182457, 48.920408066219245 ], [ 2.471917432438054, 48.920480544533248 ], [ 2.471897544201473, 48.920557795700844 ], [ 2.471776666993604, 48.920501506966183 ], [ 2.471737287377317, 48.920482448288148 ], [ 2.471729154984226, 48.920477016700481 ], [ 2.471677677257148, 48.920439918886331 ], [ 2.471643719306758, 48.920424481237475 ], [ 2.471634222406281, 48.920419043625891 ], [ 2.471524262003314, 48.92036280276718 ], [ 2.47081692941849, 48.920007159537846 ], [ 2.470807405245936, 48.920004419605007 ], [ 2.470712383091919, 48.919955438263074 ], [ 2.470580747994784, 48.91988381283722 ], [ 2.470430092480096, 48.919804009589349 ], [ 2.470318815936043, 48.919743265316662 ], [ 2.470306599435433, 48.919736916282929 ], [ 2.470234665001522, 48.919698828086744 ], [ 2.469980894352039, 48.919561013749899 ], [ 2.469879115400357, 48.919505706802497 ], [ 2.46956426502464, 48.919336146142044 ], [ 2.46951948411431, 48.919311667055538 ], [ 2.469476049406872, 48.919288992492177 ], [ 2.469262914888912, 48.919181033061108 ], [ 2.46923986524907, 48.91916654231629 ], [ 2.469109626187611, 48.919092223518504 ], [ 2.469007849078777, 48.919036915807133 ], [ 2.468896539124319, 48.918979767168629 ], [ 2.468739084740321, 48.918898132986499 ], [ 2.468458878299159, 48.918944552580506 ], [ 2.468125355210691, 48.919000627039992 ], [ 2.468210775808945, 48.919054064329949 ], [ 2.468583696425867, 48.919282340042564 ], [ 2.467515163397392, 48.919557275115373 ], [ 2.466645081370526, 48.919773731088554 ], [ 2.466222350530543, 48.919878864030565 ], [ 2.465344052168796, 48.920097072514835 ], [ 2.464190819986069, 48.920377894928265 ], [ 2.461962189967343, 48.920930863052838 ], [ 2.462230313215442, 48.921263005078906 ], [ 2.462137105731801, 48.921303054703429 ], [ 2.462034411336483, 48.921336766639129 ], [ 2.461907117711992, 48.921373965171327 ], [ 2.462000704534863, 48.921429242033554 ], [ 2.461997146446517, 48.922169340381799 ], [ 2.461914716433126, 48.922618614176351 ], [ 2.4621923148993, 48.923091087107807 ], [ 2.462224433208764, 48.92315238279506 ], [ 2.462291343498969, 48.923280381853239 ], [ 2.462311552317559, 48.923305652577753 ], [ 2.462334416023621, 48.923338129507634 ], [ 2.462417869312188, 48.923450015535309 ], [ 2.462421916674043, 48.923454530128282 ], [ 2.462416077344554, 48.923491374695317 ], [ 2.462353533998846, 48.923865197381716 ], [ 2.462388921091442, 48.92387434902254 ], [ 2.462573914412924, 48.923932733220155 ], [ 2.462743860202513, 48.923994646805923 ], [ 2.462160599201508, 48.924179081817691 ], [ 2.462308912990757, 48.924485504757911 ], [ 2.46235701764666, 48.92458464207391 ], [ 2.462618701230346, 48.924881680978707 ], [ 2.462640024726653, 48.924931237320621 ], [ 2.462629942859316, 48.924982451393355 ], [ 2.462628522491872, 48.924987840737714 ], [ 2.462573323681462, 48.925046946036481 ], [ 2.46225597920287, 48.925381855108228 ], [ 2.461916468162772, 48.925880333599366 ], [ 2.461895477342205, 48.925930599298447 ], [ 2.461873010206098, 48.925991649780748 ], [ 2.461879136044606, 48.926059123655527 ], [ 2.461918209384354, 48.926107860496167 ], [ 2.461928987287571, 48.926121398164383 ], [ 2.462012648723726, 48.926213500842238 ], [ 2.462099002629046, 48.926309212677133 ], [ 2.462103050185638, 48.926313727269019 ], [ 2.462564291193091, 48.926714179799255 ], [ 2.462591343508583, 48.926737682513917 ], [ 2.463013368363173, 48.927103784460485 ], [ 2.46302148232074, 48.927111015091086 ], [ 2.462959504601899, 48.927165593663908 ], [ 2.462945727632495, 48.92717812189413 ], [ 2.462908546490749, 48.927210329471151 ], [ 2.462868570911203, 48.927248819496754 ], [ 2.462787338431346, 48.927317700206977 ], [ 2.462471866451367, 48.927602257723272 ], [ 2.462444312039841, 48.927627314059762 ], [ 2.462375463062753, 48.92768635790371 ], [ 2.46232997209971, 48.927730218692268 ], [ 2.462245915775732, 48.927808079175072 ], [ 2.462193610291986, 48.927851010044371 ], [ 2.462182599578651, 48.927859953461983 ], [ 2.462273180810375, 48.927943094019 ], [ 2.462288053354511, 48.927956650003431 ], [ 2.462311039900351, 48.927977436658786 ], [ 2.462393321688024, 48.928071331272577 ], [ 2.462448383533193, 48.928157909456878 ], [ 2.46245107582644, 48.928161518666059 ], [ 2.462503482720988, 48.9282408906437 ], [ 2.462559761039258, 48.928341862744276 ], [ 2.462609299490491, 48.928434711038712 ], [ 2.462646815525928, 48.928502325478284 ], [ 2.462649489276028, 48.928507733164068 ], [ 2.462807492202264, 48.928802506968545 ], [ 2.46281685972701, 48.928820534609763 ], [ 2.46337391847539, 48.929858103986753 ], [ 2.463387325057121, 48.929881545339761 ], [ 2.463403396276884, 48.929911293592689 ], [ 2.463415447385173, 48.929933829590439 ], [ 2.463469018296625, 48.930032990404655 ], [ 2.463478367725498, 48.930052816453447 ], [ 2.463608275808736, 48.930293506086123 ], [ 2.4636257027963, 48.930324159646204 ], [ 2.463685968671567, 48.930435940223781 ], [ 2.463877463828506, 48.930792912293853 ], [ 2.463591295919565, 48.931013754081263 ], [ 2.463534866092785, 48.931059364799516 ], [ 2.463322997963943, 48.931222085251392 ], [ 2.463162025582404, 48.931346364254843 ], [ 2.463001033868168, 48.931472441505164 ], [ 2.462924010100895, 48.931529650283807 ], [ 2.462862101289917, 48.931577034674916 ], [ 2.462680580093852, 48.931708415140164 ], [ 2.46266682971723, 48.931718245570451 ], [ 2.462501806211399, 48.931838009080344 ], [ 2.462342278430024, 48.931954199889141 ], [ 2.46231063646005, 48.931978338486815 ], [ 2.462130477302912, 48.932109724193481 ], [ 2.46198609123434, 48.932213392546181 ], [ 2.46183618012709, 48.932323330865046 ], [ 2.461812801145455, 48.932340312192686 ], [ 2.461675265920831, 48.932441313080609 ], [ 2.461510228531047, 48.932561974382722 ], [ 2.461347948000874, 48.932679950000256 ], [ 2.461276435891548, 48.932731786768457 ], [ 2.46123234168978, 48.932772056121216 ], [ 2.461199268665362, 48.932802482933525 ], [ 2.46108450950222, 48.932812758299775 ], [ 2.460953223010846, 48.932837347689116 ], [ 2.45969635843282, 48.933210284507545 ], [ 2.459552496939674, 48.933262693319342 ], [ 2.459469895158871, 48.933330666006299 ], [ 2.459391182177486, 48.933418440311144 ], [ 2.459279758830507, 48.933501570588554 ], [ 2.459161594914183, 48.93357657683039 ], [ 2.459072420219275, 48.93362023903974 ], [ 2.459017432635366, 48.933657760552265 ], [ 2.458958322297017, 48.933697961263164 ], [ 2.45868886098728, 48.933883794471249 ], [ 2.458480192065562, 48.933998858746349 ], [ 2.458326117574887, 48.934114169408659 ], [ 2.458225909799253, 48.934168572448691 ], [ 2.458023016788998, 48.934253086553895 ], [ 2.457946123976319, 48.93429680344714 ], [ 2.457851834207339, 48.934307168298275 ], [ 2.457783421059148, 48.934323045817138 ], [ 2.457693122763899, 48.934343320662627 ], [ 2.457559026015023, 48.934375087833764 ], [ 2.457537093997388, 48.934383981350152 ], [ 2.457437006797785, 48.934426693651858 ], [ 2.457464787992602, 48.934511351565085 ], [ 2.457492522389852, 48.934600505643409 ], [ 2.457493465295226, 48.934640977424657 ], [ 2.45749337151933, 48.934649969780658 ], [ 2.45751604028189, 48.934701331236425 ], [ 2.457561359188408, 48.934805852598707 ], [ 2.457659849500162, 48.935047304770364 ], [ 2.457614822354762, 48.935176596991624 ], [ 2.457639203261182, 48.935194692875712 ], [ 2.457931766091072, 48.935412742309303 ], [ 2.457941254926344, 48.935419080166582 ], [ 2.457990007841377, 48.935456171023525 ], [ 2.458029300070682, 48.935484226305412 ], [ 2.457823128186543, 48.935620883246521 ], [ 2.457800386201415, 48.935838405430623 ], [ 2.457445172058628, 48.93599956710429 ], [ 2.457373857855133, 48.936031618226998 ], [ 2.457367005044792, 48.936034285032193 ], [ 2.457206538365099, 48.936107299124671 ], [ 2.457029607507027, 48.936188331904951 ], [ 2.456667545091095, 48.936351258772319 ], [ 2.456663431479538, 48.936353038677552 ], [ 2.456618832807271, 48.936440965603197 ], [ 2.456176173245946, 48.936870610630578 ], [ 2.45552918529303, 48.937519648459592 ], [ 2.455122572504381, 48.937764202224415 ], [ 2.455073612231361, 48.937746893402817 ], [ 2.454951921834813, 48.937766124148951 ], [ 2.4543727623956, 48.937932552874145 ], [ 2.453896294315304, 48.938068871354353 ], [ 2.453762171995919, 48.938231928315545 ], [ 2.453507310311844, 48.938583282447262 ], [ 2.453268410875274, 48.938714386398551 ], [ 2.452671133361058, 48.939044392202796 ], [ 2.452269546616166, 48.939198132271969 ], [ 2.45206387432019, 48.939154926325926 ], [ 2.451793696051857, 48.939144698178396 ], [ 2.451125748273256, 48.939184806537867 ], [ 2.450932920324975, 48.939218095819832 ], [ 2.450685377466975, 48.939261925348063 ], [ 2.450446043307167, 48.93930399345205 ], [ 2.450202952237461, 48.939443165509893 ], [ 2.449705180247716, 48.939526312331594 ], [ 2.449404551169436, 48.939555507086908 ], [ 2.449289784299834, 48.939564871864128 ], [ 2.449090271490759, 48.939584638349125 ], [ 2.448952270471036, 48.939596593836761 ], [ 2.448788295761207, 48.939612026821749 ], [ 2.448602451919799, 48.939630056805072 ], [ 2.448388018651408, 48.93964076073766 ], [ 2.448237903762488, 48.939636472711484 ], [ 2.448127489178399, 48.93962157599654 ], [ 2.448038991420843, 48.939599585909896 ], [ 2.44780073227088, 48.939540035645507 ], [ 2.447633321197603, 48.939493401262155 ], [ 2.447490566791538, 48.939438786826372 ], [ 2.447265014623568, 48.93933972595773 ], [ 2.447212055986569, 48.93931340275703 ], [ 2.447060110627989, 48.93922457295551 ], [ 2.446880865503432, 48.939135616975776 ], [ 2.446766864212333, 48.93907304085733 ], [ 2.446728417020706, 48.93896584963823 ], [ 2.44670283573658, 48.938932458367006 ], [ 2.446670592057875, 48.938883748651584 ], [ 2.446553118439093, 48.938762703376717 ], [ 2.446360981842446, 48.938602644271185 ], [ 2.446104050082312, 48.938502536890709 ], [ 2.446055187875635, 48.938476232082159 ], [ 2.446010401553251, 48.938451744643103 ], [ 2.445975112777541, 48.938432696742112 ], [ 2.445804996076431, 48.938384248675362 ], [ 2.445612991884442, 48.938340195508722 ], [ 2.444804621629458, 48.937980340475299 ], [ 2.444660566963403, 48.937920320878597 ], [ 2.444398374018625, 48.937802199842046 ], [ 2.444340217833723, 48.937751570762373 ], [ 2.444257357691797, 48.937713416981538 ], [ 2.444069923111552, 48.937625317931868 ], [ 2.443838877363425, 48.937530721285931 ], [ 2.44352681829422, 48.937480711922163 ], [ 2.443053828266045, 48.93741736416758 ], [ 2.442921638164239, 48.937396965749059 ], [ 2.442519878448444, 48.937310565720352 ], [ 2.440353178550752, 48.936458744569563 ], [ 2.4396997298684, 48.936295620107295 ], [ 2.438910257393205, 48.936088689969992 ], [ 2.438801122921874, 48.936841773996406 ], [ 2.438797995268303, 48.936878629737222 ], [ 2.43878629952676, 48.936950517185593 ], [ 2.438686764798708, 48.937699149087408 ], [ 2.438030075593835, 48.937708661789536 ], [ 2.435966983400853, 48.937755625412777 ], [ 2.435950593929969, 48.937756447562563 ], [ 2.435644673304777, 48.937770295228447 ], [ 2.435524399199708, 48.937784117288949 ], [ 2.434677934196845, 48.937922213643439 ], [ 2.43355523845979, 48.93810486202549 ], [ 2.432986296885524, 48.938203790207282 ], [ 2.432838093819102, 48.938275031178378 ], [ 2.432458608266737, 48.938400032944521 ], [ 2.432135399876064, 48.93849652328344 ], [ 2.43186097682634, 48.938500618485456 ], [ 2.431554038587124, 48.93860707642088 ], [ 2.431306020258938, 48.938693129768318 ], [ 2.4311895428798, 48.938733943799726 ], [ 2.431319942574285, 48.938918014994449 ], [ 2.430999321162053, 48.939027104394199 ], [ 2.431097649005404, 48.939148074179052 ], [ 2.431312600354546, 48.939464740186757 ], [ 2.431377040068858, 48.939563966274029 ], [ 2.431632444689704, 48.939926686533546 ], [ 2.431785769720487, 48.940136944691986 ], [ 2.431826278877447, 48.940177604116961 ], [ 2.431906845618881, 48.940300287448778 ], [ 2.431957450464652, 48.940416533796771 ], [ 2.430901359989305, 48.940245158329283 ], [ 2.430928346006538, 48.940274063268397 ], [ 2.431063256871488, 48.940420386318571 ], [ 2.431110463068388, 48.940472768342794 ], [ 2.431357238964155, 48.940750916065809 ], [ 2.431566188839999, 48.940992912829202 ], [ 2.432029888336991, 48.941533776381497 ], [ 2.432375433285932, 48.942019222665152 ], [ 2.432666643710462, 48.942355131145305 ], [ 2.432885093215005, 48.942603465064451 ], [ 2.433006433169106, 48.942743426438113 ], [ 2.433205989911548, 48.942971886295531 ], [ 2.433335463509597, 48.943117281376246 ], [ 2.43393876172269, 48.943755018281145 ], [ 2.433977900459741, 48.943796569622116 ], [ 2.434513631428065, 48.944371934348162 ], [ 2.435138352077611, 48.945051131863984 ], [ 2.435182865538129, 48.945100801518407 ], [ 2.435609087423458, 48.945579422550836 ], [ 2.435718330588502, 48.945703136902146 ], [ 2.435804648951768, 48.945800664401837 ], [ 2.436054137368122, 48.946085108499936 ], [ 2.436709470791615, 48.946840878475797 ], [ 2.437166576272146, 48.947369997242284 ], [ 2.437382308671555, 48.947621006659183 ], [ 2.437460509992167, 48.947712199787674 ], [ 2.437533270074787, 48.947801568789579 ], [ 2.437804543748836, 48.948093304983772 ], [ 2.437870673088954, 48.948164657282199 ], [ 2.438347032248927, 48.948683069849842 ], [ 2.438880111926082, 48.949260198100227 ], [ 2.439400770389209, 48.949850754535667 ], [ 2.439732583519437, 48.950228199097936 ], [ 2.440013168258361, 48.950545152484644 ], [ 2.441178720369446, 48.951860820841084 ], [ 2.442472548467493, 48.953316458422911 ], [ 2.44276188791035, 48.953201798518023 ], [ 2.4428701192492, 48.953168129474363 ], [ 2.443310160829596, 48.953644085323063 ], [ 2.443437064315723, 48.95377956396662 ], [ 2.443443823938895, 48.953785890187014 ], [ 2.443476208563065, 48.953822011037339 ], [ 2.443935155831794, 48.954318735045078 ], [ 2.444047937087061, 48.954370516022188 ], [ 2.444380820528815, 48.954525832992324 ], [ 2.444576480259005, 48.954616665777863 ], [ 2.444678377836623, 48.954664798673875 ], [ 2.44475582281018, 48.95470112783449 ], [ 2.444803382184773, 48.95472293036439 ], [ 2.444844143280473, 48.954742003610839 ], [ 2.444848210751799, 48.954744720230757 ], [ 2.444941964273187, 48.954788318875089 ], [ 2.445034371719097, 48.954830112688846 ], [ 2.445081189633248, 48.954793459631034 ], [ 2.445323266535185, 48.954885405246031 ], [ 2.446097884369493, 48.954593129011975 ], [ 2.446495387571104, 48.954451082746075 ], [ 2.44651143757852, 48.954482631021776 ], [ 2.446725235432741, 48.954922457717863 ], [ 2.44683858757669, 48.954792587734119 ], [ 2.446873954724563, 48.954805340565848 ], [ 2.447763677191469, 48.95511698933371 ], [ 2.447532917436199, 48.955373115104351 ], [ 2.447306309094694, 48.955623863948539 ], [ 2.447383843338273, 48.955652098423961 ], [ 2.447517370613079, 48.955679691604985 ], [ 2.447486298865602, 48.955776668641384 ], [ 2.448013029410651, 48.95593916316097 ], [ 2.448572420134824, 48.955468725721964 ], [ 2.448912067045582, 48.955245471929018 ], [ 2.449226247519653, 48.955105731494022 ], [ 2.450041510643826, 48.954970987433555 ], [ 2.450306698798065, 48.954944326399399 ], [ 2.450649003661378, 48.954985462756497 ], [ 2.451053843646488, 48.955052963041879 ], [ 2.451466535810914, 48.955152871285456 ], [ 2.451646536205505, 48.955176176171641 ], [ 2.452628542665, 48.955285876837159 ], [ 2.452895591580061, 48.955341950605252 ], [ 2.45318914616885, 48.955474581842822 ], [ 2.453836258699394, 48.955617815963748 ], [ 2.454175839890123, 48.955658929786765 ], [ 2.45587853604342, 48.955668467357022 ], [ 2.45674908214013, 48.955730866731351 ], [ 2.456909215574727, 48.95569562173791 ], [ 2.456957184752389, 48.955678753053583 ], [ 2.457028357147091, 48.95566288868806 ], [ 2.457548391076299, 48.955553734218313 ], [ 2.457659236084005, 48.95553085487191 ], [ 2.458253741383282, 48.955350992577607 ], [ 2.458368813097022, 48.955315542021715 ], [ 2.458793437930037, 48.955188865156522 ], [ 2.45901119727987, 48.955126899625789 ], [ 2.459019408602413, 48.955125138153292 ], [ 2.459183644288462, 48.955089009365921 ], [ 2.459488566137891, 48.955049018347566 ], [ 2.460080877295995, 48.954684788562723 ], [ 2.460198319830752, 48.954552226710412 ], [ 2.460466383537709, 48.954247684422789 ], [ 2.46060031161268, 48.954105304437462 ], [ 2.460677604524605, 48.954025617859202 ], [ 2.460797709588625, 48.953899362160527 ], [ 2.46081981710285, 48.953874282252201 ], [ 2.460978739865992, 48.953691547419041 ], [ 2.461683520953969, 48.953540040797208 ], [ 2.461981856024077, 48.953475733782845 ], [ 2.461987326897172, 48.953474859070575 ], [ 2.463087275032747, 48.953269362541626 ], [ 2.463499724019381, 48.953261316964252 ], [ 2.463864458505422, 48.953245862517669 ], [ 2.46393549568933, 48.953242583104377 ], [ 2.464170499696025, 48.953228346144456 ], [ 2.4644466596251, 48.953195408065611 ], [ 2.464813045637743, 48.953152080990236 ], [ 2.46520256857328, 48.953116050097812 ], [ 2.465313275577236, 48.953105752714862 ], [ 2.46552522419564, 48.953076122827348 ], [ 2.466001189857036, 48.95299910860583 ], [ 2.466084653477274, 48.952982394334796 ], [ 2.467504800107914, 48.952707241075323 ], [ 2.468655899514237, 48.952436274505175 ], [ 2.468787305324744, 48.952404483352211 ], [ 2.469572510811116, 48.952262279289315 ], [ 2.469714774320862, 48.952236829991868 ], [ 2.469843356587963, 48.95221401781648 ], [ 2.470111626907686, 48.95215045688748 ], [ 2.470627648635369, 48.952026839679093 ], [ 2.47098625906661, 48.951941194079041 ], [ 2.472349508596526, 48.951616272891371 ], [ 2.472281536750436, 48.951452307892211 ], [ 2.472201587600281, 48.951257715156977 ], [ 2.472009799724183, 48.950782059687917 ], [ 2.471711403014579, 48.950048744460517 ], [ 2.471576824030214, 48.949721718438667 ], [ 2.471559687380505, 48.949661392189306 ], [ 2.47155348752805, 48.949465325196527 ], [ 2.471548132184113, 48.949320519980311 ], [ 2.471517809991053, 48.948273641670454 ], [ 2.471514664532617, 48.948180104177972 ], [ 2.471509428218813, 48.94802360885523 ], [ 2.471502000572201, 48.947814047157188 ], [ 2.471481795983749, 48.947115228186505 ], [ 2.471726021110983, 48.946996702193815 ], [ 2.472375001234523, 48.946681219853758 ], [ 2.473140589966496, 48.946309592658331 ], [ 2.473379337615293, 48.946191938435874 ], [ 2.473472626560721, 48.946147384852573 ], [ 2.474087291993365, 48.945847929179124 ], [ 2.474549792852355, 48.945879633134872 ], [ 2.47482128496423, 48.945898808181319 ], [ 2.475377939890443, 48.945935417719333 ], [ 2.475717654206335, 48.945687806876492 ], [ 2.47580705312691, 48.945622551303337 ], [ 2.476192149425098, 48.945341864593878 ], [ 2.47649995314968, 48.944872892070848 ], [ 2.47653847651782, 48.944843384451026 ], [ 2.476542599170696, 48.944840704649167 ], [ 2.476561847261579, 48.944827299676462 ], [ 2.476586601256229, 48.94480942240066 ], [ 2.476659497972827, 48.944755784580892 ], [ 2.476701989994745, 48.944738883986325 ], [ 2.476752700114589, 48.944719321443792 ], [ 2.476858251908123, 48.944676617251432 ], [ 2.477192825064233, 48.944531496159406 ], [ 2.477212136142323, 48.94451179647627 ], [ 2.477325190663689, 48.944401679460711 ], [ 2.47750145839602, 48.944386261060608 ], [ 2.478253006663129, 48.944318492291373 ], [ 2.479296742442216, 48.94301998998985 ], [ 2.479298125566479, 48.943018197459139 ], [ 2.479382432961633, 48.942915147662994 ], [ 2.479616266235618, 48.942739906180478 ], [ 2.478626986038664, 48.941875905251607 ], [ 2.478463225734637, 48.941734007391595 ], [ 2.478262951851105, 48.94155777807552 ], [ 2.47823180754559, 48.941532462932464 ], [ 2.477590358735596, 48.940972121046897 ], [ 2.477540293868202, 48.940927838548255 ], [ 2.477243947404118, 48.940667556331618 ], [ 2.476597086873317, 48.940104487170352 ], [ 2.476549735672311, 48.940062014608742 ], [ 2.476422535035211, 48.939950848579265 ], [ 2.476126163504529, 48.939694160294771 ], [ 2.476507298623689, 48.939531258621606 ], [ 2.476559404963124, 48.939508105095975 ], [ 2.476697860764845, 48.939450256937903 ], [ 2.476814403510939, 48.939399507152906 ], [ 2.476822629836324, 48.939395945969189 ], [ 2.476932311053004, 48.939348763209068 ], [ 2.477228439403195, 48.939222358401793 ], [ 2.477286023262702, 48.939197429900716 ], [ 2.477641098429846, 48.93904610147613 ], [ 2.477763126490926, 48.938992676844073 ], [ 2.477891988390791, 48.93893838258132 ], [ 2.478318356126077, 48.938755888099806 ], [ 2.478417060482772, 48.938714051826992 ], [ 2.478484243330956, 48.938684668148518 ], [ 2.478495208456309, 48.938680219492127 ], [ 2.479115086984899, 48.938530038510748 ], [ 2.479458557397841, 48.938446099711442 ], [ 2.479503710370769, 48.938435504519909 ], [ 2.479808860683895, 48.938361290307753 ], [ 2.480060640465205, 48.938300332912398 ], [ 2.480198837557878, 48.93826765920673 ], [ 2.480382196070257, 48.938223490581791 ], [ 2.480408202817839, 48.938216409137553 ], [ 2.480508098835838, 48.938191662492983 ], [ 2.480562824285054, 48.938179309843591 ], [ 2.481288064053112, 48.938002595965237 ], [ 2.481435832426401, 48.937968163705342 ], [ 2.48162604064844, 48.937921324988856 ], [ 2.48178341721585, 48.937881538212729 ], [ 2.481973633763162, 48.937833799706112 ], [ 2.482302053315995, 48.93775248551443 ], [ 2.482430683729465, 48.937720667183569 ], [ 2.482812488029727, 48.937624294452547 ], [ 2.48337080153937, 48.93748551631225 ], [ 2.483052708867807, 48.936940084052395 ], [ 2.483047338387073, 48.936931068147196 ], [ 2.483037908772754, 48.936918437637118 ], [ 2.48300980763243, 48.936861662151969 ], [ 2.483001734061231, 48.936849936761597 ], [ 2.482968226795075, 48.936787742297433 ], [ 2.482940045358568, 48.936739059911332 ], [ 2.482894459246123, 48.936656129998759 ], [ 2.48288104212873, 48.936632690975614 ], [ 2.48286764290207, 48.936607453478615 ], [ 2.482698672473521, 48.936303668769106 ], [ 2.482669171322123, 48.936250484225333 ], [ 2.48264772573324, 48.936210823565958 ], [ 2.482645058451581, 48.93620451712885 ], [ 2.482582015280055, 48.936092734899901 ], [ 2.482842745373918, 48.936091162378169 ], [ 2.483354901007225, 48.93606279582864 ], [ 2.483775471437425, 48.93604752178355 ], [ 2.483883408563363, 48.936037195332773 ], [ 2.483994164717978, 48.93601788817282 ], [ 2.484234982024413, 48.935959572574227 ], [ 2.483924668757953, 48.935317952862484 ], [ 2.483606459375804, 48.934647521078809 ], [ 2.483154249497953, 48.934001689947117 ], [ 2.483114542783831, 48.934014108579497 ], [ 2.48177504520136, 48.934063179994901 ], [ 2.481670005699859, 48.933783050676475 ], [ 2.481611319164337, 48.933508517354646 ], [ 2.481618932030654, 48.933429413890899 ], [ 2.481678388833283, 48.933215643048797 ], [ 2.481823501858227, 48.93276123610385 ], [ 2.481908396584681, 48.932597035290442 ], [ 2.481971851096247, 48.932529863743156 ], [ 2.482189304586117, 48.932349149324338 ], [ 2.482370644539145, 48.932231227985234 ], [ 2.482406362917834, 48.932208001020967 ], [ 2.482205736449328, 48.932069544803802 ], [ 2.481000391684212, 48.932084115118464 ], [ 2.480963146048692, 48.931029099758653 ], [ 2.480967760795095, 48.930976961546726 ], [ 2.480651826058867, 48.930768758560596 ], [ 2.479809245543858, 48.930542082813801 ], [ 2.479293681163685, 48.93037077919206 ], [ 2.479867179427392, 48.929661939041807 ], [ 2.480077383215973, 48.929386772061811 ], [ 2.480107578718124, 48.929369816729185 ], [ 2.480167960678654, 48.929336805282141 ], [ 2.48029926518162, 48.929308597798148 ], [ 2.480495557276539, 48.929196139519341 ], [ 2.480891766623005, 48.929018000286305 ], [ 2.481137429469513, 48.928881474202079 ], [ 2.481407799860356, 48.928730666028855 ], [ 2.481424721158266, 48.928539192355785 ], [ 2.481454323331955, 48.928033924247707 ], [ 2.481468605874487, 48.927422474314113 ], [ 2.481456047214756, 48.927039325677761 ], [ 2.481405938313828, 48.926452776458596 ], [ 2.481378003685841, 48.926243122596183 ], [ 2.481343765813065, 48.92598128296644 ], [ 2.481262695386192, 48.925489023896567 ], [ 2.481168761832348, 48.925055162322288 ], [ 2.481081977367562, 48.924725648459074 ], [ 2.48107805384286, 48.924708545062565 ], [ 2.481030693708936, 48.924531180893986 ], [ 2.481032386138585, 48.924087840800986 ], [ 2.48103282561377, 48.924043777737609 ], [ 2.481032751156085, 48.923777589006519 ], [ 2.48103452833617, 48.923736229580193 ], [ 2.481035628773365, 48.923352239451475 ], [ 2.480912649807737, 48.922957819577462 ], [ 2.480854618239747, 48.922892819571423 ], [ 2.480835890777174, 48.922854968417347 ], [ 2.480748591625372, 48.922577609995322 ], [ 2.480567774960589, 48.922235996720737 ], [ 2.480511279775272, 48.922153916713768 ], [ 2.480393567990194, 48.921915994603971 ], [ 2.480253647770322, 48.921579054406756 ], [ 2.480247327975538, 48.921528666911009 ], [ 2.480253010748627, 48.921506209381498 ], [ 2.47989443740076, 48.920791518420195 ], [ 2.479861150925339, 48.920708639440875 ], [ 2.479655328787432, 48.920276087480673 ], [ 2.479560750005807, 48.920045458875236 ], [ 2.479513441621716, 48.920000288948977 ], [ 2.479478710790081, 48.919925497121085 ] ] ] ] } },
{ "type": "Feature", "properties": { "id_projet": "ecs-2026-04", "lib_com": "Paris", "insee_com": "75056", "dispositif": "Accompagnement à la rénovation circulaire des bâtiments publics", "thematique": "BTP Construction et aménagement circulaire", "nom_projet": "Paris, SLA 19", "nom_projet_carto": "SLA 19", "description": "Accompagnement d'un projet de rénovation d'école de la SLA 19 en économie circulaire, à Paris", "annee": "2026", "deliberation": null, "nom_beneficaire": "XIXème arrondissement de Paris", "cat_beneficiaire": "Commune", "type_aide": "Accompagnement", "representation_carto": "Zone (surface)", "intermediaire": "Non", "financement_fim": "Non", "trophee_ECS": null, "lib_carto": "Paris", "competence": "Développement et d’aménagement économique, social et culturel" }, "geometry": { "type": "MultiPolygon", "coordinates": [ [ [ [ 2.335171130235882, 48.901147241479613 ], [ 2.335273407514963, 48.901149607802758 ], [ 2.335547514800855, 48.901155625387133 ], [ 2.335641619568376, 48.901157046739662 ], [ 2.33617210231542, 48.901168981315784 ], [ 2.336718953357932, 48.901181004189645 ], [ 2.336791234132827, 48.901182303775137 ], [ 2.337239911460498, 48.901191082653114 ], [ 2.33740901370817, 48.901194716235082 ], [ 2.337509927177314, 48.901197073102281 ], [ 2.337542651851239, 48.901198153427089 ], [ 2.337699455215793, 48.90120351720374 ], [ 2.337838572298443, 48.901205185730454 ], [ 2.337938121802098, 48.901207534695743 ], [ 2.338615906773837, 48.90122117192697 ], [ 2.338656815520173, 48.901222297140599 ], [ 2.339771003032622, 48.901244631983104 ], [ 2.339953768500651, 48.901246538656203 ], [ 2.340031516874216, 48.901246967101102 ], [ 2.340720226352346, 48.90125975329908 ], [ 2.340746131097112, 48.901260795206952 ], [ 2.340814297287777, 48.901263868346646 ], [ 2.341382974518393, 48.90127599003808 ], [ 2.34216033386627, 48.901290154723526 ], [ 2.342325356115516, 48.90129285963495 ], [ 2.343207699250373, 48.901311191220103 ], [ 2.343269090987228, 48.901310628549346 ], [ 2.343363207588415, 48.90131114458152 ], [ 2.343755951427352, 48.90132049168308 ], [ 2.343792768335564, 48.901321592721168 ], [ 2.343914131142865, 48.90132495554333 ], [ 2.344055965436121, 48.901327531045389 ], [ 2.34410916179737, 48.901327822375343 ], [ 2.344128257927194, 48.901327926949563 ], [ 2.344505997924759, 48.901337189426322 ], [ 2.344984697418347, 48.901345204266981 ], [ 2.34517697756419, 48.901349852947597 ], [ 2.345415645397359, 48.901353855538765 ], [ 2.34571429581239, 48.901360883292121 ], [ 2.346634833599941, 48.901379398262485 ], [ 2.347714950134089, 48.901399674667331 ], [ 2.348077709681768, 48.901407045655773 ], [ 2.348300009855397, 48.901410953403989 ], [ 2.351919438674256, 48.901483652585455 ], [ 2.351983536160428, 48.901484898717442 ], [ 2.352419942516375, 48.901493554306143 ], [ 2.352490860100926, 48.901494837041668 ], [ 2.352604050967088, 48.901497247558211 ], [ 2.352848176106213, 48.901501264829832 ], [ 2.352983191245182, 48.901503792908812 ], [ 2.353155023634652, 48.901507418995607 ], [ 2.353314579909617, 48.90151097855275 ], [ 2.353505508562931, 48.901514707243187 ], [ 2.353669156931066, 48.901518288415915 ], [ 2.353749622689757, 48.901519621931492 ], [ 2.353806900185464, 48.901520830287929 ], [ 2.35390099494807, 48.901523136547674 ], [ 2.354021017179394, 48.901524683261641 ], [ 2.354078283528921, 48.901526790742402 ], [ 2.354153304404188, 48.901527195307871 ], [ 2.354259675337649, 48.901529567482946 ], [ 2.354411047659315, 48.901533081454495 ], [ 2.354513337718506, 48.901534532092924 ], [ 2.354638804910826, 48.901537006846688 ], [ 2.354835189819927, 48.901540762816389 ], [ 2.354979742130544, 48.901544239331258 ], [ 2.355047931814116, 48.901545505860852 ], [ 2.355238871856176, 48.901548332533835 ], [ 2.355527976592667, 48.90155528441462 ], [ 2.355788459304857, 48.901560283022015 ], [ 2.356046225156755, 48.90156436714112 ], [ 2.356261695392359, 48.901569122697055 ], [ 2.356448532417543, 48.90157282470188 ], [ 2.356621729293644, 48.901576453144038 ], [ 2.356865844004007, 48.901581361480766 ], [ 2.357044497008982, 48.901585018609133 ], [ 2.357214965931256, 48.901588631548627 ], [ 2.357403167112322, 48.901592339384656 ], [ 2.357641825897836, 48.901597216866442 ], [ 2.357731840008278, 48.901598598915243 ], [ 2.358409624151637, 48.901613023383703 ], [ 2.35843417648961, 48.90161315490419 ], [ 2.358518734573329, 48.90161450713525 ], [ 2.358573284246299, 48.901615698601013 ], [ 2.358702843883926, 48.901618191012155 ], [ 2.3588064871724, 48.901620544541956 ], [ 2.358895126260151, 48.901622817668674 ], [ 2.358972875349337, 48.901623233817844 ], [ 2.359038326122735, 48.9016253827292 ], [ 2.359086055722877, 48.901626537462825 ], [ 2.359120156203542, 48.901626719936218 ], [ 2.359158337671853, 48.901627823549461 ], [ 2.359291989425712, 48.901630337218158 ], [ 2.35940381688157, 48.9016327340115 ], [ 2.359457013639583, 48.90163301852467 ], [ 2.361150806042094, 48.901668145203679 ], [ 2.36229364613247, 48.901691322557028 ], [ 2.362408212914534, 48.901692831815517 ], [ 2.363601511934121, 48.901717164601159 ], [ 2.363766525654217, 48.901720739224601 ], [ 2.364009288677851, 48.901724726500554 ], [ 2.365340322639594, 48.901752471196481 ], [ 2.365619903608482, 48.901757549610579 ], [ 2.366177668838696, 48.901770395027675 ], [ 2.366369952440561, 48.901775009683469 ], [ 2.366830905114833, 48.901784641905351 ], [ 2.367666877395987, 48.901803447368962 ], [ 2.367964169356938, 48.901810412438046 ], [ 2.36831057722793, 48.901816736510803 ], [ 2.368749728027094, 48.901824447729986 ], [ 2.368883380747902, 48.901826950695408 ], [ 2.368937974485929, 48.901824540419362 ], [ 2.369021212759209, 48.901822281027542 ], [ 2.369103054303868, 48.901822712158655 ], [ 2.369767182472126, 48.901838799011848 ], [ 2.369937663990351, 48.901841494587302 ], [ 2.369979948807782, 48.90184171702181 ], [ 2.370007218452391, 48.90184275977537 ], [ 2.370301804653317, 48.901847906181665 ], [ 2.370535009708819, 48.901852729285601 ], [ 2.370961863164969, 48.901862166385143 ], [ 2.371646474533445, 48.901876551763017 ], [ 2.37184149791834, 48.901880272691066 ], [ 2.371846954028905, 48.901880301306399 ], [ 2.371864675537415, 48.901881293560017 ], [ 2.372017414094196, 48.901884792432497 ], [ 2.372073339233641, 48.901885085645795 ], [ 2.372163343377751, 48.901887356103835 ], [ 2.372582024082345, 48.901895845272101 ], [ 2.372706118136581, 48.901899193208784 ], [ 2.373859880662741, 48.901922317346951 ], [ 2.375345017135831, 48.901954353568641 ], [ 2.376564233996425, 48.901979591618904 ], [ 2.376618784463551, 48.901980774865535 ], [ 2.377349765264714, 48.901996268270935 ], [ 2.377416592050434, 48.901997514973779 ], [ 2.377807993861652, 48.902005844062685 ], [ 2.378071209021053, 48.902010808378918 ], [ 2.378709447205109, 48.902024912555433 ], [ 2.378720359464076, 48.902024969160159 ], [ 2.379775917060789, 48.902047526829193 ], [ 2.379856384301887, 48.902048842804959 ], [ 2.380268247390567, 48.902057269790845 ], [ 2.380350078692644, 48.902058592492835 ], [ 2.380371892524332, 48.902059604658376 ], [ 2.380427807195331, 48.902060793226838 ], [ 2.380616001028826, 48.902065363842482 ], [ 2.380817856626233, 48.902068206167314 ], [ 2.3809733244, 48.902071707721596 ], [ 2.381018326826202, 48.902072839614924 ], [ 2.381378356992869, 48.902080994896593 ], [ 2.381720665505001, 48.902088158303435 ], [ 2.381837951110512, 48.902090562315067 ], [ 2.382005706007042, 48.90209322663258 ], [ 2.382113443394347, 48.902095581107304 ], [ 2.382226626258509, 48.902098862883797 ], [ 2.382608492020509, 48.902106227778901 ], [ 2.382791240731128, 48.902109867595158 ], [ 2.382960349114634, 48.902113436860965 ], [ 2.383043533950848, 48.902115664006217 ], [ 2.383121273309046, 48.902116963735857 ], [ 2.383238559044115, 48.902119366375914 ], [ 2.38334493250573, 48.902121712718767 ], [ 2.383385842920003, 48.902122822653844 ], [ 2.383565863671847, 48.902126447243297 ], [ 2.383624527854534, 48.902125849847373 ], [ 2.383840066784666, 48.902125160249298 ], [ 2.384530045616337, 48.902147593358407 ], [ 2.384871915446143, 48.902076505440185 ], [ 2.385053788837778, 48.902038768999773 ], [ 2.385436663122644, 48.901960695504691 ], [ 2.385581611347943, 48.901930862589026 ], [ 2.388185332320258, 48.90138212175605 ], [ 2.389265395555089, 48.901175396644831 ], [ 2.389332400904479, 48.901161349320645 ], [ 2.389418534011639, 48.901144701539103 ], [ 2.390648764868562, 48.900927038368962 ], [ 2.390837239618766, 48.900907312964584 ], [ 2.391007512366607, 48.900811053232751 ], [ 2.39107744463727, 48.90077993289507 ], [ 2.391132383335479, 48.900747836982504 ], [ 2.391196964614367, 48.900707696254777 ], [ 2.391249196196808, 48.900673787903202 ], [ 2.39133010320764, 48.90063732732699 ], [ 2.391379606639099, 48.900603405052451 ], [ 2.391441406994441, 48.900567746616382 ], [ 2.391492232236025, 48.900537428257152 ], [ 2.391672092544934, 48.90043761902448 ], [ 2.3917723049084, 48.90038326996315 ], [ 2.391967367584054, 48.900266450554867 ], [ 2.392198039985451, 48.900137221172812 ], [ 2.392379314021242, 48.90003292146951 ], [ 2.3924465794339, 48.89999639091716 ], [ 2.392637421313149, 48.899890340726031 ], [ 2.392723865964705, 48.899846712778235 ], [ 2.392789745940771, 48.899811973628928 ], [ 2.39343385155966, 48.899437526313058 ], [ 2.393878739782337, 48.899185273228603 ], [ 2.394390875859686, 48.898897386012258 ], [ 2.394629782616, 48.898762797606949 ], [ 2.39505542823846, 48.898522133856886 ], [ 2.39551809460183, 48.898264568471149 ], [ 2.395610584956598, 48.898169708056692 ], [ 2.395613354583406, 48.898166124780452 ], [ 2.395669185473697, 48.898056690289359 ], [ 2.395713634991735, 48.897987667442607 ], [ 2.39571642547791, 48.89798228564176 ], [ 2.395761000117235, 48.897902471642297 ], [ 2.395786062202647, 48.897858531722477 ], [ 2.395794454489601, 48.897840587790881 ], [ 2.395838966272525, 48.897766169318025 ], [ 2.395840361503268, 48.897763478415605 ], [ 2.395866808247499, 48.897717746831816 ], [ 2.39590580153408, 48.897648696371121 ], [ 2.395932258596785, 48.897602065506909 ], [ 2.395962901268385, 48.89754736192188 ], [ 2.395964379956462, 48.89753747692793 ], [ 2.395985193446681, 48.89750700523259 ], [ 2.396015721245966, 48.897462193503173 ], [ 2.396539383644063, 48.896530445858595 ], [ 2.396700898365535, 48.89624617686043 ], [ 2.396703678235644, 48.89624169429036 ], [ 2.396738494301982, 48.896179816952134 ], [ 2.396806731051419, 48.896058753152687 ], [ 2.396919496928808, 48.895861471771859 ], [ 2.396943120266673, 48.895823819498531 ], [ 2.397007087405705, 48.895718022408651 ], [ 2.397044568009203, 48.895661554263434 ], [ 2.39719202218758, 48.895413186229725 ], [ 2.397390853554831, 48.895085936727469 ], [ 2.397609202840062, 48.89472191303625 ], [ 2.397667826349162, 48.894606196143954 ], [ 2.397770121226809, 48.894252380029876 ], [ 2.397882252664049, 48.893873432313917 ], [ 2.397999442600821, 48.893528683843947 ], [ 2.398236114786816, 48.892640448596261 ], [ 2.398769474282695, 48.890270725272352 ], [ 2.398772315958186, 48.890260847025381 ], [ 2.398903121545698, 48.889680543151641 ], [ 2.398941654577953, 48.889532348767588 ], [ 2.399111305942041, 48.888658161415044 ], [ 2.399119799374466, 48.888631224412109 ], [ 2.399135941386649, 48.888532380117411 ], [ 2.399139498914749, 48.888460452292485 ], [ 2.399169562774805, 48.887627831601051 ], [ 2.399171860301647, 48.887546904176567 ], [ 2.399174313465041, 48.887452487699981 ], [ 2.399183788008383, 48.887222308833813 ], [ 2.399189611731324, 48.887072151271887 ], [ 2.399196286232862, 48.88684825353171 ], [ 2.399202078751087, 48.886700793729169 ], [ 2.399208130623514, 48.886530852144155 ], [ 2.399206829247257, 48.886525449678821 ], [ 2.399215712086219, 48.886346529044403 ], [ 2.399220265375465, 48.886188271082034 ], [ 2.399224082004894, 48.886093861329805 ], [ 2.399227597744506, 48.886025530426309 ], [ 2.399232171719419, 48.885865473875171 ], [ 2.399241811713725, 48.885620906332051 ], [ 2.399247479471483, 48.885484237619025 ], [ 2.399251617609398, 48.885361950390411 ], [ 2.399280885994179, 48.885307238504232 ], [ 2.399467486685998, 48.884971827520566 ], [ 2.399486970997726, 48.884937750940963 ], [ 2.399498118211743, 48.884917122401198 ], [ 2.399523191633704, 48.884871382635431 ], [ 2.399686131518929, 48.884577221436118 ], [ 2.399745978178278, 48.884472300560702 ], [ 2.399797518782036, 48.884378129899865 ], [ 2.399893615779397, 48.884204142674697 ], [ 2.399964639527468, 48.884075895243299 ], [ 2.400106665255306, 48.883821198754852 ], [ 2.400492240382726, 48.883494876497572 ], [ 2.400508810029977, 48.883476972966669 ], [ 2.400581844136197, 48.883410788589721 ], [ 2.400979747165697, 48.883079130439512 ], [ 2.401008650422905, 48.883055892590313 ], [ 2.401343288081369, 48.882770681539832 ], [ 2.401507160545186, 48.882631206054434 ], [ 2.401737410896383, 48.882529833716305 ], [ 2.402025238063836, 48.882401768746711 ], [ 2.402247274312454, 48.882303052367817 ], [ 2.402540583986402, 48.882172315540629 ], [ 2.402629666381499, 48.882133189719454 ], [ 2.402905145386394, 48.882011356278944 ], [ 2.403047703077028, 48.881946416375527 ], [ 2.403158703907277, 48.881898406182081 ], [ 2.403232724957176, 48.881864600778812 ], [ 2.403467089977939, 48.881760547608877 ], [ 2.403494493982592, 48.88174899291014 ], [ 2.403654858139889, 48.881676946383926 ], [ 2.403709676262498, 48.881652937617481 ], [ 2.403965958291773, 48.881539999356278 ], [ 2.40457585141299, 48.881268739620431 ], [ 2.405612426937696, 48.881006790497217 ], [ 2.406761832965058, 48.880774169991717 ], [ 2.406917638313954, 48.8807425661781 ], [ 2.407077544145842, 48.880710083143043 ], [ 2.407174586520526, 48.880689879199572 ], [ 2.407411010438594, 48.880643385367279 ], [ 2.407856546632826, 48.880553858526945 ], [ 2.408068396152382, 48.880509939827526 ], [ 2.408280224879402, 48.880467819304016 ], [ 2.408354026028353, 48.88045289549202 ], [ 2.408440118802962, 48.880436233717219 ], [ 2.409359835767224, 48.88025551338977 ], [ 2.409415210652019, 48.88018204176997 ], [ 2.409929745359619, 48.879537962728428 ], [ 2.410682196515709, 48.878592878384545 ], [ 2.410820319151064, 48.878436175815359 ], [ 2.411648466507144, 48.877425806124585 ], [ 2.412208384325075, 48.876742368492479 ], [ 2.412453090020586, 48.876443193702109 ], [ 2.412668536044865, 48.875715793676385 ], [ 2.412719624294485, 48.875537976920349 ], [ 2.412820223511261, 48.875201221469133 ], [ 2.412940718869718, 48.874792616936809 ], [ 2.413149061161166, 48.874089462137746 ], [ 2.413431063629795, 48.873140250511511 ], [ 2.413646198880088, 48.872438026479635 ], [ 2.413649310091611, 48.872403867071654 ], [ 2.41365847160794, 48.872316676657888 ], [ 2.413660280284812, 48.872277114867821 ], [ 2.413691675458419, 48.871910340740705 ], [ 2.413699048431472, 48.87186091352428 ], [ 2.41370496704437, 48.871819573181654 ], [ 2.413720181761154, 48.871557941672947 ], [ 2.41378770426994, 48.870888268687928 ], [ 2.413812498274288, 48.870744496650978 ], [ 2.413832679230656, 48.870526057249563 ], [ 2.413837163536687, 48.87049100516856 ], [ 2.413868647460327, 48.870116136835712 ], [ 2.413918823766366, 48.869655023734303 ], [ 2.41392629738481, 48.86959660354718 ], [ 2.413932326856992, 48.869545370966819 ], [ 2.413932458389641, 48.869533680253639 ], [ 2.413930460508066, 48.869468918336686 ], [ 2.41393808585335, 48.8693970088529 ], [ 2.413956477652905, 48.86921633249775 ], [ 2.41396064494842, 48.867513010284192 ], [ 2.413981727024356, 48.867093123136051 ], [ 2.413994394833126, 48.866815289944405 ], [ 2.413995798413295, 48.866811699467 ], [ 2.413999020337852, 48.866767647709345 ], [ 2.413999182197129, 48.866753259103021 ], [ 2.413996810038715, 48.866721770678105 ], [ 2.414011728438983, 48.866486217281597 ], [ 2.414009710343824, 48.866423253763848 ], [ 2.414009328487379, 48.866336016134156 ], [ 2.414009854516087, 48.866289253144679 ], [ 2.414003527142931, 48.866124643334281 ], [ 2.414003064371064, 48.866044599988847 ], [ 2.413979138633278, 48.865384368547495 ], [ 2.413977335687162, 48.865181109189784 ], [ 2.413975532755114, 48.864977849794734 ], [ 2.413951255837118, 48.864712425919947 ], [ 2.413985388130426, 48.86446527477424 ], [ 2.413994203750113, 48.864408659562578 ], [ 2.414012057473055, 48.864275644750677 ], [ 2.414020883147006, 48.864218130237376 ], [ 2.414094840973361, 48.863702271343378 ], [ 2.4141053834727, 48.863613288301345 ], [ 2.414117481122137, 48.863507225403659 ], [ 2.414120439789225, 48.863486555066096 ], [ 2.414136707359646, 48.863373317846879 ], [ 2.414245595466344, 48.862296440808677 ], [ 2.414244353802721, 48.862285642638952 ], [ 2.414265538788356, 48.862098683375947 ], [ 2.414370428780845, 48.86064945777057 ], [ 2.414419985069012, 48.860242298110329 ], [ 2.414701692063774, 48.858704000544719 ], [ 2.414711878934123, 48.858646492357373 ], [ 2.414739673209084, 48.858477551619934 ], [ 2.41475298984724, 48.858384084958864 ], [ 2.414777613619787, 48.858254699816335 ], [ 2.414865052972925, 48.857750595161065 ], [ 2.414946756430613, 48.857271643839319 ], [ 2.415117043674978, 48.856186066948794 ], [ 2.415121455219413, 48.856157309442082 ], [ 2.415286455935682, 48.855177828333709 ], [ 2.415367717605381, 48.854737545419063 ], [ 2.415370655098158, 48.854718673482807 ], [ 2.415418129624173, 48.854495867330385 ], [ 2.415437076791709, 48.854386239524686 ], [ 2.415442850796509, 48.854357488617232 ], [ 2.415476353848527, 48.85416519193268 ], [ 2.415842449810515, 48.852144345428471 ], [ 2.415986159266819, 48.851359914907093 ], [ 2.415987602609048, 48.851352727154122 ], [ 2.415997857174139, 48.851288923372628 ], [ 2.416002207346146, 48.851265561510509 ], [ 2.41604752505516, 48.85099148096694 ], [ 2.416157072995074, 48.850336389210653 ], [ 2.416202227882441, 48.850076697205225 ], [ 2.416266154787504, 48.84972266485628 ], [ 2.416276408690785, 48.849658860957447 ], [ 2.416282181708712, 48.849630109887244 ], [ 2.416287995013767, 48.849597761608052 ], [ 2.416289448338903, 48.84958967453808 ], [ 2.416292395280993, 48.849569903189824 ], [ 2.416292566526906, 48.849554615055425 ], [ 2.416295473172902, 48.849538440914635 ], [ 2.416305626273584, 48.849483630023656 ], [ 2.416309956010981, 48.849462066716647 ], [ 2.41632160268741, 48.849395571540278 ], [ 2.416325962628902, 48.849371310324457 ], [ 2.416341130298895, 48.849233783557054 ], [ 2.41634983851788, 48.848699611161116 ], [ 2.41608254195676, 48.8472584436266 ], [ 2.416026185035231, 48.846937099470722 ], [ 2.415983930397751, 48.846694967145197 ], [ 2.415971110769568, 48.846622956282282 ], [ 2.415963529871942, 48.846569857413158 ], [ 2.415937890768933, 48.846425835660703 ], [ 2.415914835855735, 48.846294417453628 ], [ 2.415864779782865, 48.846018970753413 ], [ 2.415859682299911, 48.845987468471769 ], [ 2.41578781412454, 48.845591401672706 ], [ 2.415767656458794, 48.845444708456206 ], [ 2.415752223227879, 48.845362791822104 ], [ 2.415736548076176, 48.845302458510133 ], [ 2.415663673457239, 48.844996321963023 ], [ 2.415612339279208, 48.844835086677215 ], [ 2.415588650567443, 48.844760324489293 ], [ 2.415299092607448, 48.843849661242146 ], [ 2.415270146448818, 48.843757785462053 ], [ 2.415204402302516, 48.843545216079178 ], [ 2.415200395510431, 48.84353800164363 ], [ 2.415164950017219, 48.843418213996863 ], [ 2.415138678876488, 48.84333084800582 ], [ 2.415112367454111, 48.843247079230267 ], [ 2.415099237006263, 48.843202946570337 ], [ 2.415068999715945, 48.843104768876763 ], [ 2.414913959728251, 48.842593176100713 ], [ 2.414849601173435, 48.842378814349296 ], [ 2.414248164600639, 48.840488118732495 ], [ 2.414046530133939, 48.839759549826937 ], [ 2.414022856085412, 48.8396838876792 ], [ 2.413576795197298, 48.838277800926789 ], [ 2.413571497493245, 48.8382642845474 ], [ 2.413203191666156, 48.837214722840685 ], [ 2.41301705652408, 48.836684984947908 ], [ 2.41285203333191, 48.836216506762867 ], [ 2.412245612562639, 48.834538914678525 ], [ 2.411471874927622, 48.833928938778129 ], [ 2.411628818451134, 48.833904528716282 ], [ 2.411844419906811, 48.833873211992497 ], [ 2.412083209826149, 48.833839310770294 ], [ 2.412301504825287, 48.833810704555795 ], [ 2.412586590425244, 48.833778828525659 ], [ 2.412742018752122, 48.833767900026217 ], [ 2.412954691917735, 48.833754554209634 ], [ 2.413170099598751, 48.83374032206752 ], [ 2.413505425613418, 48.833723080160809 ], [ 2.413921063446629, 48.833711627056715 ], [ 2.414200304373577, 48.833714793746715 ], [ 2.414401876898559, 48.833719378273152 ], [ 2.414633378560053, 48.833727706394981 ], [ 2.414898855796042, 48.833743395188776 ], [ 2.415166997155566, 48.83376449260281 ], [ 2.415470466512807, 48.83379385634516 ], [ 2.415752049454575, 48.833831206683456 ], [ 2.415968294997262, 48.833863740518666 ], [ 2.416198022348807, 48.833908930858875 ], [ 2.416456276936897, 48.833961454846097 ], [ 2.416608457114135, 48.833997272390789 ], [ 2.416996956303086, 48.834098096672669 ], [ 2.417337888379132, 48.834188794968711 ], [ 2.417997648546865, 48.834397961313748 ], [ 2.418225726669396, 48.834469221225056 ], [ 2.419349709161047, 48.834831730031389 ], [ 2.419796237439637, 48.834983191087112 ], [ 2.420222454034239, 48.835123759640069 ], [ 2.420386670788106, 48.8351803159903 ], [ 2.420621447102113, 48.835262396057146 ], [ 2.420846708088571, 48.835342630856601 ], [ 2.420915945249885, 48.835364550773825 ], [ 2.421016385376026, 48.835398313401996 ], [ 2.421675906213892, 48.835631740700691 ], [ 2.422038224535489, 48.835761201345761 ], [ 2.422138636243514, 48.835797660960381 ], [ 2.421991639117929, 48.836030784749411 ], [ 2.421801471133151, 48.836348239610949 ], [ 2.421690280536158, 48.836546460921504 ], [ 2.421585771008499, 48.836756406098779 ], [ 2.421512524488783, 48.836972797875035 ], [ 2.42147573630694, 48.837095832387092 ], [ 2.421447122003683, 48.83721890641052 ], [ 2.42139915989427, 48.837489381954875 ], [ 2.42125409359263, 48.838161401602576 ], [ 2.421087684873327, 48.838791946867403 ], [ 2.421073451730373, 48.838846738908885 ], [ 2.421062063196676, 48.838890752401149 ], [ 2.420930485621126, 48.839329002811134 ], [ 2.420772547136301, 48.8396870823481 ], [ 2.420719456350944, 48.839805540612431 ], [ 2.420613354031453, 48.840035262552199 ], [ 2.420565932154411, 48.840133962286956 ], [ 2.420522687346351, 48.840224588004531 ], [ 2.420475365118683, 48.840314294588289 ], [ 2.420393582068758, 48.840439808508165 ], [ 2.420303634051087, 48.840564383434746 ], [ 2.420222160312099, 48.840662018613912 ], [ 2.420132581698629, 48.840753318937601 ], [ 2.420019821334009, 48.840846305513224 ], [ 2.41977603702379, 48.84108165442025 ], [ 2.419713896051174, 48.841155999686841 ], [ 2.419634904840928, 48.841275231048478 ], [ 2.419538952900592, 48.841449240854786 ], [ 2.419469538255405, 48.841687233711845 ], [ 2.419442499539574, 48.841790528573526 ], [ 2.419393871653109, 48.841997144700706 ], [ 2.419382280642248, 48.842059144075755 ], [ 2.419371841680653, 48.842140035533056 ], [ 2.419357555615491, 48.842321636271791 ], [ 2.41935468026345, 48.842457425177059 ], [ 2.419356954364108, 48.842497907263173 ], [ 2.41937013833373, 48.842537542943873 ], [ 2.419390134732613, 48.842577211685473 ], [ 2.419441037510713, 48.842655702744196 ], [ 2.419469248987137, 48.842691813909639 ], [ 2.419582435801277, 48.842805682029905 ], [ 2.4197349150669, 48.842939526461421 ], [ 2.419784646448259, 48.843000923895225 ], [ 2.419823548067882, 48.843055973290298 ], [ 2.419848924917877, 48.843101963520532 ], [ 2.419862069372619, 48.843145196355586 ], [ 2.419865686374401, 48.843187483629343 ], [ 2.419866067853579, 48.843275622365034 ], [ 2.419865327082177, 48.843342171110415 ], [ 2.419859968239217, 48.843456363315184 ], [ 2.420056300570065, 48.843567936007702 ], [ 2.420114528184451, 48.843600595071791 ], [ 2.420262261349782, 48.843671460822705 ], [ 2.421003628269744, 48.844028497882711 ], [ 2.421448168812277, 48.844243795708827 ], [ 2.421700291351149, 48.844362830224796 ], [ 2.421847988927574, 48.844437291195561 ], [ 2.421923317151381, 48.844402580372112 ], [ 2.422019252758618, 48.844352680029473 ], [ 2.422112483071237, 48.844300967830762 ], [ 2.422225007899311, 48.844229562934473 ], [ 2.422325349452309, 48.844150904259735 ], [ 2.422435387811297, 48.844057902630261 ], [ 2.422534595380905, 48.843958553127678 ], [ 2.422653126853874, 48.843836812913985 ], [ 2.422765094224838, 48.843692557016041 ], [ 2.422853619496058, 48.843573369859087 ], [ 2.422902054143752, 48.843506151856062 ], [ 2.422944958988702, 48.843446102000762 ], [ 2.422965715186558, 48.843417422741453 ], [ 2.423043319611247, 48.843299981453612 ], [ 2.423152967854645, 48.843118840362244 ], [ 2.423283341302335, 48.842911717737422 ], [ 2.423413216258988, 48.842749560338831 ], [ 2.423491922523837, 48.842655507269811 ], [ 2.423569156612504, 48.842571339967051 ], [ 2.423643605821189, 48.842492555329592 ], [ 2.423726299278977, 48.842407514861634 ], [ 2.423806187977489, 48.842329655673147 ], [ 2.423880556955075, 48.842258065339585 ], [ 2.42394800402987, 48.84219633454606 ], [ 2.424023605893133, 48.842136441688389 ], [ 2.424095030739686, 48.842084622880847 ], [ 2.424195116954185, 48.842028445205763 ], [ 2.424347225006844, 48.841950033872685 ], [ 2.42440058961805, 48.841929605451618 ], [ 2.424464863838393, 48.841908330137379 ], [ 2.424534597793657, 48.841886181695934 ], [ 2.424652097345379, 48.841857068099173 ], [ 2.424738150931653, 48.841837696097315 ], [ 2.424829614606771, 48.841821947472404 ], [ 2.42491969591837, 48.841807990845567 ], [ 2.425004277726061, 48.841798504500815 ], [ 2.425095651972973, 48.841790849453133 ], [ 2.425182928889208, 48.841784074004494 ], [ 2.425279762847904, 48.841775545693878 ], [ 2.425818628737497, 48.841715178374187 ], [ 2.427303780868216, 48.841591890845621 ], [ 2.427575156761256, 48.841570705799498 ], [ 2.428130169985212, 48.841528392478445 ], [ 2.428244744502207, 48.841517248507451 ], [ 2.428351124513047, 48.841507863981974 ], [ 2.430639721610671, 48.841299335444205 ], [ 2.430718812462053, 48.841293416355818 ], [ 2.431532950269271, 48.841228037491554 ], [ 2.432248999683828, 48.841161288241047 ], [ 2.432334902374451, 48.841155400414671 ], [ 2.432487613868869, 48.841145332708685 ], [ 2.432915783985955, 48.841114087023179 ], [ 2.433454624414471, 48.84105458458199 ], [ 2.433544643445916, 48.841046017312941 ], [ 2.433560279288978, 48.841111744381919 ], [ 2.433572042847849, 48.841157667266394 ], [ 2.43366970903699, 48.841197701363122 ], [ 2.434157914406087, 48.841158641230159 ], [ 2.435546277971638, 48.841036592332095 ], [ 2.435776725652443, 48.841019692354209 ], [ 2.437184204443509, 48.840893217842293 ], [ 2.4372817171976, 48.841326266941735 ], [ 2.437541681997126, 48.842614467303299 ], [ 2.437896138019326, 48.844365377401715 ], [ 2.437914282329583, 48.844451800592516 ], [ 2.437940155768808, 48.844579630343908 ], [ 2.437958319623622, 48.844664254895903 ], [ 2.438172470882146, 48.844643676310866 ], [ 2.438379818974271, 48.844622166052304 ], [ 2.438614427325191, 48.844599884004388 ], [ 2.438767196121514, 48.844585311773898 ], [ 2.439488703517967, 48.844521242882173 ], [ 2.439713724857318, 48.844503410529612 ], [ 2.439994658265582, 48.844481342725828 ], [ 2.440171951937437, 48.844466883502214 ], [ 2.440334247985239, 48.844453253208819 ], [ 2.440519707011923, 48.844439731022348 ], [ 2.440576916945584, 48.844695414866322 ], [ 2.440592398650243, 48.844776429035186 ], [ 2.440600207091121, 48.844810640961619 ], [ 2.440607909361443, 48.844854745272656 ], [ 2.440615688866213, 48.844891655119078 ], [ 2.440704312198336, 48.844886673352136 ], [ 2.440801139730463, 48.844879031809484 ], [ 2.440863909987161, 48.845251657243828 ], [ 2.440681366302256, 48.845247206544258 ], [ 2.44075815339398, 48.84596434933394 ], [ 2.440856355142051, 48.845955814816357 ], [ 2.441832429345915, 48.845916304436741 ], [ 2.442269940068898, 48.845906653274348 ], [ 2.444135703949513, 48.845877563877146 ], [ 2.444286978123056, 48.845875568586159 ], [ 2.444920679114487, 48.845868617580678 ], [ 2.446646486889992, 48.845801966183075 ], [ 2.446497282929874, 48.844967576616057 ], [ 2.446969039372334, 48.844940079691192 ], [ 2.447455935881397, 48.844898261196654 ], [ 2.44785282741999, 48.844863220176364 ], [ 2.448268851168167, 48.844822869962279 ], [ 2.448653554808404, 48.844780575260366 ], [ 2.449090129484815, 48.844729524674108 ], [ 2.449526722303672, 48.844676673874972 ], [ 2.44999200348537, 48.844616758561116 ], [ 2.450371339412655, 48.844566339491585 ], [ 2.450813502906814, 48.844501818012567 ], [ 2.451865891066269, 48.84432857267123 ], [ 2.452228901075269, 48.844275374855997 ], [ 2.452620580123383, 48.844216911003514 ], [ 2.453503390540451, 48.844101333159045 ], [ 2.454324563365996, 48.844016045663089 ], [ 2.455169018589407, 48.843919166988456 ], [ 2.45645703966083, 48.843752350300683 ], [ 2.456779071761003, 48.843707946027962 ], [ 2.457843527623449, 48.843549991934779 ], [ 2.458370345152385, 48.843466939756595 ], [ 2.458614645467267, 48.843428474059436 ], [ 2.459336924080817, 48.843286045388091 ], [ 2.459873497765624, 48.843181446219134 ], [ 2.461008304467566, 48.842938343073229 ], [ 2.461464604893392, 48.842821683479663 ], [ 2.46179392235388, 48.842730532157276 ], [ 2.462209409518415, 48.842607390621644 ], [ 2.462445908347604, 48.842532008553391 ], [ 2.462672906191356, 48.842452985928496 ], [ 2.462847962202229, 48.842389918011591 ], [ 2.462992978353152, 48.842333010465495 ], [ 2.463185977371422, 48.842247538763147 ], [ 2.463519810699625, 48.84211413332973 ], [ 2.463741475493356, 48.842023393152097 ], [ 2.464181057444528, 48.841808618685889 ], [ 2.464478376103009, 48.841648066381531 ], [ 2.464679822019385, 48.841535649440367 ], [ 2.46490324180869, 48.841406242722755 ], [ 2.465258517101662, 48.841173999356464 ], [ 2.465410865260516, 48.841065858438839 ], [ 2.465504258746295, 48.840993428084296 ], [ 2.465699348660684, 48.840836013271911 ], [ 2.465876734920337, 48.840677619724588 ], [ 2.466073332363316, 48.840505821327945 ], [ 2.466164109594405, 48.840422586498953 ], [ 2.466436743355436, 48.840143204210982 ], [ 2.466639265157902, 48.839924664791013 ], [ 2.466928748572963, 48.839595891875973 ], [ 2.467189700650502, 48.839258896902017 ], [ 2.467319402317013, 48.839099389275724 ], [ 2.467621248579607, 48.838759877265105 ], [ 2.46778660841248, 48.838577144514808 ], [ 2.467913269660949, 48.838448200739016 ], [ 2.468023306407835, 48.838346163566293 ], [ 2.468075517268972, 48.838303226659491 ], [ 2.468546929395537, 48.837901511085661 ], [ 2.468673394608693, 48.837791452057239 ], [ 2.468835619729405, 48.837648275493272 ], [ 2.468911255037573, 48.837579360874805 ], [ 2.468992403699485, 48.837504175183845 ], [ 2.469235747548336, 48.837288510228184 ], [ 2.469472533957363, 48.837047633665797 ], [ 2.469573293706517, 48.836919472464785 ], [ 2.469661828529989, 48.836787659536597 ], [ 2.469803238423913, 48.836547258676369 ], [ 2.469835303782604, 48.836475452212319 ], [ 2.469851066867316, 48.836399076694924 ], [ 2.469838477205297, 48.836297393495414 ], [ 2.46983898943172, 48.836247031741316 ], [ 2.469841147530553, 48.836168797192784 ], [ 2.469834017515895, 48.835798230172301 ], [ 2.469787974771503, 48.835503036634677 ], [ 2.469724350790883, 48.835195174038844 ], [ 2.469609262628323, 48.834857404285998 ], [ 2.469537639367605, 48.834666422595319 ], [ 2.469510961185397, 48.834610544023519 ], [ 2.46949629644682, 48.834579001418774 ], [ 2.469482994004041, 48.834547464853578 ], [ 2.469488708542685, 48.83452140878866 ], [ 2.469499917944533, 48.834490880298986 ], [ 2.469496032469829, 48.834471077166846 ], [ 2.469471685406375, 48.834453881355685 ], [ 2.469443242380142, 48.834437566729811 ], [ 2.469409341118773, 48.834422127243116 ], [ 2.469397245421389, 48.834405885121768 ], [ 2.469324827037555, 48.834293143947015 ], [ 2.469197169521043, 48.834119900511581 ], [ 2.469012572659206, 48.833919423361422 ], [ 2.468891206101009, 48.833797470961542 ], [ 2.468756135072832, 48.833683551792035 ], [ 2.46861815678055, 48.833587606736401 ], [ 2.468485472111639, 48.833506974153707 ], [ 2.468248335054883, 48.833382707804688 ], [ 2.468095144387775, 48.833309178482104 ], [ 2.467962286840511, 48.833245632366499 ], [ 2.46788233673952, 48.833203906135097 ], [ 2.467760304190909, 48.833147602827744 ], [ 2.467651793278926, 48.833101252538611 ], [ 2.467329087259266, 48.832952320688037 ], [ 2.467127134516121, 48.832851592095594 ], [ 2.466938823254061, 48.832749125226918 ], [ 2.466569253346512, 48.832520838634885 ], [ 2.466519228374959, 48.832483741720488 ], [ 2.466273218864985, 48.832295577093056 ], [ 2.466051795461354, 48.832101226153952 ], [ 2.465822578289196, 48.831869966137475 ], [ 2.465627464284063, 48.831634361191021 ], [ 2.465575149755094, 48.831554983617195 ], [ 2.465568633789725, 48.831526174926793 ], [ 2.465577074349572, 48.831500131152133 ], [ 2.465584180362069, 48.831471383327901 ], [ 2.465581612699125, 48.83145608270479 ], [ 2.465561401023302, 48.831434407708464 ], [ 2.465532933207311, 48.831420790070567 ], [ 2.465505790718533, 48.831410775795696 ], [ 2.465481400294529, 48.831398075728472 ], [ 2.465426352616534, 48.831319585217777 ], [ 2.465348867285401, 48.831170844139926 ], [ 2.465272790705597, 48.831017612477815 ], [ 2.465208909624012, 48.830870730812684 ], [ 2.465144936633404, 48.830732842305459 ], [ 2.465077154299845, 48.8305679558325 ], [ 2.465037516514101, 48.830448163319318 ], [ 2.465028230500576, 48.830423838992047 ], [ 2.465004468244834, 48.83034998496116 ], [ 2.464947851837452, 48.830159066778911 ], [ 2.464899058013573, 48.83000235932937 ], [ 2.464805613092892, 48.82968356665986 ], [ 2.464771526757095, 48.829553905803635 ], [ 2.464738811968145, 48.82942335169686 ], [ 2.464702177139618, 48.829276591475249 ], [ 2.464679062295358, 48.829139784739979 ], [ 2.464670118369934, 48.829082185427644 ], [ 2.464649617136647, 48.828956182727353 ], [ 2.464632015731462, 48.828813105074687 ], [ 2.464607627050193, 48.828535092395491 ], [ 2.464610827079945, 48.828356133232205 ], [ 2.464637118493171, 48.827918260411273 ], [ 2.464646704073337, 48.827780700515561 ], [ 2.464651159771185, 48.827744745868792 ], [ 2.464661941154306, 48.82762337987247 ], [ 2.464743842380538, 48.827606658527898 ], [ 2.464857117912069, 48.827585580697296 ], [ 2.464971773905716, 48.827562710205392 ], [ 2.465094593138124, 48.827540775480642 ], [ 2.465232235297585, 48.827667302121171 ], [ 2.465391059409462, 48.827587968734306 ], [ 2.465433505689706, 48.82756657371413 ], [ 2.466178324692476, 48.827327971479285 ], [ 2.465894162282311, 48.826611707279206 ], [ 2.465794430549395, 48.826374728634548 ], [ 2.465730572119005, 48.82622604799036 ], [ 2.465712037823175, 48.826173801959712 ], [ 2.465529328804514, 48.825660346788524 ], [ 2.465502853142913, 48.825585581043043 ], [ 2.465319736172735, 48.824979488644885 ], [ 2.465189202930903, 48.824957320142509 ], [ 2.465299394785838, 48.824705090729992 ], [ 2.465240895636576, 48.824565427223753 ], [ 2.465186418264485, 48.824432077228586 ], [ 2.465157201244621, 48.82435909779479 ], [ 2.465122665434857, 48.82427350341321 ], [ 2.465093540859405, 48.824191530689909 ], [ 2.465052186014252, 48.824106805139969 ], [ 2.465044244672475, 48.82408428542211 ], [ 2.464026027775455, 48.822302573947248 ], [ 2.464004828140454, 48.822244919293524 ], [ 2.463944779099116, 48.822124134629597 ], [ 2.463870035557543, 48.821975403585697 ], [ 2.463801935694715, 48.821842890917409 ], [ 2.463751319439641, 48.821732041472515 ], [ 2.463724635577016, 48.821677959622463 ], [ 2.463403193342944, 48.82114948680249 ], [ 2.46319718783961, 48.820786115931362 ], [ 2.463158395938868, 48.820717589619733 ], [ 2.462867047647515, 48.820177558136876 ], [ 2.462784389082918, 48.81974009240092 ], [ 2.462696960503024, 48.819369158503747 ], [ 2.462529348017551, 48.819246090661586 ], [ 2.46258308226595, 48.81918607426924 ], [ 2.462653372042783, 48.819105446696639 ], [ 2.462696062752352, 48.819059770569197 ], [ 2.462452056780199, 48.818948950486359 ], [ 2.461205214252254, 48.818355149158926 ], [ 2.460530369825204, 48.81802743277823 ], [ 2.459540902052887, 48.817571479118129 ], [ 2.459115403967741, 48.81736539730278 ], [ 2.45941357657735, 48.816847807107479 ], [ 2.459119228635604, 48.81699667138443 ], [ 2.458717081488417, 48.81703442398824 ], [ 2.458053997051858, 48.817019728503283 ], [ 2.455919276695358, 48.817081983643291 ], [ 2.455102212840573, 48.817075564762639 ], [ 2.454833793289462, 48.817087831822704 ], [ 2.454688003291217, 48.817094362000667 ], [ 2.454662128704556, 48.81709424399174 ], [ 2.454388252261233, 48.817107384537927 ], [ 2.454202941109535, 48.817116431897794 ], [ 2.454073511635534, 48.817121237259386 ], [ 2.453978137082168, 48.81712529862785 ], [ 2.453452200812277, 48.817148977566127 ], [ 2.453332181373585, 48.817165517003232 ], [ 2.453283089776462, 48.817171588164179 ], [ 2.453001997808054, 48.817223365634156 ], [ 2.45273175268715, 48.817279688961065 ], [ 2.452700355199985, 48.817286740242437 ], [ 2.452525711109092, 48.817317418810553 ], [ 2.452360486259382, 48.817358932754715 ], [ 2.452244419215035, 48.817388080440352 ], [ 2.451314544744706, 48.817618553601307 ], [ 2.451239473535739, 48.817634397817777 ], [ 2.450806758669985, 48.817728644108662 ], [ 2.45055842115609, 48.817773371282136 ], [ 2.450169681068155, 48.817830043627183 ], [ 2.449836898946705, 48.817875280335628 ], [ 2.449753722306277, 48.817884790707339 ], [ 2.449670555127019, 48.817893401690903 ], [ 2.449422529215229, 48.817908448603042 ], [ 2.448934733550394, 48.817930484570816 ], [ 2.448385683123887, 48.817949537855725 ], [ 2.447786272701002, 48.817965657930181 ], [ 2.447573825309135, 48.817964676587287 ], [ 2.447409099584878, 48.817958519177829 ], [ 2.446707989538548, 48.817932792594064 ], [ 2.446618136646437, 48.817929678656242 ], [ 2.445957624591826, 48.817928418656038 ], [ 2.444713170131854, 48.817897463350178 ], [ 2.444180901563039, 48.81787520404955 ], [ 2.443731293079062, 48.817892000060098 ], [ 2.442686608207407, 48.817901525341021 ], [ 2.442325672531204, 48.817904339348502 ], [ 2.442096739080842, 48.817916761997338 ], [ 2.441855394935069, 48.81794351626796 ], [ 2.441012128685444, 48.818093370009187 ], [ 2.440137361263479, 48.818259259051231 ], [ 2.43993688933702, 48.818284402073054 ], [ 2.439853739221728, 48.818291207567285 ], [ 2.439727077526854, 48.818291513508463 ], [ 2.439400339937336, 48.818280088945322 ], [ 2.438447510274186, 48.818232447882238 ], [ 2.437576383457783, 48.818186082925244 ], [ 2.43745251361453, 48.818180103965524 ], [ 2.437328614686425, 48.818176822864316 ], [ 2.437334899886154, 48.818225418670735 ], [ 2.437403319816506, 48.818826522689328 ], [ 2.437442471570392, 48.819110909080791 ], [ 2.437431460169088, 48.819121649761115 ], [ 2.437420468169278, 48.819130591783882 ], [ 2.437387511554407, 48.81915561918926 ], [ 2.437344953868419, 48.819186897024089 ], [ 2.437236793244596, 48.819239451075525 ], [ 2.436924916588071, 48.819364794539631 ], [ 2.436502638623521, 48.819497711323756 ], [ 2.436435702337469, 48.819516282710104 ], [ 2.436331907696515, 48.819542774677373 ], [ 2.436027653556642, 48.819592604336854 ], [ 2.435170386036825, 48.819647916598058 ], [ 2.434901851098011, 48.819669132161088 ], [ 2.434768951783175, 48.819616340339742 ], [ 2.434655187346716, 48.819557343222087 ], [ 2.434461715978788, 48.819438610359882 ], [ 2.434407640770512, 48.81940148026186 ], [ 2.434353594907106, 48.81936165215479 ], [ 2.434144075250624, 48.819215861610871 ], [ 2.434261834796676, 48.819910735391993 ], [ 2.434287751289358, 48.820158185694318 ], [ 2.434107829815101, 48.820296737202227 ], [ 2.43328036705762, 48.820866618364654 ], [ 2.433093787310494, 48.820990746763776 ], [ 2.432480242297729, 48.821425830878717 ], [ 2.432890021773651, 48.82169308982855 ], [ 2.432634430984657, 48.821900531733156 ], [ 2.432194835497047, 48.821619639799344 ], [ 2.430465711835115, 48.822809380218708 ], [ 2.430403941923842, 48.82285315521176 ], [ 2.43037098941349, 48.822877281275723 ], [ 2.430628080921095, 48.823157310770554 ], [ 2.430565164841366, 48.823181294211231 ], [ 2.430269808521484, 48.823286912567873 ], [ 2.430014105783506, 48.823378329267307 ], [ 2.429860963974269, 48.82343246086036 ], [ 2.429694192167298, 48.823487426624808 ], [ 2.429375816366272, 48.823580341782993 ], [ 2.429226897097742, 48.823621901515928 ], [ 2.428768027745992, 48.823733031181916 ], [ 2.428318858027208, 48.823828916151307 ], [ 2.427958492642778, 48.823900041887505 ], [ 2.427741530761156, 48.823935878035904 ], [ 2.427420879060437, 48.823987406034441 ], [ 2.426982996027741, 48.824047365196591 ], [ 2.42657519468203, 48.824096674557545 ], [ 2.426232966554128, 48.824128309752382 ], [ 2.425670034352095, 48.824164280419005 ], [ 2.425480577413107, 48.824175961553081 ], [ 2.425131776070185, 48.824185977120266 ], [ 2.424837534048813, 48.824189059128628 ], [ 2.424653634008315, 48.824190872600838 ], [ 2.424516101584396, 48.824187512711624 ], [ 2.424332280975855, 48.824182131104692 ], [ 2.423884261913609, 48.824172778579396 ], [ 2.423625581060777, 48.82416253835698 ], [ 2.423449922693297, 48.8241580941039 ], [ 2.423351908353472, 48.82415312465411 ], [ 2.423057855494422, 48.82413911514567 ], [ 2.422955755226634, 48.824134125657878 ], [ 2.422878161027141, 48.824130153724219 ], [ 2.421826072954111, 48.824058518183385 ], [ 2.421718495045436, 48.824056199267481 ], [ 2.421462449379506, 48.824054061444421 ], [ 2.420677968534262, 48.824047565509126 ], [ 2.420329137132224, 48.824060265038135 ], [ 2.419962519541094, 48.824080072251441 ], [ 2.419744259478014, 48.824109592018786 ], [ 2.419386884881164, 48.824155524087651 ], [ 2.419242242363506, 48.824179104749824 ], [ 2.418914650479385, 48.824241368727712 ], [ 2.418603311606461, 48.824311805170048 ], [ 2.418233094541386, 48.82440983488911 ], [ 2.418067789813693, 48.824453999148552 ], [ 2.417872470397529, 48.824502513930739 ], [ 2.417763188274805, 48.824530761785738 ], [ 2.417465596863688, 48.8245895703717 ], [ 2.417131220375362, 48.824649098300959 ], [ 2.416861089157998, 48.824688253058213 ], [ 2.416513222032046, 48.824736021650786 ], [ 2.416233716898834, 48.824760739316609 ], [ 2.415976094429699, 48.824777468860511 ], [ 2.415657291919882, 48.824784005833848 ], [ 2.415303127328633, 48.824785872209553 ], [ 2.415248656759778, 48.824784706500459 ], [ 2.415082510945973, 48.82478209522246 ], [ 2.414938217958818, 48.824774194400966 ], [ 2.41441140060417, 48.824746433443856 ], [ 2.413785106197645, 48.824722679419473 ], [ 2.413110929286841, 48.824717573929043 ], [ 2.412623085017663, 48.824736763662578 ], [ 2.412460883648103, 48.824746759315346 ], [ 2.412419992792226, 48.824749256521073 ], [ 2.411931955241784, 48.824785530545718 ], [ 2.411757414268484, 48.824802659535948 ], [ 2.41157868563194, 48.824828761381148 ], [ 2.411364452974872, 48.824862782547257 ], [ 2.411139313730771, 48.824897648996156 ], [ 2.410907282795905, 48.824939676044139 ], [ 2.410822613982787, 48.824959045099291 ], [ 2.410635549558315, 48.824999494409802 ], [ 2.410449836696662, 48.825040849462162 ], [ 2.410269520772101, 48.825086727697546 ], [ 2.410104166452182, 48.825134478206763 ], [ 2.409955145964197, 48.825183208450866 ], [ 2.409818302001615, 48.825239193572664 ], [ 2.409730745333062, 48.825272937542238 ], [ 2.409648687584267, 48.825302211736997 ], [ 2.409379135117873, 48.825409704684219 ], [ 2.409175132460022, 48.825502231578106 ], [ 2.408674960546763, 48.825766872628492 ], [ 2.408285568754854, 48.825991588045007 ], [ 2.408085331507646, 48.826112012176594 ], [ 2.407875426181226, 48.826244079913671 ], [ 2.407706677790519, 48.826350269371311 ], [ 2.407588631465793, 48.826429728642196 ], [ 2.407532296517472, 48.826472619347058 ], [ 2.407448546501512, 48.826530663487368 ], [ 2.406890894669909, 48.826937112605137 ], [ 2.406550193647731, 48.827190843528534 ], [ 2.406508972984573, 48.827222116921618 ], [ 2.406396258547602, 48.827311494501842 ], [ 2.406247750587866, 48.827433970952065 ], [ 2.405815894710642, 48.827796970197625 ], [ 2.405376157666399, 48.82813384690045 ], [ 2.405351424404528, 48.828152610679531 ], [ 2.40526625586033, 48.828215143023357 ], [ 2.405145395288331, 48.828301780748689 ], [ 2.405076776809351, 48.828346407885654 ], [ 2.404994403687228, 48.828402658349958 ], [ 2.404928550228592, 48.828443701679113 ], [ 2.404813383430775, 48.828508782529305 ], [ 2.404472070395811, 48.828695051561851 ], [ 2.404051299509554, 48.828920495916073 ], [ 2.403981327437225, 48.828964216294857 ], [ 2.403814047852145, 48.829059614980864 ], [ 2.403725057037059, 48.829098743552819 ], [ 2.403551181973208, 48.829175222238987 ], [ 2.403337835463661, 48.829248805648881 ], [ 2.403206566386745, 48.829292219743003 ], [ 2.40287142239704, 48.829414659751357 ], [ 2.402681353938133, 48.829477565783471 ], [ 2.402470904475508, 48.829535872844509 ], [ 2.402237349716066, 48.829589567211379 ], [ 2.401508451268693, 48.829361979081206 ], [ 2.401026650227235, 48.82920667436494 ], [ 2.400679206268547, 48.829095210750637 ], [ 2.400072705448655, 48.828886214385207 ], [ 2.399775477677677, 48.828791188629538 ], [ 2.399464546948918, 48.828703288269644 ], [ 2.399336932813714, 48.828665773253391 ], [ 2.399205253246101, 48.828626438936844 ], [ 2.399099288182466, 48.828601623589662 ], [ 2.399012320234956, 48.82858319920004 ], [ 2.398911783064241, 48.8285602097001 ], [ 2.398811245982198, 48.82853722011518 ], [ 2.398650921306333, 48.828501338659585 ], [ 2.398551736188293, 48.828479255021783 ], [ 2.39842808505903, 48.828452551388636 ], [ 2.398316682660713, 48.828426808620392 ], [ 2.39821885993477, 48.828404731557875 ], [ 2.398195766374803, 48.828399219133878 ], [ 2.398121026909018, 48.828383553732401 ], [ 2.398047670363725, 48.828366096504858 ], [ 2.397894167659855, 48.828329348990977 ], [ 2.396843018582163, 48.828054241275687 ], [ 2.39570666297783, 48.827727429569343 ], [ 2.395445621290341, 48.827684739215584 ], [ 2.395179100377021, 48.827644718689868 ], [ 2.394339872457587, 48.82753884258792 ], [ 2.393992757067968, 48.827401279162501 ], [ 2.392762271747469, 48.826855414860269 ], [ 2.392176783895112, 48.826601515853312 ], [ 2.392046623822553, 48.826549590046994 ], [ 2.391878515202916, 48.826481282437676 ], [ 2.391845983177663, 48.826467626428176 ], [ 2.391650812371771, 48.826383891544758 ], [ 2.391538307585291, 48.826336551840441 ], [ 2.391309243970533, 48.826239153354585 ], [ 2.391021896745786, 48.826117174586827 ], [ 2.390951448461555, 48.826084438424793 ], [ 2.390939253073785, 48.826078980081377 ], [ 2.390072014511325, 48.825692326824921 ], [ 2.389445425188181, 48.825344669629501 ], [ 2.388799862307387, 48.825105736192988 ], [ 2.38866961442715, 48.825061900516417 ], [ 2.387893505889207, 48.824805206564669 ], [ 2.387175971273418, 48.824548807659731 ], [ 2.386941338175522, 48.824463063889823 ], [ 2.385225588159263, 48.823729359974678 ], [ 2.384597579269298, 48.823506682299353 ], [ 2.384537917595146, 48.823483890878371 ], [ 2.384022522695706, 48.823298664029338 ], [ 2.383337544863623, 48.823056799249692 ], [ 2.38330363397122, 48.823044932492436 ], [ 2.383142198331908, 48.822990137316886 ], [ 2.381524148119776, 48.822410676067115 ], [ 2.380767116748347, 48.821700747802623 ], [ 2.379478291160394, 48.821273158297515 ], [ 2.379083321889078, 48.821157786505871 ], [ 2.377883819134931, 48.820780109028938 ], [ 2.376525981159313, 48.820318851049336 ], [ 2.376077120333645, 48.820155521101277 ], [ 2.375847832863151, 48.820081474844628 ], [ 2.37576097347909, 48.820055838830399 ], [ 2.375712117804962, 48.820041193713912 ], [ 2.375679486351844, 48.820036526450941 ], [ 2.375596723554164, 48.820010012326115 ], [ 2.37458872533113, 48.819680968089806 ], [ 2.374447575570882, 48.819639757694546 ], [ 2.374257517234202, 48.81958839802661 ], [ 2.374173426378142, 48.819559177811861 ], [ 2.374121901841233, 48.819540021171065 ], [ 2.374052780947822, 48.819511778604451 ], [ 2.374014659295745, 48.819510679657959 ], [ 2.373977942707532, 48.819505990539412 ], [ 2.37370530804232, 48.81941282618822 ], [ 2.373528913175678, 48.819357939392482 ], [ 2.372990154493845, 48.819196824729673 ], [ 2.372895191699046, 48.81916574782948 ], [ 2.372732384690138, 48.819113629238004 ], [ 2.37266590227963, 48.819092594729142 ], [ 2.372607558629133, 48.819074301025346 ], [ 2.37200665852426, 48.818871484322216 ], [ 2.371984955477797, 48.818864175297378 ], [ 2.371889993887894, 48.818833097589689 ], [ 2.371496606021113, 48.818702419153404 ], [ 2.37095800143098, 48.818529604041188 ], [ 2.370823677738411, 48.818487525825191 ], [ 2.370643203501612, 48.818432613229362 ], [ 2.370356799093813, 48.818352859320015 ], [ 2.369484375123111, 48.818080246671698 ], [ 2.368932306814356, 48.81789565932246 ], [ 2.368441186891432, 48.817739272126317 ], [ 2.367815816506704, 48.817535405319887 ], [ 2.367501106783894, 48.817432110885235 ], [ 2.367102293227545, 48.817301389013998 ], [ 2.366927252430259, 48.817248298232535 ], [ 2.366712905126914, 48.817179709524396 ], [ 2.365641023901095, 48.816849350691321 ], [ 2.365028986478497, 48.816670722470064 ], [ 2.364383324985561, 48.816457735795098 ], [ 2.36420428117288, 48.8163983240009 ], [ 2.363328923996346, 48.816148134592801 ], [ 2.36110441978891, 48.816083205030694 ], [ 2.360678292349534, 48.816071933421689 ], [ 2.360557126882432, 48.816068587329426 ], [ 2.36052581693921, 48.816067520493711 ], [ 2.360158246336463, 48.816056560198568 ], [ 2.359958086607811, 48.816053690123113 ], [ 2.359423050356637, 48.816039132837751 ], [ 2.358949272393267, 48.816026700377847 ], [ 2.358423747028377, 48.816013988376653 ], [ 2.357466681971601, 48.815987263785324 ], [ 2.356894890172978, 48.815971598266948 ], [ 2.356785970093019, 48.815969213597796 ], [ 2.356545035221203, 48.81595982275865 ], [ 2.356339528858111, 48.8159488233971 ], [ 2.356232015039089, 48.815942848259404 ], [ 2.355852301315166, 48.815922815498233 ], [ 2.355406705585211, 48.816274771111587 ], [ 2.354735454698257, 48.816812579064973 ], [ 2.35392605619736, 48.817397303953541 ], [ 2.35337770697941, 48.817796363684138 ], [ 2.353366712003786, 48.817804398663704 ], [ 2.353166067048314, 48.817949912700364 ], [ 2.353049262700184, 48.818033822687099 ], [ 2.352391840207207, 48.818551005936428 ], [ 2.351253779116588, 48.817962037037297 ], [ 2.350878645883241, 48.817791816569802 ], [ 2.350488624689273, 48.817614318952344 ], [ 2.349029960601781, 48.816964226858452 ], [ 2.348763033183109, 48.816854847287651 ], [ 2.348677711556633, 48.816816608433363 ], [ 2.348600538375941, 48.816780212676484 ], [ 2.348046857382352, 48.816513675504964 ], [ 2.347177687748716, 48.81610151206494 ], [ 2.347039461823857, 48.816046794216888 ], [ 2.346919974440822, 48.816018260704318 ], [ 2.346751373074081, 48.815996653817528 ], [ 2.346633022377527, 48.815986113912899 ], [ 2.346541772031784, 48.815986514618665 ], [ 2.346371448422841, 48.815993678081618 ], [ 2.346186021179197, 48.816010651939969 ], [ 2.346027784265766, 48.816031371772652 ], [ 2.345543732189824, 48.816078189350804 ], [ 2.345376109124036, 48.816087164948343 ], [ 2.345190828033565, 48.816092446068538 ], [ 2.344996127409927, 48.816088681455447 ], [ 2.344755273215884, 48.816072971602452 ], [ 2.344552650710489, 48.816049376393586 ], [ 2.344469729186359, 48.816037229793558 ], [ 2.344355599882104, 48.816015918163011 ], [ 2.344464193795621, 48.815610891104605 ], [ 2.344448463099662, 48.815562238072864 ], [ 2.344344437439912, 48.815603938756375 ], [ 2.344229494850482, 48.815647378242744 ], [ 2.344036580527387, 48.815718270795109 ], [ 2.343902504744147, 48.815767001302042 ], [ 2.343765705165507, 48.815815716708222 ], [ 2.343584954991723, 48.815893870368988 ], [ 2.343424947979884, 48.815946954894038 ], [ 2.343297668596647, 48.815996621425427 ], [ 2.343156782515658, 48.816045313686381 ], [ 2.343013285918382, 48.816084997590224 ], [ 2.342876711334013, 48.81611572551909 ], [ 2.342185914881536, 48.816249532771003 ], [ 2.341798294308863, 48.816316652168645 ], [ 2.341683722695742, 48.816330411553189 ], [ 2.341029645177584, 48.816360085690775 ], [ 2.340511984457827, 48.816371621691623 ], [ 2.340319779160497, 48.816385850924704 ], [ 2.339542877317384, 48.816435525058317 ], [ 2.338644774759564, 48.816484523810516 ], [ 2.33800702364043, 48.816515171119747 ], [ 2.337509547626263, 48.816545692966777 ], [ 2.337275148209403, 48.816557884744718 ], [ 2.336750435527919, 48.816588252467099 ], [ 2.336674118000443, 48.816592326021237 ], [ 2.33655556203248, 48.816597963931571 ], [ 2.336332045048368, 48.816611113631296 ], [ 2.336103080781857, 48.81662423266738 ], [ 2.335581090336554, 48.816654610379281 ], [ 2.335146299956006, 48.816681873189026 ], [ 2.334935049873801, 48.81669418910564 ], [ 2.333711090278114, 48.816771017573487 ], [ 2.332144938408537, 48.816981729783336 ], [ 2.331996248625253, 48.817000685632443 ], [ 2.331898060637626, 48.817010929647068 ], [ 2.332461042459754, 48.818247130088196 ], [ 2.330413636639578, 48.818704261213703 ], [ 2.329296396286018, 48.818950726362935 ], [ 2.325562171287674, 48.819774243154328 ], [ 2.325503436242078, 48.819787402602103 ], [ 2.323964127671357, 48.820124072863948 ], [ 2.321661256072699, 48.820629075679939 ], [ 2.321039743668691, 48.820767650803738 ], [ 2.320597164441614, 48.820866767258607 ], [ 2.314615601049385, 48.822187102547829 ], [ 2.314145699672971, 48.822290535446839 ], [ 2.312147253873083, 48.822728747755939 ], [ 2.311614502997653, 48.822846199290275 ], [ 2.309081878490734, 48.823402700724579 ], [ 2.308348319891003, 48.823563047045205 ], [ 2.308315537176647, 48.823570052484598 ], [ 2.306959037060225, 48.823867988436156 ], [ 2.306863399755384, 48.823889918680429 ], [ 2.30601634007264, 48.824082869897175 ], [ 2.304947948752644, 48.82432579364496 ], [ 2.304066717016069, 48.824526626873691 ], [ 2.304002511210752, 48.824540643310911 ], [ 2.303886369460058, 48.824567848125099 ], [ 2.303185478490669, 48.824727453572741 ], [ 2.302551694332125, 48.824859565488282 ], [ 2.302330424148416, 48.824905042625296 ], [ 2.302120073693152, 48.824948784316426 ], [ 2.302099583430174, 48.824953161644586 ], [ 2.301866006231315, 48.825002163624866 ], [ 2.301315418488453, 48.825125760846866 ], [ 2.300177424536503, 48.825375430378251 ], [ 2.296970964406001, 48.826084222666459 ], [ 2.292292946367537, 48.827118799426508 ], [ 2.29219183648019, 48.827141584940549 ], [ 2.290235122003242, 48.827988896433091 ], [ 2.289407656009721, 48.828333841589505 ], [ 2.286693837737294, 48.829451804099257 ], [ 2.284719350405197, 48.830290824238077 ], [ 2.284683712603739, 48.830306799915725 ], [ 2.283585827211768, 48.830795786206942 ], [ 2.282670920956135, 48.831152751912121 ], [ 2.280391323890181, 48.831979077238664 ], [ 2.279944978334267, 48.832140977071653 ], [ 2.279164302435102, 48.832442063052547 ], [ 2.279110853401829, 48.832465124733091 ], [ 2.279051930653324, 48.832489952150738 ], [ 2.278827155788745, 48.832292532644615 ], [ 2.276297348984293, 48.830232063723983 ], [ 2.275304441773053, 48.829435496049307 ], [ 2.275275687274643, 48.829446114375017 ], [ 2.273460003286124, 48.828358538536285 ], [ 2.273417155918585, 48.828305214703228 ], [ 2.27331005239187, 48.828268588680338 ], [ 2.273075005441873, 48.828126856643706 ], [ 2.27292775495579, 48.828038721459855 ], [ 2.272852607332395, 48.827957320182527 ], [ 2.272793190186762, 48.827920084230819 ], [ 2.271099017149216, 48.827891782790203 ], [ 2.267826452957427, 48.82783581677819 ], [ 2.267625707632298, 48.827968595618195 ], [ 2.267338606820313, 48.831531984408755 ], [ 2.269645463710277, 48.832857388359969 ], [ 2.269930760703454, 48.833011125122439 ], [ 2.26988939056056, 48.83304684772498 ], [ 2.268101694609093, 48.834428158716307 ], [ 2.267788866344093, 48.834585433862316 ], [ 2.267475422198173, 48.834592508399062 ], [ 2.264992745234483, 48.834237313004962 ], [ 2.262791524526516, 48.833923373529117 ], [ 2.261492487377967, 48.834070052808578 ], [ 2.261405151319141, 48.834080306065005 ], [ 2.25850260842458, 48.83441850102335 ], [ 2.256994597220261, 48.834600710361883 ], [ 2.256537602212384, 48.834642839561454 ], [ 2.25530390491147, 48.834790757255405 ], [ 2.255144238417507, 48.834809549374668 ], [ 2.255072103122055, 48.834899937359829 ], [ 2.25495005215599, 48.835051172106944 ], [ 2.254830994989939, 48.835183538422228 ], [ 2.25354669486146, 48.836675692439997 ], [ 2.25353975455653, 48.836684642900003 ], [ 2.253496801889641, 48.836734739961088 ], [ 2.25238956574078, 48.838035518359902 ], [ 2.252304927925926, 48.838142015101411 ], [ 2.252228618652612, 48.838237771327691 ], [ 2.252011052563392, 48.838492733192211 ], [ 2.251930255061035, 48.838616341788537 ], [ 2.251914920671711, 48.838640529034684 ], [ 2.251709308946857, 48.838821816239708 ], [ 2.251308552889278, 48.842059754469489 ], [ 2.251299357647797, 48.842130747390577 ], [ 2.251230934575342, 48.842720307683535 ], [ 2.251219763560907, 48.842739124585229 ], [ 2.251216230486769, 48.842890197046948 ], [ 2.25173479752875, 48.843974486824493 ], [ 2.251908753307214, 48.844291254096582 ], [ 2.25234687912035, 48.845190665717183 ], [ 2.252477551164905, 48.845485576374685 ], [ 2.251794599084775, 48.845503791323551 ], [ 2.250766770197564, 48.845530635458893 ], [ 2.250608573946109, 48.845539537693206 ], [ 2.25051568878781, 48.845555144489254 ], [ 2.249867271262904, 48.845730055229929 ], [ 2.249130050793303, 48.845920593796201 ], [ 2.248339503918157, 48.846123383969449 ], [ 2.247903163420556, 48.846237559801132 ], [ 2.247599534206474, 48.846314795204229 ], [ 2.247067460658853, 48.846452648869672 ], [ 2.246766541075142, 48.846530798582535 ], [ 2.246476586100555, 48.846604519749285 ], [ 2.24593492962924, 48.846745006131663 ], [ 2.245514981559114, 48.846855679095249 ], [ 2.243235014035359, 48.847431265540706 ], [ 2.242659105669378, 48.847583212240188 ], [ 2.242362313011172, 48.847657779525321 ], [ 2.242233905383632, 48.847772984957516 ], [ 2.241956924168444, 48.84798438085766 ], [ 2.241761224036452, 48.848135134143511 ], [ 2.241683779877298, 48.848212888424435 ], [ 2.241574563661168, 48.84832012042677 ], [ 2.241516051480364, 48.848407887660514 ], [ 2.240499842470814, 48.849316098961182 ], [ 2.24018404966848, 48.849571313222043 ], [ 2.240007900713619, 48.849688911035081 ], [ 2.23977005149147, 48.849832198223261 ], [ 2.239572636392845, 48.849912786163237 ], [ 2.239179626559882, 48.850042494757844 ], [ 2.23896627819264, 48.850094200599173 ], [ 2.237778292862653, 48.850349253661406 ], [ 2.237426957895582, 48.850424360548935 ], [ 2.237379106853175, 48.850434847970973 ], [ 2.235663190705886, 48.850817821579469 ], [ 2.234498100422846, 48.851089176990001 ], [ 2.233576415529299, 48.851303621593715 ], [ 2.233193699860402, 48.851380313783764 ], [ 2.232296652111728, 48.851586812125866 ], [ 2.231536662495808, 48.85174022205905 ], [ 2.230010953262445, 48.852064977939015 ], [ 2.229227704131867, 48.85222361974747 ], [ 2.227351684730697, 48.852642316896926 ], [ 2.226594150345918, 48.852811899947405 ], [ 2.226233484587051, 48.852962460531401 ], [ 2.225912135430607, 48.853035029459107 ], [ 2.224219105880446, 48.853516917562075 ], [ 2.224217174940927, 48.853738149254369 ], [ 2.224242958935112, 48.854203288869861 ], [ 2.224269304883467, 48.855088435705319 ], [ 2.224314779418416, 48.855695802066492 ], [ 2.224407449942074, 48.856154179466564 ], [ 2.224517586853297, 48.85653802255397 ], [ 2.225319584012275, 48.858515521364886 ], [ 2.22567029225698, 48.859404562401558 ], [ 2.225967898359756, 48.860015355542934 ], [ 2.226432833693757, 48.860924018343859 ], [ 2.226992086700438, 48.861999669296459 ], [ 2.22718129401147, 48.862384917775238 ], [ 2.227361445986879, 48.862829465030288 ], [ 2.227748529341866, 48.863843741710632 ], [ 2.22813877086302, 48.86492189083846 ], [ 2.228248359287422, 48.865161826525608 ], [ 2.228377351113233, 48.865380302593614 ], [ 2.229615132438552, 48.866854226769163 ], [ 2.229797308168969, 48.867072143871816 ], [ 2.230180814133667, 48.867503603515203 ], [ 2.230658982743393, 48.868079566932124 ], [ 2.231376025626287, 48.868728111254967 ], [ 2.231736359746861, 48.869068581615444 ], [ 2.232174877850842, 48.869284542257041 ], [ 2.232868454978849, 48.869584876690219 ], [ 2.233702274504688, 48.869897796496936 ], [ 2.234145928564208, 48.870043633063261 ], [ 2.23557581105711, 48.870523134659351 ], [ 2.23579301043658, 48.870586576867019 ], [ 2.236656637219517, 48.870821422331709 ], [ 2.237436253666628, 48.871021550934628 ], [ 2.238040417374282, 48.871193577090956 ], [ 2.238434063524159, 48.87131119922099 ], [ 2.239225056762461, 48.871573443563477 ], [ 2.239592597284358, 48.871705285487437 ], [ 2.239972015005245, 48.871864182176409 ], [ 2.240349927548229, 48.872032960922638 ], [ 2.240945304504728, 48.87234161751806 ], [ 2.241237339626037, 48.872509848737465 ], [ 2.241856061513682, 48.872901388701877 ], [ 2.242723387133836, 48.873542718509157 ], [ 2.243010273208007, 48.873784659126983 ], [ 2.24326867681199, 48.874016526103119 ], [ 2.24394845759849, 48.874712419955777 ], [ 2.24515691036051, 48.875903586803489 ], [ 2.245678236548145, 48.876434789137235 ], [ 2.245703788405577, 48.876459232481629 ], [ 2.24624979564664, 48.876227942421494 ], [ 2.246397777702425, 48.876177611391249 ], [ 2.246533281312671, 48.876141591171759 ], [ 2.254817140668556, 48.874080881374105 ], [ 2.255410336689475, 48.87426354268149 ], [ 2.256057163140734, 48.875559924490567 ], [ 2.258467171114177, 48.880387263091031 ], [ 2.258860650330937, 48.880333041153563 ], [ 2.261542031184247, 48.880001565768865 ], [ 2.264611303104791, 48.879622050680872 ], [ 2.27075011567204, 48.878834007593113 ], [ 2.277487029813822, 48.877968320857825 ], [ 2.279370794390897, 48.878503990965733 ], [ 2.279469949480848, 48.878531568013969 ], [ 2.279574720002908, 48.878547487345635 ], [ 2.279825200659238, 48.878576874001894 ], [ 2.279949332567544, 48.878573123987039 ], [ 2.279959643017465, 48.878616354341155 ], [ 2.279990437713355, 48.878755937308533 ], [ 2.280536086495832, 48.881107392611845 ], [ 2.280631551971273, 48.881599904212088 ], [ 2.280668770180329, 48.881768304010222 ], [ 2.280897352279332, 48.882792223708499 ], [ 2.281013519711558, 48.882970990077887 ], [ 2.28110801015324, 48.883040806412211 ], [ 2.284538198303594, 48.885574096674162 ], [ 2.284459571754662, 48.885639278206853 ], [ 2.285641616380019, 48.886554663565292 ], [ 2.287114077093995, 48.887278409200206 ], [ 2.288688176989798, 48.888052203099726 ], [ 2.290529215249999, 48.888956161749846 ], [ 2.291147763745907, 48.889301570780276 ], [ 2.291633908192158, 48.889455535239186 ], [ 2.291779590675395, 48.889473484262147 ], [ 2.292710865105, 48.889588707064057 ], [ 2.292747623772232, 48.889593420836484 ], [ 2.292940938649586, 48.889618844412908 ], [ 2.2940411948899, 48.889744047822859 ], [ 2.294570784210133, 48.889812820029732 ], [ 2.294959986671162, 48.889875367385542 ], [ 2.295013183223065, 48.889874781266563 ], [ 2.295475248871189, 48.890096037890814 ], [ 2.295579536585646, 48.890149711875502 ], [ 2.297326658916109, 48.891053909956526 ], [ 2.29734156289559, 48.891061192041349 ], [ 2.297528484196318, 48.891156718227052 ], [ 2.297994469142287, 48.891392376983916 ], [ 2.298109696243635, 48.891444314146653 ], [ 2.298628375977241, 48.891717151642382 ], [ 2.299608319530779, 48.892172551062409 ], [ 2.300588268146195, 48.892628841530346 ], [ 2.301782096324501, 48.893206880661175 ], [ 2.301836213826705, 48.893239571932696 ], [ 2.303319020408331, 48.893934393356517 ], [ 2.303380006812064, 48.89396352655816 ], [ 2.303440957190967, 48.893995357494205 ], [ 2.303743199037811, 48.894138309240482 ], [ 2.303774362351613, 48.894153778954411 ], [ 2.30571501881114, 48.895089551773232 ], [ 2.307687317214232, 48.896010186370226 ], [ 2.308675362659436, 48.896381019365691 ], [ 2.309534485272156, 48.896703436671956 ], [ 2.31067321092082, 48.897130879416956 ], [ 2.312318530256448, 48.897724897591431 ], [ 2.312451445254302, 48.897782317983861 ], [ 2.315106047800935, 48.898594326922037 ], [ 2.318520205834404, 48.899638128146883 ], [ 2.319887174744137, 48.900459782095609 ], [ 2.32030415835598, 48.90070136793792 ], [ 2.320434138736962, 48.900775849612145 ], [ 2.320498222854939, 48.9007780118461 ], [ 2.321331316873052, 48.90080611776667 ], [ 2.321803094208922, 48.900821380629033 ], [ 2.322073094515995, 48.900828305132805 ], [ 2.322174486647894, 48.90079380560298 ], [ 2.322553606246627, 48.900801346533925 ], [ 2.323081377762778, 48.900811525160243 ], [ 2.323269608756063, 48.900812588877962 ], [ 2.325836365736299, 48.90095386820078 ], [ 2.326534487849562, 48.900976681487627 ], [ 2.32726138237015, 48.900989759828846 ], [ 2.327630956144454, 48.900997231055378 ], [ 2.327733244398635, 48.900998704565609 ], [ 2.32785461702422, 48.901001184409402 ], [ 2.327926897327697, 48.901002489344641 ], [ 2.328316931267592, 48.901010073262484 ], [ 2.328724708902852, 48.901016856043 ], [ 2.328979718744675, 48.901022781628875 ], [ 2.329342496173721, 48.901028410859467 ], [ 2.329737986512134, 48.901036020700808 ], [ 2.329814358909923, 48.901037347396944 ], [ 2.329862087319424, 48.901038513776889 ], [ 2.330147116964154, 48.901043705523954 ], [ 2.330421234665915, 48.901048835588547 ], [ 2.330988566236084, 48.901059200504768 ], [ 2.331171307623033, 48.901062919084382 ], [ 2.331317232571728, 48.901065532523319 ], [ 2.331401777506932, 48.901067803151534 ], [ 2.331527254017838, 48.901069402864259 ], [ 2.331711359479877, 48.901073128232845 ], [ 2.331996389498469, 48.9010783155789 ], [ 2.33461063987714, 48.901135135760434 ], [ 2.334742913679456, 48.90113856849861 ], [ 2.334827458882609, 48.901140836708571 ], [ 2.335111125578976, 48.901146009066487 ], [ 2.335171130235882, 48.901147241479613 ] ] ] ] } },
{ "type": "Feature", "properties": { "id_projet": "ecs-2025-14", "lib_com": "Paris", "insee_com": "75056", "dispositif": "Accompagnement sur le sujet des terres végétales recyclées", "thematique": "BTP Terres végétales recyclées", "nom_projet": "Paris", "nom_projet_carto": "Appui technique", "description": "Accompagnement et formation de la Ville de Paris sur le sujet des terres végétales recyclées.", "annee": "2025", "deliberation": null, "nom_beneficaire": "Ville de Paris", "cat_beneficiaire": "Commune", "type_aide": "Accompagnement", "representation_carto": "Zone (surface)", "intermediaire": "Non", "financement_fim": "Non", "trophee_ECS": null, "lib_carto": "Paris", "competence": "Développement et d’aménagement économique, social et culturel" }, "geometry": { "type": "MultiPolygon", "coordinates": [ [ [ [ 2.335171130235882, 48.901147241479613 ], [ 2.335273407514963, 48.901149607802758 ], [ 2.335547514800855, 48.901155625387133 ], [ 2.335641619568376, 48.901157046739662 ], [ 2.33617210231542, 48.901168981315784 ], [ 2.336718953357932, 48.901181004189645 ], [ 2.336791234132827, 48.901182303775137 ], [ 2.337239911460498, 48.901191082653114 ], [ 2.33740901370817, 48.901194716235082 ], [ 2.337509927177314, 48.901197073102281 ], [ 2.337542651851239, 48.901198153427089 ], [ 2.337699455215793, 48.90120351720374 ], [ 2.337838572298443, 48.901205185730454 ], [ 2.337938121802098, 48.901207534695743 ], [ 2.338615906773837, 48.90122117192697 ], [ 2.338656815520173, 48.901222297140599 ], [ 2.339771003032622, 48.901244631983104 ], [ 2.339953768500651, 48.901246538656203 ], [ 2.340031516874216, 48.901246967101102 ], [ 2.340720226352346, 48.90125975329908 ], [ 2.340746131097112, 48.901260795206952 ], [ 2.340814297287777, 48.901263868346646 ], [ 2.341382974518393, 48.90127599003808 ], [ 2.34216033386627, 48.901290154723526 ], [ 2.342325356115516, 48.90129285963495 ], [ 2.343207699250373, 48.901311191220103 ], [ 2.343269090987228, 48.901310628549346 ], [ 2.343363207588415, 48.90131114458152 ], [ 2.343755951427352, 48.90132049168308 ], [ 2.343792768335564, 48.901321592721168 ], [ 2.343914131142865, 48.90132495554333 ], [ 2.344055965436121, 48.901327531045389 ], [ 2.34410916179737, 48.901327822375343 ], [ 2.344128257927194, 48.901327926949563 ], [ 2.344505997924759, 48.901337189426322 ], [ 2.344984697418347, 48.901345204266981 ], [ 2.34517697756419, 48.901349852947597 ], [ 2.345415645397359, 48.901353855538765 ], [ 2.34571429581239, 48.901360883292121 ], [ 2.346634833599941, 48.901379398262485 ], [ 2.347714950134089, 48.901399674667331 ], [ 2.348077709681768, 48.901407045655773 ], [ 2.348300009855397, 48.901410953403989 ], [ 2.351919438674256, 48.901483652585455 ], [ 2.351983536160428, 48.901484898717442 ], [ 2.352419942516375, 48.901493554306143 ], [ 2.352490860100926, 48.901494837041668 ], [ 2.352604050967088, 48.901497247558211 ], [ 2.352848176106213, 48.901501264829832 ], [ 2.352983191245182, 48.901503792908812 ], [ 2.353155023634652, 48.901507418995607 ], [ 2.353314579909617, 48.90151097855275 ], [ 2.353505508562931, 48.901514707243187 ], [ 2.353669156931066, 48.901518288415915 ], [ 2.353749622689757, 48.901519621931492 ], [ 2.353806900185464, 48.901520830287929 ], [ 2.35390099494807, 48.901523136547674 ], [ 2.354021017179394, 48.901524683261641 ], [ 2.354078283528921, 48.901526790742402 ], [ 2.354153304404188, 48.901527195307871 ], [ 2.354259675337649, 48.901529567482946 ], [ 2.354411047659315, 48.901533081454495 ], [ 2.354513337718506, 48.901534532092924 ], [ 2.354638804910826, 48.901537006846688 ], [ 2.354835189819927, 48.901540762816389 ], [ 2.354979742130544, 48.901544239331258 ], [ 2.355047931814116, 48.901545505860852 ], [ 2.355238871856176, 48.901548332533835 ], [ 2.355527976592667, 48.90155528441462 ], [ 2.355788459304857, 48.901560283022015 ], [ 2.356046225156755, 48.90156436714112 ], [ 2.356261695392359, 48.901569122697055 ], [ 2.356448532417543, 48.90157282470188 ], [ 2.356621729293644, 48.901576453144038 ], [ 2.356865844004007, 48.901581361480766 ], [ 2.357044497008982, 48.901585018609133 ], [ 2.357214965931256, 48.901588631548627 ], [ 2.357403167112322, 48.901592339384656 ], [ 2.357641825897836, 48.901597216866442 ], [ 2.357731840008278, 48.901598598915243 ], [ 2.358409624151637, 48.901613023383703 ], [ 2.35843417648961, 48.90161315490419 ], [ 2.358518734573329, 48.90161450713525 ], [ 2.358573284246299, 48.901615698601013 ], [ 2.358702843883926, 48.901618191012155 ], [ 2.3588064871724, 48.901620544541956 ], [ 2.358895126260151, 48.901622817668674 ], [ 2.358972875349337, 48.901623233817844 ], [ 2.359038326122735, 48.9016253827292 ], [ 2.359086055722877, 48.901626537462825 ], [ 2.359120156203542, 48.901626719936218 ], [ 2.359158337671853, 48.901627823549461 ], [ 2.359291989425712, 48.901630337218158 ], [ 2.35940381688157, 48.9016327340115 ], [ 2.359457013639583, 48.90163301852467 ], [ 2.361150806042094, 48.901668145203679 ], [ 2.36229364613247, 48.901691322557028 ], [ 2.362408212914534, 48.901692831815517 ], [ 2.363601511934121, 48.901717164601159 ], [ 2.363766525654217, 48.901720739224601 ], [ 2.364009288677851, 48.901724726500554 ], [ 2.365340322639594, 48.901752471196481 ], [ 2.365619903608482, 48.901757549610579 ], [ 2.366177668838696, 48.901770395027675 ], [ 2.366369952440561, 48.901775009683469 ], [ 2.366830905114833, 48.901784641905351 ], [ 2.367666877395987, 48.901803447368962 ], [ 2.367964169356938, 48.901810412438046 ], [ 2.36831057722793, 48.901816736510803 ], [ 2.368749728027094, 48.901824447729986 ], [ 2.368883380747902, 48.901826950695408 ], [ 2.368937974485929, 48.901824540419362 ], [ 2.369021212759209, 48.901822281027542 ], [ 2.369103054303868, 48.901822712158655 ], [ 2.369767182472126, 48.901838799011848 ], [ 2.369937663990351, 48.901841494587302 ], [ 2.369979948807782, 48.90184171702181 ], [ 2.370007218452391, 48.90184275977537 ], [ 2.370301804653317, 48.901847906181665 ], [ 2.370535009708819, 48.901852729285601 ], [ 2.370961863164969, 48.901862166385143 ], [ 2.371646474533445, 48.901876551763017 ], [ 2.37184149791834, 48.901880272691066 ], [ 2.371846954028905, 48.901880301306399 ], [ 2.371864675537415, 48.901881293560017 ], [ 2.372017414094196, 48.901884792432497 ], [ 2.372073339233641, 48.901885085645795 ], [ 2.372163343377751, 48.901887356103835 ], [ 2.372582024082345, 48.901895845272101 ], [ 2.372706118136581, 48.901899193208784 ], [ 2.373859880662741, 48.901922317346951 ], [ 2.375345017135831, 48.901954353568641 ], [ 2.376564233996425, 48.901979591618904 ], [ 2.376618784463551, 48.901980774865535 ], [ 2.377349765264714, 48.901996268270935 ], [ 2.377416592050434, 48.901997514973779 ], [ 2.377807993861652, 48.902005844062685 ], [ 2.378071209021053, 48.902010808378918 ], [ 2.378709447205109, 48.902024912555433 ], [ 2.378720359464076, 48.902024969160159 ], [ 2.379775917060789, 48.902047526829193 ], [ 2.379856384301887, 48.902048842804959 ], [ 2.380268247390567, 48.902057269790845 ], [ 2.380350078692644, 48.902058592492835 ], [ 2.380371892524332, 48.902059604658376 ], [ 2.380427807195331, 48.902060793226838 ], [ 2.380616001028826, 48.902065363842482 ], [ 2.380817856626233, 48.902068206167314 ], [ 2.3809733244, 48.902071707721596 ], [ 2.381018326826202, 48.902072839614924 ], [ 2.381378356992869, 48.902080994896593 ], [ 2.381720665505001, 48.902088158303435 ], [ 2.381837951110512, 48.902090562315067 ], [ 2.382005706007042, 48.90209322663258 ], [ 2.382113443394347, 48.902095581107304 ], [ 2.382226626258509, 48.902098862883797 ], [ 2.382608492020509, 48.902106227778901 ], [ 2.382791240731128, 48.902109867595158 ], [ 2.382960349114634, 48.902113436860965 ], [ 2.383043533950848, 48.902115664006217 ], [ 2.383121273309046, 48.902116963735857 ], [ 2.383238559044115, 48.902119366375914 ], [ 2.38334493250573, 48.902121712718767 ], [ 2.383385842920003, 48.902122822653844 ], [ 2.383565863671847, 48.902126447243297 ], [ 2.383624527854534, 48.902125849847373 ], [ 2.383840066784666, 48.902125160249298 ], [ 2.384530045616337, 48.902147593358407 ], [ 2.384871915446143, 48.902076505440185 ], [ 2.385053788837778, 48.902038768999773 ], [ 2.385436663122644, 48.901960695504691 ], [ 2.385581611347943, 48.901930862589026 ], [ 2.388185332320258, 48.90138212175605 ], [ 2.389265395555089, 48.901175396644831 ], [ 2.389332400904479, 48.901161349320645 ], [ 2.389418534011639, 48.901144701539103 ], [ 2.390648764868562, 48.900927038368962 ], [ 2.390837239618766, 48.900907312964584 ], [ 2.391007512366607, 48.900811053232751 ], [ 2.39107744463727, 48.90077993289507 ], [ 2.391132383335479, 48.900747836982504 ], [ 2.391196964614367, 48.900707696254777 ], [ 2.391249196196808, 48.900673787903202 ], [ 2.39133010320764, 48.90063732732699 ], [ 2.391379606639099, 48.900603405052451 ], [ 2.391441406994441, 48.900567746616382 ], [ 2.391492232236025, 48.900537428257152 ], [ 2.391672092544934, 48.90043761902448 ], [ 2.3917723049084, 48.90038326996315 ], [ 2.391967367584054, 48.900266450554867 ], [ 2.392198039985451, 48.900137221172812 ], [ 2.392379314021242, 48.90003292146951 ], [ 2.3924465794339, 48.89999639091716 ], [ 2.392637421313149, 48.899890340726031 ], [ 2.392723865964705, 48.899846712778235 ], [ 2.392789745940771, 48.899811973628928 ], [ 2.39343385155966, 48.899437526313058 ], [ 2.393878739782337, 48.899185273228603 ], [ 2.394390875859686, 48.898897386012258 ], [ 2.394629782616, 48.898762797606949 ], [ 2.39505542823846, 48.898522133856886 ], [ 2.39551809460183, 48.898264568471149 ], [ 2.395610584956598, 48.898169708056692 ], [ 2.395613354583406, 48.898166124780452 ], [ 2.395669185473697, 48.898056690289359 ], [ 2.395713634991735, 48.897987667442607 ], [ 2.39571642547791, 48.89798228564176 ], [ 2.395761000117235, 48.897902471642297 ], [ 2.395786062202647, 48.897858531722477 ], [ 2.395794454489601, 48.897840587790881 ], [ 2.395838966272525, 48.897766169318025 ], [ 2.395840361503268, 48.897763478415605 ], [ 2.395866808247499, 48.897717746831816 ], [ 2.39590580153408, 48.897648696371121 ], [ 2.395932258596785, 48.897602065506909 ], [ 2.395962901268385, 48.89754736192188 ], [ 2.395964379956462, 48.89753747692793 ], [ 2.395985193446681, 48.89750700523259 ], [ 2.396015721245966, 48.897462193503173 ], [ 2.396539383644063, 48.896530445858595 ], [ 2.396700898365535, 48.89624617686043 ], [ 2.396703678235644, 48.89624169429036 ], [ 2.396738494301982, 48.896179816952134 ], [ 2.396806731051419, 48.896058753152687 ], [ 2.396919496928808, 48.895861471771859 ], [ 2.396943120266673, 48.895823819498531 ], [ 2.397007087405705, 48.895718022408651 ], [ 2.397044568009203, 48.895661554263434 ], [ 2.39719202218758, 48.895413186229725 ], [ 2.397390853554831, 48.895085936727469 ], [ 2.397609202840062, 48.89472191303625 ], [ 2.397667826349162, 48.894606196143954 ], [ 2.397770121226809, 48.894252380029876 ], [ 2.397882252664049, 48.893873432313917 ], [ 2.397999442600821, 48.893528683843947 ], [ 2.398236114786816, 48.892640448596261 ], [ 2.398769474282695, 48.890270725272352 ], [ 2.398772315958186, 48.890260847025381 ], [ 2.398903121545698, 48.889680543151641 ], [ 2.398941654577953, 48.889532348767588 ], [ 2.399111305942041, 48.888658161415044 ], [ 2.399119799374466, 48.888631224412109 ], [ 2.399135941386649, 48.888532380117411 ], [ 2.399139498914749, 48.888460452292485 ], [ 2.399169562774805, 48.887627831601051 ], [ 2.399171860301647, 48.887546904176567 ], [ 2.399174313465041, 48.887452487699981 ], [ 2.399183788008383, 48.887222308833813 ], [ 2.399189611731324, 48.887072151271887 ], [ 2.399196286232862, 48.88684825353171 ], [ 2.399202078751087, 48.886700793729169 ], [ 2.399208130623514, 48.886530852144155 ], [ 2.399206829247257, 48.886525449678821 ], [ 2.399215712086219, 48.886346529044403 ], [ 2.399220265375465, 48.886188271082034 ], [ 2.399224082004894, 48.886093861329805 ], [ 2.399227597744506, 48.886025530426309 ], [ 2.399232171719419, 48.885865473875171 ], [ 2.399241811713725, 48.885620906332051 ], [ 2.399247479471483, 48.885484237619025 ], [ 2.399251617609398, 48.885361950390411 ], [ 2.399280885994179, 48.885307238504232 ], [ 2.399467486685998, 48.884971827520566 ], [ 2.399486970997726, 48.884937750940963 ], [ 2.399498118211743, 48.884917122401198 ], [ 2.399523191633704, 48.884871382635431 ], [ 2.399686131518929, 48.884577221436118 ], [ 2.399745978178278, 48.884472300560702 ], [ 2.399797518782036, 48.884378129899865 ], [ 2.399893615779397, 48.884204142674697 ], [ 2.399964639527468, 48.884075895243299 ], [ 2.400106665255306, 48.883821198754852 ], [ 2.400492240382726, 48.883494876497572 ], [ 2.400508810029977, 48.883476972966669 ], [ 2.400581844136197, 48.883410788589721 ], [ 2.400979747165697, 48.883079130439512 ], [ 2.401008650422905, 48.883055892590313 ], [ 2.401343288081369, 48.882770681539832 ], [ 2.401507160545186, 48.882631206054434 ], [ 2.401737410896383, 48.882529833716305 ], [ 2.402025238063836, 48.882401768746711 ], [ 2.402247274312454, 48.882303052367817 ], [ 2.402540583986402, 48.882172315540629 ], [ 2.402629666381499, 48.882133189719454 ], [ 2.402905145386394, 48.882011356278944 ], [ 2.403047703077028, 48.881946416375527 ], [ 2.403158703907277, 48.881898406182081 ], [ 2.403232724957176, 48.881864600778812 ], [ 2.403467089977939, 48.881760547608877 ], [ 2.403494493982592, 48.88174899291014 ], [ 2.403654858139889, 48.881676946383926 ], [ 2.403709676262498, 48.881652937617481 ], [ 2.403965958291773, 48.881539999356278 ], [ 2.40457585141299, 48.881268739620431 ], [ 2.405612426937696, 48.881006790497217 ], [ 2.406761832965058, 48.880774169991717 ], [ 2.406917638313954, 48.8807425661781 ], [ 2.407077544145842, 48.880710083143043 ], [ 2.407174586520526, 48.880689879199572 ], [ 2.407411010438594, 48.880643385367279 ], [ 2.407856546632826, 48.880553858526945 ], [ 2.408068396152382, 48.880509939827526 ], [ 2.408280224879402, 48.880467819304016 ], [ 2.408354026028353, 48.88045289549202 ], [ 2.408440118802962, 48.880436233717219 ], [ 2.409359835767224, 48.88025551338977 ], [ 2.409415210652019, 48.88018204176997 ], [ 2.409929745359619, 48.879537962728428 ], [ 2.410682196515709, 48.878592878384545 ], [ 2.410820319151064, 48.878436175815359 ], [ 2.411648466507144, 48.877425806124585 ], [ 2.412208384325075, 48.876742368492479 ], [ 2.412453090020586, 48.876443193702109 ], [ 2.412668536044865, 48.875715793676385 ], [ 2.412719624294485, 48.875537976920349 ], [ 2.412820223511261, 48.875201221469133 ], [ 2.412940718869718, 48.874792616936809 ], [ 2.413149061161166, 48.874089462137746 ], [ 2.413431063629795, 48.873140250511511 ], [ 2.413646198880088, 48.872438026479635 ], [ 2.413649310091611, 48.872403867071654 ], [ 2.41365847160794, 48.872316676657888 ], [ 2.413660280284812, 48.872277114867821 ], [ 2.413691675458419, 48.871910340740705 ], [ 2.413699048431472, 48.87186091352428 ], [ 2.41370496704437, 48.871819573181654 ], [ 2.413720181761154, 48.871557941672947 ], [ 2.41378770426994, 48.870888268687928 ], [ 2.413812498274288, 48.870744496650978 ], [ 2.413832679230656, 48.870526057249563 ], [ 2.413837163536687, 48.87049100516856 ], [ 2.413868647460327, 48.870116136835712 ], [ 2.413918823766366, 48.869655023734303 ], [ 2.41392629738481, 48.86959660354718 ], [ 2.413932326856992, 48.869545370966819 ], [ 2.413932458389641, 48.869533680253639 ], [ 2.413930460508066, 48.869468918336686 ], [ 2.41393808585335, 48.8693970088529 ], [ 2.413956477652905, 48.86921633249775 ], [ 2.41396064494842, 48.867513010284192 ], [ 2.413981727024356, 48.867093123136051 ], [ 2.413994394833126, 48.866815289944405 ], [ 2.413995798413295, 48.866811699467 ], [ 2.413999020337852, 48.866767647709345 ], [ 2.413999182197129, 48.866753259103021 ], [ 2.413996810038715, 48.866721770678105 ], [ 2.414011728438983, 48.866486217281597 ], [ 2.414009710343824, 48.866423253763848 ], [ 2.414009328487379, 48.866336016134156 ], [ 2.414009854516087, 48.866289253144679 ], [ 2.414003527142931, 48.866124643334281 ], [ 2.414003064371064, 48.866044599988847 ], [ 2.413979138633278, 48.865384368547495 ], [ 2.413977335687162, 48.865181109189784 ], [ 2.413975532755114, 48.864977849794734 ], [ 2.413951255837118, 48.864712425919947 ], [ 2.413985388130426, 48.86446527477424 ], [ 2.413994203750113, 48.864408659562578 ], [ 2.414012057473055, 48.864275644750677 ], [ 2.414020883147006, 48.864218130237376 ], [ 2.414094840973361, 48.863702271343378 ], [ 2.4141053834727, 48.863613288301345 ], [ 2.414117481122137, 48.863507225403659 ], [ 2.414120439789225, 48.863486555066096 ], [ 2.414136707359646, 48.863373317846879 ], [ 2.414245595466344, 48.862296440808677 ], [ 2.414244353802721, 48.862285642638952 ], [ 2.414265538788356, 48.862098683375947 ], [ 2.414370428780845, 48.86064945777057 ], [ 2.414419985069012, 48.860242298110329 ], [ 2.414701692063774, 48.858704000544719 ], [ 2.414711878934123, 48.858646492357373 ], [ 2.414739673209084, 48.858477551619934 ], [ 2.41475298984724, 48.858384084958864 ], [ 2.414777613619787, 48.858254699816335 ], [ 2.414865052972925, 48.857750595161065 ], [ 2.414946756430613, 48.857271643839319 ], [ 2.415117043674978, 48.856186066948794 ], [ 2.415121455219413, 48.856157309442082 ], [ 2.415286455935682, 48.855177828333709 ], [ 2.415367717605381, 48.854737545419063 ], [ 2.415370655098158, 48.854718673482807 ], [ 2.415418129624173, 48.854495867330385 ], [ 2.415437076791709, 48.854386239524686 ], [ 2.415442850796509, 48.854357488617232 ], [ 2.415476353848527, 48.85416519193268 ], [ 2.415842449810515, 48.852144345428471 ], [ 2.415986159266819, 48.851359914907093 ], [ 2.415987602609048, 48.851352727154122 ], [ 2.415997857174139, 48.851288923372628 ], [ 2.416002207346146, 48.851265561510509 ], [ 2.41604752505516, 48.85099148096694 ], [ 2.416157072995074, 48.850336389210653 ], [ 2.416202227882441, 48.850076697205225 ], [ 2.416266154787504, 48.84972266485628 ], [ 2.416276408690785, 48.849658860957447 ], [ 2.416282181708712, 48.849630109887244 ], [ 2.416287995013767, 48.849597761608052 ], [ 2.416289448338903, 48.84958967453808 ], [ 2.416292395280993, 48.849569903189824 ], [ 2.416292566526906, 48.849554615055425 ], [ 2.416295473172902, 48.849538440914635 ], [ 2.416305626273584, 48.849483630023656 ], [ 2.416309956010981, 48.849462066716647 ], [ 2.41632160268741, 48.849395571540278 ], [ 2.416325962628902, 48.849371310324457 ], [ 2.416341130298895, 48.849233783557054 ], [ 2.41634983851788, 48.848699611161116 ], [ 2.41608254195676, 48.8472584436266 ], [ 2.416026185035231, 48.846937099470722 ], [ 2.415983930397751, 48.846694967145197 ], [ 2.415971110769568, 48.846622956282282 ], [ 2.415963529871942, 48.846569857413158 ], [ 2.415937890768933, 48.846425835660703 ], [ 2.415914835855735, 48.846294417453628 ], [ 2.415864779782865, 48.846018970753413 ], [ 2.415859682299911, 48.845987468471769 ], [ 2.41578781412454, 48.845591401672706 ], [ 2.415767656458794, 48.845444708456206 ], [ 2.415752223227879, 48.845362791822104 ], [ 2.415736548076176, 48.845302458510133 ], [ 2.415663673457239, 48.844996321963023 ], [ 2.415612339279208, 48.844835086677215 ], [ 2.415588650567443, 48.844760324489293 ], [ 2.415299092607448, 48.843849661242146 ], [ 2.415270146448818, 48.843757785462053 ], [ 2.415204402302516, 48.843545216079178 ], [ 2.415200395510431, 48.84353800164363 ], [ 2.415164950017219, 48.843418213996863 ], [ 2.415138678876488, 48.84333084800582 ], [ 2.415112367454111, 48.843247079230267 ], [ 2.415099237006263, 48.843202946570337 ], [ 2.415068999715945, 48.843104768876763 ], [ 2.414913959728251, 48.842593176100713 ], [ 2.414849601173435, 48.842378814349296 ], [ 2.414248164600639, 48.840488118732495 ], [ 2.414046530133939, 48.839759549826937 ], [ 2.414022856085412, 48.8396838876792 ], [ 2.413576795197298, 48.838277800926789 ], [ 2.413571497493245, 48.8382642845474 ], [ 2.413203191666156, 48.837214722840685 ], [ 2.41301705652408, 48.836684984947908 ], [ 2.41285203333191, 48.836216506762867 ], [ 2.412245612562639, 48.834538914678525 ], [ 2.411471874927622, 48.833928938778129 ], [ 2.411628818451134, 48.833904528716282 ], [ 2.411844419906811, 48.833873211992497 ], [ 2.412083209826149, 48.833839310770294 ], [ 2.412301504825287, 48.833810704555795 ], [ 2.412586590425244, 48.833778828525659 ], [ 2.412742018752122, 48.833767900026217 ], [ 2.412954691917735, 48.833754554209634 ], [ 2.413170099598751, 48.83374032206752 ], [ 2.413505425613418, 48.833723080160809 ], [ 2.413921063446629, 48.833711627056715 ], [ 2.414200304373577, 48.833714793746715 ], [ 2.414401876898559, 48.833719378273152 ], [ 2.414633378560053, 48.833727706394981 ], [ 2.414898855796042, 48.833743395188776 ], [ 2.415166997155566, 48.83376449260281 ], [ 2.415470466512807, 48.83379385634516 ], [ 2.415752049454575, 48.833831206683456 ], [ 2.415968294997262, 48.833863740518666 ], [ 2.416198022348807, 48.833908930858875 ], [ 2.416456276936897, 48.833961454846097 ], [ 2.416608457114135, 48.833997272390789 ], [ 2.416996956303086, 48.834098096672669 ], [ 2.417337888379132, 48.834188794968711 ], [ 2.417997648546865, 48.834397961313748 ], [ 2.418225726669396, 48.834469221225056 ], [ 2.419349709161047, 48.834831730031389 ], [ 2.419796237439637, 48.834983191087112 ], [ 2.420222454034239, 48.835123759640069 ], [ 2.420386670788106, 48.8351803159903 ], [ 2.420621447102113, 48.835262396057146 ], [ 2.420846708088571, 48.835342630856601 ], [ 2.420915945249885, 48.835364550773825 ], [ 2.421016385376026, 48.835398313401996 ], [ 2.421675906213892, 48.835631740700691 ], [ 2.422038224535489, 48.835761201345761 ], [ 2.422138636243514, 48.835797660960381 ], [ 2.421991639117929, 48.836030784749411 ], [ 2.421801471133151, 48.836348239610949 ], [ 2.421690280536158, 48.836546460921504 ], [ 2.421585771008499, 48.836756406098779 ], [ 2.421512524488783, 48.836972797875035 ], [ 2.42147573630694, 48.837095832387092 ], [ 2.421447122003683, 48.83721890641052 ], [ 2.42139915989427, 48.837489381954875 ], [ 2.42125409359263, 48.838161401602576 ], [ 2.421087684873327, 48.838791946867403 ], [ 2.421073451730373, 48.838846738908885 ], [ 2.421062063196676, 48.838890752401149 ], [ 2.420930485621126, 48.839329002811134 ], [ 2.420772547136301, 48.8396870823481 ], [ 2.420719456350944, 48.839805540612431 ], [ 2.420613354031453, 48.840035262552199 ], [ 2.420565932154411, 48.840133962286956 ], [ 2.420522687346351, 48.840224588004531 ], [ 2.420475365118683, 48.840314294588289 ], [ 2.420393582068758, 48.840439808508165 ], [ 2.420303634051087, 48.840564383434746 ], [ 2.420222160312099, 48.840662018613912 ], [ 2.420132581698629, 48.840753318937601 ], [ 2.420019821334009, 48.840846305513224 ], [ 2.41977603702379, 48.84108165442025 ], [ 2.419713896051174, 48.841155999686841 ], [ 2.419634904840928, 48.841275231048478 ], [ 2.419538952900592, 48.841449240854786 ], [ 2.419469538255405, 48.841687233711845 ], [ 2.419442499539574, 48.841790528573526 ], [ 2.419393871653109, 48.841997144700706 ], [ 2.419382280642248, 48.842059144075755 ], [ 2.419371841680653, 48.842140035533056 ], [ 2.419357555615491, 48.842321636271791 ], [ 2.41935468026345, 48.842457425177059 ], [ 2.419356954364108, 48.842497907263173 ], [ 2.41937013833373, 48.842537542943873 ], [ 2.419390134732613, 48.842577211685473 ], [ 2.419441037510713, 48.842655702744196 ], [ 2.419469248987137, 48.842691813909639 ], [ 2.419582435801277, 48.842805682029905 ], [ 2.4197349150669, 48.842939526461421 ], [ 2.419784646448259, 48.843000923895225 ], [ 2.419823548067882, 48.843055973290298 ], [ 2.419848924917877, 48.843101963520532 ], [ 2.419862069372619, 48.843145196355586 ], [ 2.419865686374401, 48.843187483629343 ], [ 2.419866067853579, 48.843275622365034 ], [ 2.419865327082177, 48.843342171110415 ], [ 2.419859968239217, 48.843456363315184 ], [ 2.420056300570065, 48.843567936007702 ], [ 2.420114528184451, 48.843600595071791 ], [ 2.420262261349782, 48.843671460822705 ], [ 2.421003628269744, 48.844028497882711 ], [ 2.421448168812277, 48.844243795708827 ], [ 2.421700291351149, 48.844362830224796 ], [ 2.421847988927574, 48.844437291195561 ], [ 2.421923317151381, 48.844402580372112 ], [ 2.422019252758618, 48.844352680029473 ], [ 2.422112483071237, 48.844300967830762 ], [ 2.422225007899311, 48.844229562934473 ], [ 2.422325349452309, 48.844150904259735 ], [ 2.422435387811297, 48.844057902630261 ], [ 2.422534595380905, 48.843958553127678 ], [ 2.422653126853874, 48.843836812913985 ], [ 2.422765094224838, 48.843692557016041 ], [ 2.422853619496058, 48.843573369859087 ], [ 2.422902054143752, 48.843506151856062 ], [ 2.422944958988702, 48.843446102000762 ], [ 2.422965715186558, 48.843417422741453 ], [ 2.423043319611247, 48.843299981453612 ], [ 2.423152967854645, 48.843118840362244 ], [ 2.423283341302335, 48.842911717737422 ], [ 2.423413216258988, 48.842749560338831 ], [ 2.423491922523837, 48.842655507269811 ], [ 2.423569156612504, 48.842571339967051 ], [ 2.423643605821189, 48.842492555329592 ], [ 2.423726299278977, 48.842407514861634 ], [ 2.423806187977489, 48.842329655673147 ], [ 2.423880556955075, 48.842258065339585 ], [ 2.42394800402987, 48.84219633454606 ], [ 2.424023605893133, 48.842136441688389 ], [ 2.424095030739686, 48.842084622880847 ], [ 2.424195116954185, 48.842028445205763 ], [ 2.424347225006844, 48.841950033872685 ], [ 2.42440058961805, 48.841929605451618 ], [ 2.424464863838393, 48.841908330137379 ], [ 2.424534597793657, 48.841886181695934 ], [ 2.424652097345379, 48.841857068099173 ], [ 2.424738150931653, 48.841837696097315 ], [ 2.424829614606771, 48.841821947472404 ], [ 2.42491969591837, 48.841807990845567 ], [ 2.425004277726061, 48.841798504500815 ], [ 2.425095651972973, 48.841790849453133 ], [ 2.425182928889208, 48.841784074004494 ], [ 2.425279762847904, 48.841775545693878 ], [ 2.425818628737497, 48.841715178374187 ], [ 2.427303780868216, 48.841591890845621 ], [ 2.427575156761256, 48.841570705799498 ], [ 2.428130169985212, 48.841528392478445 ], [ 2.428244744502207, 48.841517248507451 ], [ 2.428351124513047, 48.841507863981974 ], [ 2.430639721610671, 48.841299335444205 ], [ 2.430718812462053, 48.841293416355818 ], [ 2.431532950269271, 48.841228037491554 ], [ 2.432248999683828, 48.841161288241047 ], [ 2.432334902374451, 48.841155400414671 ], [ 2.432487613868869, 48.841145332708685 ], [ 2.432915783985955, 48.841114087023179 ], [ 2.433454624414471, 48.84105458458199 ], [ 2.433544643445916, 48.841046017312941 ], [ 2.433560279288978, 48.841111744381919 ], [ 2.433572042847849, 48.841157667266394 ], [ 2.43366970903699, 48.841197701363122 ], [ 2.434157914406087, 48.841158641230159 ], [ 2.435546277971638, 48.841036592332095 ], [ 2.435776725652443, 48.841019692354209 ], [ 2.437184204443509, 48.840893217842293 ], [ 2.4372817171976, 48.841326266941735 ], [ 2.437541681997126, 48.842614467303299 ], [ 2.437896138019326, 48.844365377401715 ], [ 2.437914282329583, 48.844451800592516 ], [ 2.437940155768808, 48.844579630343908 ], [ 2.437958319623622, 48.844664254895903 ], [ 2.438172470882146, 48.844643676310866 ], [ 2.438379818974271, 48.844622166052304 ], [ 2.438614427325191, 48.844599884004388 ], [ 2.438767196121514, 48.844585311773898 ], [ 2.439488703517967, 48.844521242882173 ], [ 2.439713724857318, 48.844503410529612 ], [ 2.439994658265582, 48.844481342725828 ], [ 2.440171951937437, 48.844466883502214 ], [ 2.440334247985239, 48.844453253208819 ], [ 2.440519707011923, 48.844439731022348 ], [ 2.440576916945584, 48.844695414866322 ], [ 2.440592398650243, 48.844776429035186 ], [ 2.440600207091121, 48.844810640961619 ], [ 2.440607909361443, 48.844854745272656 ], [ 2.440615688866213, 48.844891655119078 ], [ 2.440704312198336, 48.844886673352136 ], [ 2.440801139730463, 48.844879031809484 ], [ 2.440863909987161, 48.845251657243828 ], [ 2.440681366302256, 48.845247206544258 ], [ 2.44075815339398, 48.84596434933394 ], [ 2.440856355142051, 48.845955814816357 ], [ 2.441832429345915, 48.845916304436741 ], [ 2.442269940068898, 48.845906653274348 ], [ 2.444135703949513, 48.845877563877146 ], [ 2.444286978123056, 48.845875568586159 ], [ 2.444920679114487, 48.845868617580678 ], [ 2.446646486889992, 48.845801966183075 ], [ 2.446497282929874, 48.844967576616057 ], [ 2.446969039372334, 48.844940079691192 ], [ 2.447455935881397, 48.844898261196654 ], [ 2.44785282741999, 48.844863220176364 ], [ 2.448268851168167, 48.844822869962279 ], [ 2.448653554808404, 48.844780575260366 ], [ 2.449090129484815, 48.844729524674108 ], [ 2.449526722303672, 48.844676673874972 ], [ 2.44999200348537, 48.844616758561116 ], [ 2.450371339412655, 48.844566339491585 ], [ 2.450813502906814, 48.844501818012567 ], [ 2.451865891066269, 48.84432857267123 ], [ 2.452228901075269, 48.844275374855997 ], [ 2.452620580123383, 48.844216911003514 ], [ 2.453503390540451, 48.844101333159045 ], [ 2.454324563365996, 48.844016045663089 ], [ 2.455169018589407, 48.843919166988456 ], [ 2.45645703966083, 48.843752350300683 ], [ 2.456779071761003, 48.843707946027962 ], [ 2.457843527623449, 48.843549991934779 ], [ 2.458370345152385, 48.843466939756595 ], [ 2.458614645467267, 48.843428474059436 ], [ 2.459336924080817, 48.843286045388091 ], [ 2.459873497765624, 48.843181446219134 ], [ 2.461008304467566, 48.842938343073229 ], [ 2.461464604893392, 48.842821683479663 ], [ 2.46179392235388, 48.842730532157276 ], [ 2.462209409518415, 48.842607390621644 ], [ 2.462445908347604, 48.842532008553391 ], [ 2.462672906191356, 48.842452985928496 ], [ 2.462847962202229, 48.842389918011591 ], [ 2.462992978353152, 48.842333010465495 ], [ 2.463185977371422, 48.842247538763147 ], [ 2.463519810699625, 48.84211413332973 ], [ 2.463741475493356, 48.842023393152097 ], [ 2.464181057444528, 48.841808618685889 ], [ 2.464478376103009, 48.841648066381531 ], [ 2.464679822019385, 48.841535649440367 ], [ 2.46490324180869, 48.841406242722755 ], [ 2.465258517101662, 48.841173999356464 ], [ 2.465410865260516, 48.841065858438839 ], [ 2.465504258746295, 48.840993428084296 ], [ 2.465699348660684, 48.840836013271911 ], [ 2.465876734920337, 48.840677619724588 ], [ 2.466073332363316, 48.840505821327945 ], [ 2.466164109594405, 48.840422586498953 ], [ 2.466436743355436, 48.840143204210982 ], [ 2.466639265157902, 48.839924664791013 ], [ 2.466928748572963, 48.839595891875973 ], [ 2.467189700650502, 48.839258896902017 ], [ 2.467319402317013, 48.839099389275724 ], [ 2.467621248579607, 48.838759877265105 ], [ 2.46778660841248, 48.838577144514808 ], [ 2.467913269660949, 48.838448200739016 ], [ 2.468023306407835, 48.838346163566293 ], [ 2.468075517268972, 48.838303226659491 ], [ 2.468546929395537, 48.837901511085661 ], [ 2.468673394608693, 48.837791452057239 ], [ 2.468835619729405, 48.837648275493272 ], [ 2.468911255037573, 48.837579360874805 ], [ 2.468992403699485, 48.837504175183845 ], [ 2.469235747548336, 48.837288510228184 ], [ 2.469472533957363, 48.837047633665797 ], [ 2.469573293706517, 48.836919472464785 ], [ 2.469661828529989, 48.836787659536597 ], [ 2.469803238423913, 48.836547258676369 ], [ 2.469835303782604, 48.836475452212319 ], [ 2.469851066867316, 48.836399076694924 ], [ 2.469838477205297, 48.836297393495414 ], [ 2.46983898943172, 48.836247031741316 ], [ 2.469841147530553, 48.836168797192784 ], [ 2.469834017515895, 48.835798230172301 ], [ 2.469787974771503, 48.835503036634677 ], [ 2.469724350790883, 48.835195174038844 ], [ 2.469609262628323, 48.834857404285998 ], [ 2.469537639367605, 48.834666422595319 ], [ 2.469510961185397, 48.834610544023519 ], [ 2.46949629644682, 48.834579001418774 ], [ 2.469482994004041, 48.834547464853578 ], [ 2.469488708542685, 48.83452140878866 ], [ 2.469499917944533, 48.834490880298986 ], [ 2.469496032469829, 48.834471077166846 ], [ 2.469471685406375, 48.834453881355685 ], [ 2.469443242380142, 48.834437566729811 ], [ 2.469409341118773, 48.834422127243116 ], [ 2.469397245421389, 48.834405885121768 ], [ 2.469324827037555, 48.834293143947015 ], [ 2.469197169521043, 48.834119900511581 ], [ 2.469012572659206, 48.833919423361422 ], [ 2.468891206101009, 48.833797470961542 ], [ 2.468756135072832, 48.833683551792035 ], [ 2.46861815678055, 48.833587606736401 ], [ 2.468485472111639, 48.833506974153707 ], [ 2.468248335054883, 48.833382707804688 ], [ 2.468095144387775, 48.833309178482104 ], [ 2.467962286840511, 48.833245632366499 ], [ 2.46788233673952, 48.833203906135097 ], [ 2.467760304190909, 48.833147602827744 ], [ 2.467651793278926, 48.833101252538611 ], [ 2.467329087259266, 48.832952320688037 ], [ 2.467127134516121, 48.832851592095594 ], [ 2.466938823254061, 48.832749125226918 ], [ 2.466569253346512, 48.832520838634885 ], [ 2.466519228374959, 48.832483741720488 ], [ 2.466273218864985, 48.832295577093056 ], [ 2.466051795461354, 48.832101226153952 ], [ 2.465822578289196, 48.831869966137475 ], [ 2.465627464284063, 48.831634361191021 ], [ 2.465575149755094, 48.831554983617195 ], [ 2.465568633789725, 48.831526174926793 ], [ 2.465577074349572, 48.831500131152133 ], [ 2.465584180362069, 48.831471383327901 ], [ 2.465581612699125, 48.83145608270479 ], [ 2.465561401023302, 48.831434407708464 ], [ 2.465532933207311, 48.831420790070567 ], [ 2.465505790718533, 48.831410775795696 ], [ 2.465481400294529, 48.831398075728472 ], [ 2.465426352616534, 48.831319585217777 ], [ 2.465348867285401, 48.831170844139926 ], [ 2.465272790705597, 48.831017612477815 ], [ 2.465208909624012, 48.830870730812684 ], [ 2.465144936633404, 48.830732842305459 ], [ 2.465077154299845, 48.8305679558325 ], [ 2.465037516514101, 48.830448163319318 ], [ 2.465028230500576, 48.830423838992047 ], [ 2.465004468244834, 48.83034998496116 ], [ 2.464947851837452, 48.830159066778911 ], [ 2.464899058013573, 48.83000235932937 ], [ 2.464805613092892, 48.82968356665986 ], [ 2.464771526757095, 48.829553905803635 ], [ 2.464738811968145, 48.82942335169686 ], [ 2.464702177139618, 48.829276591475249 ], [ 2.464679062295358, 48.829139784739979 ], [ 2.464670118369934, 48.829082185427644 ], [ 2.464649617136647, 48.828956182727353 ], [ 2.464632015731462, 48.828813105074687 ], [ 2.464607627050193, 48.828535092395491 ], [ 2.464610827079945, 48.828356133232205 ], [ 2.464637118493171, 48.827918260411273 ], [ 2.464646704073337, 48.827780700515561 ], [ 2.464651159771185, 48.827744745868792 ], [ 2.464661941154306, 48.82762337987247 ], [ 2.464743842380538, 48.827606658527898 ], [ 2.464857117912069, 48.827585580697296 ], [ 2.464971773905716, 48.827562710205392 ], [ 2.465094593138124, 48.827540775480642 ], [ 2.465232235297585, 48.827667302121171 ], [ 2.465391059409462, 48.827587968734306 ], [ 2.465433505689706, 48.82756657371413 ], [ 2.466178324692476, 48.827327971479285 ], [ 2.465894162282311, 48.826611707279206 ], [ 2.465794430549395, 48.826374728634548 ], [ 2.465730572119005, 48.82622604799036 ], [ 2.465712037823175, 48.826173801959712 ], [ 2.465529328804514, 48.825660346788524 ], [ 2.465502853142913, 48.825585581043043 ], [ 2.465319736172735, 48.824979488644885 ], [ 2.465189202930903, 48.824957320142509 ], [ 2.465299394785838, 48.824705090729992 ], [ 2.465240895636576, 48.824565427223753 ], [ 2.465186418264485, 48.824432077228586 ], [ 2.465157201244621, 48.82435909779479 ], [ 2.465122665434857, 48.82427350341321 ], [ 2.465093540859405, 48.824191530689909 ], [ 2.465052186014252, 48.824106805139969 ], [ 2.465044244672475, 48.82408428542211 ], [ 2.464026027775455, 48.822302573947248 ], [ 2.464004828140454, 48.822244919293524 ], [ 2.463944779099116, 48.822124134629597 ], [ 2.463870035557543, 48.821975403585697 ], [ 2.463801935694715, 48.821842890917409 ], [ 2.463751319439641, 48.821732041472515 ], [ 2.463724635577016, 48.821677959622463 ], [ 2.463403193342944, 48.82114948680249 ], [ 2.46319718783961, 48.820786115931362 ], [ 2.463158395938868, 48.820717589619733 ], [ 2.462867047647515, 48.820177558136876 ], [ 2.462784389082918, 48.81974009240092 ], [ 2.462696960503024, 48.819369158503747 ], [ 2.462529348017551, 48.819246090661586 ], [ 2.46258308226595, 48.81918607426924 ], [ 2.462653372042783, 48.819105446696639 ], [ 2.462696062752352, 48.819059770569197 ], [ 2.462452056780199, 48.818948950486359 ], [ 2.461205214252254, 48.818355149158926 ], [ 2.460530369825204, 48.81802743277823 ], [ 2.459540902052887, 48.817571479118129 ], [ 2.459115403967741, 48.81736539730278 ], [ 2.45941357657735, 48.816847807107479 ], [ 2.459119228635604, 48.81699667138443 ], [ 2.458717081488417, 48.81703442398824 ], [ 2.458053997051858, 48.817019728503283 ], [ 2.455919276695358, 48.817081983643291 ], [ 2.455102212840573, 48.817075564762639 ], [ 2.454833793289462, 48.817087831822704 ], [ 2.454688003291217, 48.817094362000667 ], [ 2.454662128704556, 48.81709424399174 ], [ 2.454388252261233, 48.817107384537927 ], [ 2.454202941109535, 48.817116431897794 ], [ 2.454073511635534, 48.817121237259386 ], [ 2.453978137082168, 48.81712529862785 ], [ 2.453452200812277, 48.817148977566127 ], [ 2.453332181373585, 48.817165517003232 ], [ 2.453283089776462, 48.817171588164179 ], [ 2.453001997808054, 48.817223365634156 ], [ 2.45273175268715, 48.817279688961065 ], [ 2.452700355199985, 48.817286740242437 ], [ 2.452525711109092, 48.817317418810553 ], [ 2.452360486259382, 48.817358932754715 ], [ 2.452244419215035, 48.817388080440352 ], [ 2.451314544744706, 48.817618553601307 ], [ 2.451239473535739, 48.817634397817777 ], [ 2.450806758669985, 48.817728644108662 ], [ 2.45055842115609, 48.817773371282136 ], [ 2.450169681068155, 48.817830043627183 ], [ 2.449836898946705, 48.817875280335628 ], [ 2.449753722306277, 48.817884790707339 ], [ 2.449670555127019, 48.817893401690903 ], [ 2.449422529215229, 48.817908448603042 ], [ 2.448934733550394, 48.817930484570816 ], [ 2.448385683123887, 48.817949537855725 ], [ 2.447786272701002, 48.817965657930181 ], [ 2.447573825309135, 48.817964676587287 ], [ 2.447409099584878, 48.817958519177829 ], [ 2.446707989538548, 48.817932792594064 ], [ 2.446618136646437, 48.817929678656242 ], [ 2.445957624591826, 48.817928418656038 ], [ 2.444713170131854, 48.817897463350178 ], [ 2.444180901563039, 48.81787520404955 ], [ 2.443731293079062, 48.817892000060098 ], [ 2.442686608207407, 48.817901525341021 ], [ 2.442325672531204, 48.817904339348502 ], [ 2.442096739080842, 48.817916761997338 ], [ 2.441855394935069, 48.81794351626796 ], [ 2.441012128685444, 48.818093370009187 ], [ 2.440137361263479, 48.818259259051231 ], [ 2.43993688933702, 48.818284402073054 ], [ 2.439853739221728, 48.818291207567285 ], [ 2.439727077526854, 48.818291513508463 ], [ 2.439400339937336, 48.818280088945322 ], [ 2.438447510274186, 48.818232447882238 ], [ 2.437576383457783, 48.818186082925244 ], [ 2.43745251361453, 48.818180103965524 ], [ 2.437328614686425, 48.818176822864316 ], [ 2.437334899886154, 48.818225418670735 ], [ 2.437403319816506, 48.818826522689328 ], [ 2.437442471570392, 48.819110909080791 ], [ 2.437431460169088, 48.819121649761115 ], [ 2.437420468169278, 48.819130591783882 ], [ 2.437387511554407, 48.81915561918926 ], [ 2.437344953868419, 48.819186897024089 ], [ 2.437236793244596, 48.819239451075525 ], [ 2.436924916588071, 48.819364794539631 ], [ 2.436502638623521, 48.819497711323756 ], [ 2.436435702337469, 48.819516282710104 ], [ 2.436331907696515, 48.819542774677373 ], [ 2.436027653556642, 48.819592604336854 ], [ 2.435170386036825, 48.819647916598058 ], [ 2.434901851098011, 48.819669132161088 ], [ 2.434768951783175, 48.819616340339742 ], [ 2.434655187346716, 48.819557343222087 ], [ 2.434461715978788, 48.819438610359882 ], [ 2.434407640770512, 48.81940148026186 ], [ 2.434353594907106, 48.81936165215479 ], [ 2.434144075250624, 48.819215861610871 ], [ 2.434261834796676, 48.819910735391993 ], [ 2.434287751289358, 48.820158185694318 ], [ 2.434107829815101, 48.820296737202227 ], [ 2.43328036705762, 48.820866618364654 ], [ 2.433093787310494, 48.820990746763776 ], [ 2.432480242297729, 48.821425830878717 ], [ 2.432890021773651, 48.82169308982855 ], [ 2.432634430984657, 48.821900531733156 ], [ 2.432194835497047, 48.821619639799344 ], [ 2.430465711835115, 48.822809380218708 ], [ 2.430403941923842, 48.82285315521176 ], [ 2.43037098941349, 48.822877281275723 ], [ 2.430628080921095, 48.823157310770554 ], [ 2.430565164841366, 48.823181294211231 ], [ 2.430269808521484, 48.823286912567873 ], [ 2.430014105783506, 48.823378329267307 ], [ 2.429860963974269, 48.82343246086036 ], [ 2.429694192167298, 48.823487426624808 ], [ 2.429375816366272, 48.823580341782993 ], [ 2.429226897097742, 48.823621901515928 ], [ 2.428768027745992, 48.823733031181916 ], [ 2.428318858027208, 48.823828916151307 ], [ 2.427958492642778, 48.823900041887505 ], [ 2.427741530761156, 48.823935878035904 ], [ 2.427420879060437, 48.823987406034441 ], [ 2.426982996027741, 48.824047365196591 ], [ 2.42657519468203, 48.824096674557545 ], [ 2.426232966554128, 48.824128309752382 ], [ 2.425670034352095, 48.824164280419005 ], [ 2.425480577413107, 48.824175961553081 ], [ 2.425131776070185, 48.824185977120266 ], [ 2.424837534048813, 48.824189059128628 ], [ 2.424653634008315, 48.824190872600838 ], [ 2.424516101584396, 48.824187512711624 ], [ 2.424332280975855, 48.824182131104692 ], [ 2.423884261913609, 48.824172778579396 ], [ 2.423625581060777, 48.82416253835698 ], [ 2.423449922693297, 48.8241580941039 ], [ 2.423351908353472, 48.82415312465411 ], [ 2.423057855494422, 48.82413911514567 ], [ 2.422955755226634, 48.824134125657878 ], [ 2.422878161027141, 48.824130153724219 ], [ 2.421826072954111, 48.824058518183385 ], [ 2.421718495045436, 48.824056199267481 ], [ 2.421462449379506, 48.824054061444421 ], [ 2.420677968534262, 48.824047565509126 ], [ 2.420329137132224, 48.824060265038135 ], [ 2.419962519541094, 48.824080072251441 ], [ 2.419744259478014, 48.824109592018786 ], [ 2.419386884881164, 48.824155524087651 ], [ 2.419242242363506, 48.824179104749824 ], [ 2.418914650479385, 48.824241368727712 ], [ 2.418603311606461, 48.824311805170048 ], [ 2.418233094541386, 48.82440983488911 ], [ 2.418067789813693, 48.824453999148552 ], [ 2.417872470397529, 48.824502513930739 ], [ 2.417763188274805, 48.824530761785738 ], [ 2.417465596863688, 48.8245895703717 ], [ 2.417131220375362, 48.824649098300959 ], [ 2.416861089157998, 48.824688253058213 ], [ 2.416513222032046, 48.824736021650786 ], [ 2.416233716898834, 48.824760739316609 ], [ 2.415976094429699, 48.824777468860511 ], [ 2.415657291919882, 48.824784005833848 ], [ 2.415303127328633, 48.824785872209553 ], [ 2.415248656759778, 48.824784706500459 ], [ 2.415082510945973, 48.82478209522246 ], [ 2.414938217958818, 48.824774194400966 ], [ 2.41441140060417, 48.824746433443856 ], [ 2.413785106197645, 48.824722679419473 ], [ 2.413110929286841, 48.824717573929043 ], [ 2.412623085017663, 48.824736763662578 ], [ 2.412460883648103, 48.824746759315346 ], [ 2.412419992792226, 48.824749256521073 ], [ 2.411931955241784, 48.824785530545718 ], [ 2.411757414268484, 48.824802659535948 ], [ 2.41157868563194, 48.824828761381148 ], [ 2.411364452974872, 48.824862782547257 ], [ 2.411139313730771, 48.824897648996156 ], [ 2.410907282795905, 48.824939676044139 ], [ 2.410822613982787, 48.824959045099291 ], [ 2.410635549558315, 48.824999494409802 ], [ 2.410449836696662, 48.825040849462162 ], [ 2.410269520772101, 48.825086727697546 ], [ 2.410104166452182, 48.825134478206763 ], [ 2.409955145964197, 48.825183208450866 ], [ 2.409818302001615, 48.825239193572664 ], [ 2.409730745333062, 48.825272937542238 ], [ 2.409648687584267, 48.825302211736997 ], [ 2.409379135117873, 48.825409704684219 ], [ 2.409175132460022, 48.825502231578106 ], [ 2.408674960546763, 48.825766872628492 ], [ 2.408285568754854, 48.825991588045007 ], [ 2.408085331507646, 48.826112012176594 ], [ 2.407875426181226, 48.826244079913671 ], [ 2.407706677790519, 48.826350269371311 ], [ 2.407588631465793, 48.826429728642196 ], [ 2.407532296517472, 48.826472619347058 ], [ 2.407448546501512, 48.826530663487368 ], [ 2.406890894669909, 48.826937112605137 ], [ 2.406550193647731, 48.827190843528534 ], [ 2.406508972984573, 48.827222116921618 ], [ 2.406396258547602, 48.827311494501842 ], [ 2.406247750587866, 48.827433970952065 ], [ 2.405815894710642, 48.827796970197625 ], [ 2.405376157666399, 48.82813384690045 ], [ 2.405351424404528, 48.828152610679531 ], [ 2.40526625586033, 48.828215143023357 ], [ 2.405145395288331, 48.828301780748689 ], [ 2.405076776809351, 48.828346407885654 ], [ 2.404994403687228, 48.828402658349958 ], [ 2.404928550228592, 48.828443701679113 ], [ 2.404813383430775, 48.828508782529305 ], [ 2.404472070395811, 48.828695051561851 ], [ 2.404051299509554, 48.828920495916073 ], [ 2.403981327437225, 48.828964216294857 ], [ 2.403814047852145, 48.829059614980864 ], [ 2.403725057037059, 48.829098743552819 ], [ 2.403551181973208, 48.829175222238987 ], [ 2.403337835463661, 48.829248805648881 ], [ 2.403206566386745, 48.829292219743003 ], [ 2.40287142239704, 48.829414659751357 ], [ 2.402681353938133, 48.829477565783471 ], [ 2.402470904475508, 48.829535872844509 ], [ 2.402237349716066, 48.829589567211379 ], [ 2.401508451268693, 48.829361979081206 ], [ 2.401026650227235, 48.82920667436494 ], [ 2.400679206268547, 48.829095210750637 ], [ 2.400072705448655, 48.828886214385207 ], [ 2.399775477677677, 48.828791188629538 ], [ 2.399464546948918, 48.828703288269644 ], [ 2.399336932813714, 48.828665773253391 ], [ 2.399205253246101, 48.828626438936844 ], [ 2.399099288182466, 48.828601623589662 ], [ 2.399012320234956, 48.82858319920004 ], [ 2.398911783064241, 48.8285602097001 ], [ 2.398811245982198, 48.82853722011518 ], [ 2.398650921306333, 48.828501338659585 ], [ 2.398551736188293, 48.828479255021783 ], [ 2.39842808505903, 48.828452551388636 ], [ 2.398316682660713, 48.828426808620392 ], [ 2.39821885993477, 48.828404731557875 ], [ 2.398195766374803, 48.828399219133878 ], [ 2.398121026909018, 48.828383553732401 ], [ 2.398047670363725, 48.828366096504858 ], [ 2.397894167659855, 48.828329348990977 ], [ 2.396843018582163, 48.828054241275687 ], [ 2.39570666297783, 48.827727429569343 ], [ 2.395445621290341, 48.827684739215584 ], [ 2.395179100377021, 48.827644718689868 ], [ 2.394339872457587, 48.82753884258792 ], [ 2.393992757067968, 48.827401279162501 ], [ 2.392762271747469, 48.826855414860269 ], [ 2.392176783895112, 48.826601515853312 ], [ 2.392046623822553, 48.826549590046994 ], [ 2.391878515202916, 48.826481282437676 ], [ 2.391845983177663, 48.826467626428176 ], [ 2.391650812371771, 48.826383891544758 ], [ 2.391538307585291, 48.826336551840441 ], [ 2.391309243970533, 48.826239153354585 ], [ 2.391021896745786, 48.826117174586827 ], [ 2.390951448461555, 48.826084438424793 ], [ 2.390939253073785, 48.826078980081377 ], [ 2.390072014511325, 48.825692326824921 ], [ 2.389445425188181, 48.825344669629501 ], [ 2.388799862307387, 48.825105736192988 ], [ 2.38866961442715, 48.825061900516417 ], [ 2.387893505889207, 48.824805206564669 ], [ 2.387175971273418, 48.824548807659731 ], [ 2.386941338175522, 48.824463063889823 ], [ 2.385225588159263, 48.823729359974678 ], [ 2.384597579269298, 48.823506682299353 ], [ 2.384537917595146, 48.823483890878371 ], [ 2.384022522695706, 48.823298664029338 ], [ 2.383337544863623, 48.823056799249692 ], [ 2.38330363397122, 48.823044932492436 ], [ 2.383142198331908, 48.822990137316886 ], [ 2.381524148119776, 48.822410676067115 ], [ 2.380767116748347, 48.821700747802623 ], [ 2.379478291160394, 48.821273158297515 ], [ 2.379083321889078, 48.821157786505871 ], [ 2.377883819134931, 48.820780109028938 ], [ 2.376525981159313, 48.820318851049336 ], [ 2.376077120333645, 48.820155521101277 ], [ 2.375847832863151, 48.820081474844628 ], [ 2.37576097347909, 48.820055838830399 ], [ 2.375712117804962, 48.820041193713912 ], [ 2.375679486351844, 48.820036526450941 ], [ 2.375596723554164, 48.820010012326115 ], [ 2.37458872533113, 48.819680968089806 ], [ 2.374447575570882, 48.819639757694546 ], [ 2.374257517234202, 48.81958839802661 ], [ 2.374173426378142, 48.819559177811861 ], [ 2.374121901841233, 48.819540021171065 ], [ 2.374052780947822, 48.819511778604451 ], [ 2.374014659295745, 48.819510679657959 ], [ 2.373977942707532, 48.819505990539412 ], [ 2.37370530804232, 48.81941282618822 ], [ 2.373528913175678, 48.819357939392482 ], [ 2.372990154493845, 48.819196824729673 ], [ 2.372895191699046, 48.81916574782948 ], [ 2.372732384690138, 48.819113629238004 ], [ 2.37266590227963, 48.819092594729142 ], [ 2.372607558629133, 48.819074301025346 ], [ 2.37200665852426, 48.818871484322216 ], [ 2.371984955477797, 48.818864175297378 ], [ 2.371889993887894, 48.818833097589689 ], [ 2.371496606021113, 48.818702419153404 ], [ 2.37095800143098, 48.818529604041188 ], [ 2.370823677738411, 48.818487525825191 ], [ 2.370643203501612, 48.818432613229362 ], [ 2.370356799093813, 48.818352859320015 ], [ 2.369484375123111, 48.818080246671698 ], [ 2.368932306814356, 48.81789565932246 ], [ 2.368441186891432, 48.817739272126317 ], [ 2.367815816506704, 48.817535405319887 ], [ 2.367501106783894, 48.817432110885235 ], [ 2.367102293227545, 48.817301389013998 ], [ 2.366927252430259, 48.817248298232535 ], [ 2.366712905126914, 48.817179709524396 ], [ 2.365641023901095, 48.816849350691321 ], [ 2.365028986478497, 48.816670722470064 ], [ 2.364383324985561, 48.816457735795098 ], [ 2.36420428117288, 48.8163983240009 ], [ 2.363328923996346, 48.816148134592801 ], [ 2.36110441978891, 48.816083205030694 ], [ 2.360678292349534, 48.816071933421689 ], [ 2.360557126882432, 48.816068587329426 ], [ 2.36052581693921, 48.816067520493711 ], [ 2.360158246336463, 48.816056560198568 ], [ 2.359958086607811, 48.816053690123113 ], [ 2.359423050356637, 48.816039132837751 ], [ 2.358949272393267, 48.816026700377847 ], [ 2.358423747028377, 48.816013988376653 ], [ 2.357466681971601, 48.815987263785324 ], [ 2.356894890172978, 48.815971598266948 ], [ 2.356785970093019, 48.815969213597796 ], [ 2.356545035221203, 48.81595982275865 ], [ 2.356339528858111, 48.8159488233971 ], [ 2.356232015039089, 48.815942848259404 ], [ 2.355852301315166, 48.815922815498233 ], [ 2.355406705585211, 48.816274771111587 ], [ 2.354735454698257, 48.816812579064973 ], [ 2.35392605619736, 48.817397303953541 ], [ 2.35337770697941, 48.817796363684138 ], [ 2.353366712003786, 48.817804398663704 ], [ 2.353166067048314, 48.817949912700364 ], [ 2.353049262700184, 48.818033822687099 ], [ 2.352391840207207, 48.818551005936428 ], [ 2.351253779116588, 48.817962037037297 ], [ 2.350878645883241, 48.817791816569802 ], [ 2.350488624689273, 48.817614318952344 ], [ 2.349029960601781, 48.816964226858452 ], [ 2.348763033183109, 48.816854847287651 ], [ 2.348677711556633, 48.816816608433363 ], [ 2.348600538375941, 48.816780212676484 ], [ 2.348046857382352, 48.816513675504964 ], [ 2.347177687748716, 48.81610151206494 ], [ 2.347039461823857, 48.816046794216888 ], [ 2.346919974440822, 48.816018260704318 ], [ 2.346751373074081, 48.815996653817528 ], [ 2.346633022377527, 48.815986113912899 ], [ 2.346541772031784, 48.815986514618665 ], [ 2.346371448422841, 48.815993678081618 ], [ 2.346186021179197, 48.816010651939969 ], [ 2.346027784265766, 48.816031371772652 ], [ 2.345543732189824, 48.816078189350804 ], [ 2.345376109124036, 48.816087164948343 ], [ 2.345190828033565, 48.816092446068538 ], [ 2.344996127409927, 48.816088681455447 ], [ 2.344755273215884, 48.816072971602452 ], [ 2.344552650710489, 48.816049376393586 ], [ 2.344469729186359, 48.816037229793558 ], [ 2.344355599882104, 48.816015918163011 ], [ 2.344464193795621, 48.815610891104605 ], [ 2.344448463099662, 48.815562238072864 ], [ 2.344344437439912, 48.815603938756375 ], [ 2.344229494850482, 48.815647378242744 ], [ 2.344036580527387, 48.815718270795109 ], [ 2.343902504744147, 48.815767001302042 ], [ 2.343765705165507, 48.815815716708222 ], [ 2.343584954991723, 48.815893870368988 ], [ 2.343424947979884, 48.815946954894038 ], [ 2.343297668596647, 48.815996621425427 ], [ 2.343156782515658, 48.816045313686381 ], [ 2.343013285918382, 48.816084997590224 ], [ 2.342876711334013, 48.81611572551909 ], [ 2.342185914881536, 48.816249532771003 ], [ 2.341798294308863, 48.816316652168645 ], [ 2.341683722695742, 48.816330411553189 ], [ 2.341029645177584, 48.816360085690775 ], [ 2.340511984457827, 48.816371621691623 ], [ 2.340319779160497, 48.816385850924704 ], [ 2.339542877317384, 48.816435525058317 ], [ 2.338644774759564, 48.816484523810516 ], [ 2.33800702364043, 48.816515171119747 ], [ 2.337509547626263, 48.816545692966777 ], [ 2.337275148209403, 48.816557884744718 ], [ 2.336750435527919, 48.816588252467099 ], [ 2.336674118000443, 48.816592326021237 ], [ 2.33655556203248, 48.816597963931571 ], [ 2.336332045048368, 48.816611113631296 ], [ 2.336103080781857, 48.81662423266738 ], [ 2.335581090336554, 48.816654610379281 ], [ 2.335146299956006, 48.816681873189026 ], [ 2.334935049873801, 48.81669418910564 ], [ 2.333711090278114, 48.816771017573487 ], [ 2.332144938408537, 48.816981729783336 ], [ 2.331996248625253, 48.817000685632443 ], [ 2.331898060637626, 48.817010929647068 ], [ 2.332461042459754, 48.818247130088196 ], [ 2.330413636639578, 48.818704261213703 ], [ 2.329296396286018, 48.818950726362935 ], [ 2.325562171287674, 48.819774243154328 ], [ 2.325503436242078, 48.819787402602103 ], [ 2.323964127671357, 48.820124072863948 ], [ 2.321661256072699, 48.820629075679939 ], [ 2.321039743668691, 48.820767650803738 ], [ 2.320597164441614, 48.820866767258607 ], [ 2.314615601049385, 48.822187102547829 ], [ 2.314145699672971, 48.822290535446839 ], [ 2.312147253873083, 48.822728747755939 ], [ 2.311614502997653, 48.822846199290275 ], [ 2.309081878490734, 48.823402700724579 ], [ 2.308348319891003, 48.823563047045205 ], [ 2.308315537176647, 48.823570052484598 ], [ 2.306959037060225, 48.823867988436156 ], [ 2.306863399755384, 48.823889918680429 ], [ 2.30601634007264, 48.824082869897175 ], [ 2.304947948752644, 48.82432579364496 ], [ 2.304066717016069, 48.824526626873691 ], [ 2.304002511210752, 48.824540643310911 ], [ 2.303886369460058, 48.824567848125099 ], [ 2.303185478490669, 48.824727453572741 ], [ 2.302551694332125, 48.824859565488282 ], [ 2.302330424148416, 48.824905042625296 ], [ 2.302120073693152, 48.824948784316426 ], [ 2.302099583430174, 48.824953161644586 ], [ 2.301866006231315, 48.825002163624866 ], [ 2.301315418488453, 48.825125760846866 ], [ 2.300177424536503, 48.825375430378251 ], [ 2.296970964406001, 48.826084222666459 ], [ 2.292292946367537, 48.827118799426508 ], [ 2.29219183648019, 48.827141584940549 ], [ 2.290235122003242, 48.827988896433091 ], [ 2.289407656009721, 48.828333841589505 ], [ 2.286693837737294, 48.829451804099257 ], [ 2.284719350405197, 48.830290824238077 ], [ 2.284683712603739, 48.830306799915725 ], [ 2.283585827211768, 48.830795786206942 ], [ 2.282670920956135, 48.831152751912121 ], [ 2.280391323890181, 48.831979077238664 ], [ 2.279944978334267, 48.832140977071653 ], [ 2.279164302435102, 48.832442063052547 ], [ 2.279110853401829, 48.832465124733091 ], [ 2.279051930653324, 48.832489952150738 ], [ 2.278827155788745, 48.832292532644615 ], [ 2.276297348984293, 48.830232063723983 ], [ 2.275304441773053, 48.829435496049307 ], [ 2.275275687274643, 48.829446114375017 ], [ 2.273460003286124, 48.828358538536285 ], [ 2.273417155918585, 48.828305214703228 ], [ 2.27331005239187, 48.828268588680338 ], [ 2.273075005441873, 48.828126856643706 ], [ 2.27292775495579, 48.828038721459855 ], [ 2.272852607332395, 48.827957320182527 ], [ 2.272793190186762, 48.827920084230819 ], [ 2.271099017149216, 48.827891782790203 ], [ 2.267826452957427, 48.82783581677819 ], [ 2.267625707632298, 48.827968595618195 ], [ 2.267338606820313, 48.831531984408755 ], [ 2.269645463710277, 48.832857388359969 ], [ 2.269930760703454, 48.833011125122439 ], [ 2.26988939056056, 48.83304684772498 ], [ 2.268101694609093, 48.834428158716307 ], [ 2.267788866344093, 48.834585433862316 ], [ 2.267475422198173, 48.834592508399062 ], [ 2.264992745234483, 48.834237313004962 ], [ 2.262791524526516, 48.833923373529117 ], [ 2.261492487377967, 48.834070052808578 ], [ 2.261405151319141, 48.834080306065005 ], [ 2.25850260842458, 48.83441850102335 ], [ 2.256994597220261, 48.834600710361883 ], [ 2.256537602212384, 48.834642839561454 ], [ 2.25530390491147, 48.834790757255405 ], [ 2.255144238417507, 48.834809549374668 ], [ 2.255072103122055, 48.834899937359829 ], [ 2.25495005215599, 48.835051172106944 ], [ 2.254830994989939, 48.835183538422228 ], [ 2.25354669486146, 48.836675692439997 ], [ 2.25353975455653, 48.836684642900003 ], [ 2.253496801889641, 48.836734739961088 ], [ 2.25238956574078, 48.838035518359902 ], [ 2.252304927925926, 48.838142015101411 ], [ 2.252228618652612, 48.838237771327691 ], [ 2.252011052563392, 48.838492733192211 ], [ 2.251930255061035, 48.838616341788537 ], [ 2.251914920671711, 48.838640529034684 ], [ 2.251709308946857, 48.838821816239708 ], [ 2.251308552889278, 48.842059754469489 ], [ 2.251299357647797, 48.842130747390577 ], [ 2.251230934575342, 48.842720307683535 ], [ 2.251219763560907, 48.842739124585229 ], [ 2.251216230486769, 48.842890197046948 ], [ 2.25173479752875, 48.843974486824493 ], [ 2.251908753307214, 48.844291254096582 ], [ 2.25234687912035, 48.845190665717183 ], [ 2.252477551164905, 48.845485576374685 ], [ 2.251794599084775, 48.845503791323551 ], [ 2.250766770197564, 48.845530635458893 ], [ 2.250608573946109, 48.845539537693206 ], [ 2.25051568878781, 48.845555144489254 ], [ 2.249867271262904, 48.845730055229929 ], [ 2.249130050793303, 48.845920593796201 ], [ 2.248339503918157, 48.846123383969449 ], [ 2.247903163420556, 48.846237559801132 ], [ 2.247599534206474, 48.846314795204229 ], [ 2.247067460658853, 48.846452648869672 ], [ 2.246766541075142, 48.846530798582535 ], [ 2.246476586100555, 48.846604519749285 ], [ 2.24593492962924, 48.846745006131663 ], [ 2.245514981559114, 48.846855679095249 ], [ 2.243235014035359, 48.847431265540706 ], [ 2.242659105669378, 48.847583212240188 ], [ 2.242362313011172, 48.847657779525321 ], [ 2.242233905383632, 48.847772984957516 ], [ 2.241956924168444, 48.84798438085766 ], [ 2.241761224036452, 48.848135134143511 ], [ 2.241683779877298, 48.848212888424435 ], [ 2.241574563661168, 48.84832012042677 ], [ 2.241516051480364, 48.848407887660514 ], [ 2.240499842470814, 48.849316098961182 ], [ 2.24018404966848, 48.849571313222043 ], [ 2.240007900713619, 48.849688911035081 ], [ 2.23977005149147, 48.849832198223261 ], [ 2.239572636392845, 48.849912786163237 ], [ 2.239179626559882, 48.850042494757844 ], [ 2.23896627819264, 48.850094200599173 ], [ 2.237778292862653, 48.850349253661406 ], [ 2.237426957895582, 48.850424360548935 ], [ 2.237379106853175, 48.850434847970973 ], [ 2.235663190705886, 48.850817821579469 ], [ 2.234498100422846, 48.851089176990001 ], [ 2.233576415529299, 48.851303621593715 ], [ 2.233193699860402, 48.851380313783764 ], [ 2.232296652111728, 48.851586812125866 ], [ 2.231536662495808, 48.85174022205905 ], [ 2.230010953262445, 48.852064977939015 ], [ 2.229227704131867, 48.85222361974747 ], [ 2.227351684730697, 48.852642316896926 ], [ 2.226594150345918, 48.852811899947405 ], [ 2.226233484587051, 48.852962460531401 ], [ 2.225912135430607, 48.853035029459107 ], [ 2.224219105880446, 48.853516917562075 ], [ 2.224217174940927, 48.853738149254369 ], [ 2.224242958935112, 48.854203288869861 ], [ 2.224269304883467, 48.855088435705319 ], [ 2.224314779418416, 48.855695802066492 ], [ 2.224407449942074, 48.856154179466564 ], [ 2.224517586853297, 48.85653802255397 ], [ 2.225319584012275, 48.858515521364886 ], [ 2.22567029225698, 48.859404562401558 ], [ 2.225967898359756, 48.860015355542934 ], [ 2.226432833693757, 48.860924018343859 ], [ 2.226992086700438, 48.861999669296459 ], [ 2.22718129401147, 48.862384917775238 ], [ 2.227361445986879, 48.862829465030288 ], [ 2.227748529341866, 48.863843741710632 ], [ 2.22813877086302, 48.86492189083846 ], [ 2.228248359287422, 48.865161826525608 ], [ 2.228377351113233, 48.865380302593614 ], [ 2.229615132438552, 48.866854226769163 ], [ 2.229797308168969, 48.867072143871816 ], [ 2.230180814133667, 48.867503603515203 ], [ 2.230658982743393, 48.868079566932124 ], [ 2.231376025626287, 48.868728111254967 ], [ 2.231736359746861, 48.869068581615444 ], [ 2.232174877850842, 48.869284542257041 ], [ 2.232868454978849, 48.869584876690219 ], [ 2.233702274504688, 48.869897796496936 ], [ 2.234145928564208, 48.870043633063261 ], [ 2.23557581105711, 48.870523134659351 ], [ 2.23579301043658, 48.870586576867019 ], [ 2.236656637219517, 48.870821422331709 ], [ 2.237436253666628, 48.871021550934628 ], [ 2.238040417374282, 48.871193577090956 ], [ 2.238434063524159, 48.87131119922099 ], [ 2.239225056762461, 48.871573443563477 ], [ 2.239592597284358, 48.871705285487437 ], [ 2.239972015005245, 48.871864182176409 ], [ 2.240349927548229, 48.872032960922638 ], [ 2.240945304504728, 48.87234161751806 ], [ 2.241237339626037, 48.872509848737465 ], [ 2.241856061513682, 48.872901388701877 ], [ 2.242723387133836, 48.873542718509157 ], [ 2.243010273208007, 48.873784659126983 ], [ 2.24326867681199, 48.874016526103119 ], [ 2.24394845759849, 48.874712419955777 ], [ 2.24515691036051, 48.875903586803489 ], [ 2.245678236548145, 48.876434789137235 ], [ 2.245703788405577, 48.876459232481629 ], [ 2.24624979564664, 48.876227942421494 ], [ 2.246397777702425, 48.876177611391249 ], [ 2.246533281312671, 48.876141591171759 ], [ 2.254817140668556, 48.874080881374105 ], [ 2.255410336689475, 48.87426354268149 ], [ 2.256057163140734, 48.875559924490567 ], [ 2.258467171114177, 48.880387263091031 ], [ 2.258860650330937, 48.880333041153563 ], [ 2.261542031184247, 48.880001565768865 ], [ 2.264611303104791, 48.879622050680872 ], [ 2.27075011567204, 48.878834007593113 ], [ 2.277487029813822, 48.877968320857825 ], [ 2.279370794390897, 48.878503990965733 ], [ 2.279469949480848, 48.878531568013969 ], [ 2.279574720002908, 48.878547487345635 ], [ 2.279825200659238, 48.878576874001894 ], [ 2.279949332567544, 48.878573123987039 ], [ 2.279959643017465, 48.878616354341155 ], [ 2.279990437713355, 48.878755937308533 ], [ 2.280536086495832, 48.881107392611845 ], [ 2.280631551971273, 48.881599904212088 ], [ 2.280668770180329, 48.881768304010222 ], [ 2.280897352279332, 48.882792223708499 ], [ 2.281013519711558, 48.882970990077887 ], [ 2.28110801015324, 48.883040806412211 ], [ 2.284538198303594, 48.885574096674162 ], [ 2.284459571754662, 48.885639278206853 ], [ 2.285641616380019, 48.886554663565292 ], [ 2.287114077093995, 48.887278409200206 ], [ 2.288688176989798, 48.888052203099726 ], [ 2.290529215249999, 48.888956161749846 ], [ 2.291147763745907, 48.889301570780276 ], [ 2.291633908192158, 48.889455535239186 ], [ 2.291779590675395, 48.889473484262147 ], [ 2.292710865105, 48.889588707064057 ], [ 2.292747623772232, 48.889593420836484 ], [ 2.292940938649586, 48.889618844412908 ], [ 2.2940411948899, 48.889744047822859 ], [ 2.294570784210133, 48.889812820029732 ], [ 2.294959986671162, 48.889875367385542 ], [ 2.295013183223065, 48.889874781266563 ], [ 2.295475248871189, 48.890096037890814 ], [ 2.295579536585646, 48.890149711875502 ], [ 2.297326658916109, 48.891053909956526 ], [ 2.29734156289559, 48.891061192041349 ], [ 2.297528484196318, 48.891156718227052 ], [ 2.297994469142287, 48.891392376983916 ], [ 2.298109696243635, 48.891444314146653 ], [ 2.298628375977241, 48.891717151642382 ], [ 2.299608319530779, 48.892172551062409 ], [ 2.300588268146195, 48.892628841530346 ], [ 2.301782096324501, 48.893206880661175 ], [ 2.301836213826705, 48.893239571932696 ], [ 2.303319020408331, 48.893934393356517 ], [ 2.303380006812064, 48.89396352655816 ], [ 2.303440957190967, 48.893995357494205 ], [ 2.303743199037811, 48.894138309240482 ], [ 2.303774362351613, 48.894153778954411 ], [ 2.30571501881114, 48.895089551773232 ], [ 2.307687317214232, 48.896010186370226 ], [ 2.308675362659436, 48.896381019365691 ], [ 2.309534485272156, 48.896703436671956 ], [ 2.31067321092082, 48.897130879416956 ], [ 2.312318530256448, 48.897724897591431 ], [ 2.312451445254302, 48.897782317983861 ], [ 2.315106047800935, 48.898594326922037 ], [ 2.318520205834404, 48.899638128146883 ], [ 2.319887174744137, 48.900459782095609 ], [ 2.32030415835598, 48.90070136793792 ], [ 2.320434138736962, 48.900775849612145 ], [ 2.320498222854939, 48.9007780118461 ], [ 2.321331316873052, 48.90080611776667 ], [ 2.321803094208922, 48.900821380629033 ], [ 2.322073094515995, 48.900828305132805 ], [ 2.322174486647894, 48.90079380560298 ], [ 2.322553606246627, 48.900801346533925 ], [ 2.323081377762778, 48.900811525160243 ], [ 2.323269608756063, 48.900812588877962 ], [ 2.325836365736299, 48.90095386820078 ], [ 2.326534487849562, 48.900976681487627 ], [ 2.32726138237015, 48.900989759828846 ], [ 2.327630956144454, 48.900997231055378 ], [ 2.327733244398635, 48.900998704565609 ], [ 2.32785461702422, 48.901001184409402 ], [ 2.327926897327697, 48.901002489344641 ], [ 2.328316931267592, 48.901010073262484 ], [ 2.328724708902852, 48.901016856043 ], [ 2.328979718744675, 48.901022781628875 ], [ 2.329342496173721, 48.901028410859467 ], [ 2.329737986512134, 48.901036020700808 ], [ 2.329814358909923, 48.901037347396944 ], [ 2.329862087319424, 48.901038513776889 ], [ 2.330147116964154, 48.901043705523954 ], [ 2.330421234665915, 48.901048835588547 ], [ 2.330988566236084, 48.901059200504768 ], [ 2.331171307623033, 48.901062919084382 ], [ 2.331317232571728, 48.901065532523319 ], [ 2.331401777506932, 48.901067803151534 ], [ 2.331527254017838, 48.901069402864259 ], [ 2.331711359479877, 48.901073128232845 ], [ 2.331996389498469, 48.9010783155789 ], [ 2.33461063987714, 48.901135135760434 ], [ 2.334742913679456, 48.90113856849861 ], [ 2.334827458882609, 48.901140836708571 ], [ 2.335111125578976, 48.901146009066487 ], [ 2.335171130235882, 48.901147241479613 ] ] ] ] } },
{ "type": "Feature", "properties": { "id_projet": "ecs-2025-16", "lib_com": "Valenton", "insee_com": "94074", "dispositif": "Accompagnement sur le sujet des terres végétales recyclées", "thematique": "BTP Terres végétales recyclées", "nom_projet": "Valenton", "nom_projet_carto": "Appui technique", "description": "Accompagnement et formation de la Ville de Valenton sur le sujet des terres végétales recyclées", "annee": "2025", "deliberation": null, "nom_beneficaire": "Ville de Valenton", "cat_beneficiaire": "Commune", "type_aide": "Accompagnement", "representation_carto": "Zone (surface)", "intermediaire": "Non", "financement_fim": "Non", "trophee_ECS": null, "lib_carto": "Valenton", "competence": "Développement et d’aménagement économique, social et culturel" }, "geometry": { "type": "MultiPolygon", "coordinates": [ [ [ [ 2.484630984053483, 48.729253526079383 ], [ 2.4844777916712, 48.729208791913749 ], [ 2.483756546971153, 48.729000602012398 ], [ 2.48282905253954, 48.728751938769143 ], [ 2.481955983172611, 48.728499906695724 ], [ 2.481256814111892, 48.728261216265771 ], [ 2.480057417664163, 48.72801404748585 ], [ 2.47726451633247, 48.727778786404926 ], [ 2.476619279110138, 48.727723791039978 ], [ 2.476374525292682, 48.727727214729299 ], [ 2.476259678625192, 48.727791470695529 ], [ 2.476171681240689, 48.727754207370502 ], [ 2.476097017325503, 48.727743086345271 ], [ 2.475323664325318, 48.727719901475581 ], [ 2.474442948331992, 48.727692641111581 ], [ 2.473906166416028, 48.727668689635529 ], [ 2.472950670976002, 48.727641988054607 ], [ 2.472803891389862, 48.727636842591323 ], [ 2.472809907229062, 48.72838790385196 ], [ 2.472820117836165, 48.729262206683487 ], [ 2.472822381075837, 48.729442105020397 ], [ 2.472814678752898, 48.729935864352996 ], [ 2.472820239166561, 48.730866810234666 ], [ 2.472496845551516, 48.731116325363061 ], [ 2.47232369069532, 48.731433062414361 ], [ 2.472266650383789, 48.731830362709893 ], [ 2.472347011559964, 48.732220175354271 ], [ 2.472541963445863, 48.732572717774751 ], [ 2.472824402216254, 48.733148707006414 ], [ 2.472850505654269, 48.733256754933883 ], [ 2.47290643781405, 48.733507945291215 ], [ 2.472885208133674, 48.733590599882483 ], [ 2.472858612411784, 48.73366603526064 ], [ 2.472827828735703, 48.733752245392552 ], [ 2.47278729136286, 48.733861797825789 ], [ 2.472689673212704, 48.734103315494309 ], [ 2.472554616624801, 48.734416622644062 ], [ 2.472335915374181, 48.734933732163121 ], [ 2.471918022508811, 48.736054381587806 ], [ 2.471920327773256, 48.738516147090692 ], [ 2.471916580604682, 48.738617766628153 ], [ 2.470640235822154, 48.737893465285786 ], [ 2.46848262958605, 48.739722322843171 ], [ 2.468195990387689, 48.739560047618141 ], [ 2.467310066913613, 48.740424051557653 ], [ 2.466604173685027, 48.741100871390252 ], [ 2.466286861215533, 48.741411556511849 ], [ 2.46597509475801, 48.741711472339603 ], [ 2.465786595670389, 48.741925593411125 ], [ 2.465637452640832, 48.741881753200822 ], [ 2.46549250910686, 48.741826238979364 ], [ 2.465342310607145, 48.741752712391438 ], [ 2.465094949146033, 48.741605896262648 ], [ 2.464963909541084, 48.741520762390714 ], [ 2.464843822882702, 48.741428482000778 ], [ 2.464706362866401, 48.741306442294565 ], [ 2.464573084448838, 48.741174527403416 ], [ 2.464355289972158, 48.7409298040129 ], [ 2.4642801540433, 48.740830529201929 ], [ 2.464217266098824, 48.740730409868192 ], [ 2.464133211772468, 48.740572631733215 ], [ 2.464060258040436, 48.740393316937194 ], [ 2.463988553856204, 48.740224800884349 ], [ 2.463826017225644, 48.739896677004275 ], [ 2.463587442826964, 48.739425201076116 ], [ 2.463471431983931, 48.739201619948467 ], [ 2.463360704167879, 48.738993352803149 ], [ 2.463243113634021, 48.738791350703721 ], [ 2.463186788664351, 48.738714645454245 ], [ 2.462965458771327, 48.738418635216831 ], [ 2.462687678331685, 48.738058510481636 ], [ 2.462612558957355, 48.73795833498091 ], [ 2.462506683833548, 48.737807652539118 ], [ 2.462390088705375, 48.73764163129141 ], [ 2.462301548960798, 48.737524305827677 ], [ 2.461207363331196, 48.73800686674322 ], [ 2.461063762656388, 48.738086268333966 ], [ 2.460860763303596, 48.738255345082543 ], [ 2.460626237146102, 48.738448563789824 ], [ 2.460516507909178, 48.738539810394485 ], [ 2.460389203430783, 48.738621083661819 ], [ 2.46029067693291, 48.738680900445971 ], [ 2.460145796903485, 48.738752200198661 ], [ 2.459889033169094, 48.738859870480567 ], [ 2.459160805257825, 48.739191163466778 ], [ 2.458980446576013, 48.739273993707414 ], [ 2.458776849662554, 48.739368410978045 ], [ 2.458653880877348, 48.739424517834806 ], [ 2.458585424915384, 48.739469179145047 ], [ 2.458511352469642, 48.739530904203477 ], [ 2.45838631435071, 48.739655358442803 ], [ 2.458253219432167, 48.739769882197578 ], [ 2.45815049692719, 48.739840471352395 ], [ 2.458018045037823, 48.739892936758942 ], [ 2.457687813529064, 48.740002966994254 ], [ 2.457288248843825, 48.74011088227747 ], [ 2.457073080461456, 48.74014048471301 ], [ 2.457347665223406, 48.740805515636161 ], [ 2.457474018236362, 48.741078618365435 ], [ 2.4576716131435, 48.741432094122132 ], [ 2.458082126893637, 48.74197361818262 ], [ 2.458169426145056, 48.742079248075285 ], [ 2.458564265676572, 48.742559537580178 ], [ 2.458813950026267, 48.742874571561806 ], [ 2.458965529888113, 48.743076731379155 ], [ 2.459023008284014, 48.74317323106937 ], [ 2.459066962464419, 48.743262473992822 ], [ 2.459121386108907, 48.743391339325697 ], [ 2.459172699015002, 48.743557966660504 ], [ 2.459255318276664, 48.743853354454487 ], [ 2.459336178572505, 48.744318726642319 ], [ 2.459356922407728, 48.744416858566119 ], [ 2.459380693438284, 48.74448532296239 ], [ 2.459397962826166, 48.744524976120601 ], [ 2.459431504843327, 48.744569200106525 ], [ 2.460233937857809, 48.745486651898723 ], [ 2.460270201110053, 48.745530887908366 ], [ 2.460431527780203, 48.745712402510463 ], [ 2.460700352325183, 48.746020322626023 ], [ 2.460910111764679, 48.746253322726162 ], [ 2.461039369656373, 48.746379826385379 ], [ 2.461234793958152, 48.7465524993626 ], [ 2.461403205363352, 48.746707061557167 ], [ 2.461590453606253, 48.746881495868877 ], [ 2.46171577378848, 48.746994489523409 ], [ 2.46185056814045, 48.747112022878184 ], [ 2.461963788451479, 48.747211470278913 ], [ 2.462038023174538, 48.747266669916023 ], [ 2.460651445662544, 48.747858534563505 ], [ 2.460188596728551, 48.748030932018473 ], [ 2.459314746995076, 48.74809623416818 ], [ 2.458843750847313, 48.748135474145741 ], [ 2.456913774527814, 48.748398338844439 ], [ 2.453295826934798, 48.749057298941949 ], [ 2.453315521404474, 48.749124846204452 ], [ 2.453348759923644, 48.74919785203344 ], [ 2.453374661610713, 48.749322091641197 ], [ 2.453395142027366, 48.749444507557293 ], [ 2.453420893315227, 48.749583137278904 ], [ 2.45346495134907, 48.749792006104656 ], [ 2.45351129687733, 48.750042258992586 ], [ 2.45358725876093, 48.750451845890332 ], [ 2.453635374729951, 48.750533014468957 ], [ 2.453644048345167, 48.750614002559033 ], [ 2.45367271425445, 48.750864174304382 ], [ 2.453725858793073, 48.751504808912252 ], [ 2.453755749765222, 48.751897994733966 ], [ 2.453770457042673, 48.751922346503612 ], [ 2.453816503566747, 48.751941445065484 ], [ 2.454280163816559, 48.751957056309408 ], [ 2.454453267727085, 48.752313120322661 ], [ 2.454446029831618, 48.752615294111521 ], [ 2.45433921528566, 48.75268406179606 ], [ 2.453874943450102, 48.753766645489449 ], [ 2.45365878617915, 48.754405147180307 ], [ 2.453599700650489, 48.754591956964795 ], [ 2.453488682192549, 48.755061847382422 ], [ 2.453437774797798, 48.755506828805345 ], [ 2.452257016946531, 48.757325447210896 ], [ 2.452146601072234, 48.757476942967543 ], [ 2.452034805408619, 48.757630231116792 ], [ 2.452005814946967, 48.757670572053712 ], [ 2.4518857435026, 48.757834615121226 ], [ 2.451785744934419, 48.758030229928842 ], [ 2.451676837622735, 48.758167341361556 ], [ 2.451533469046567, 48.75834746662251 ], [ 2.451380643594431, 48.758521252300859 ], [ 2.451179771827175, 48.758736190323916 ], [ 2.451053007310644, 48.75888940862297 ], [ 2.450923474142761, 48.759047111143104 ], [ 2.450811614758366, 48.759205794198159 ], [ 2.450703731541996, 48.759374389038292 ], [ 2.450622214229708, 48.759493636947958 ], [ 2.450518789424315, 48.759626275298231 ], [ 2.450437470118537, 48.759726636154618 ], [ 2.450359070002935, 48.759808122568344 ], [ 2.45024082235534, 48.759927201134445 ], [ 2.450111672568483, 48.760048028217319 ], [ 2.44999498313191, 48.760148225884969 ], [ 2.449860409835189, 48.760267228862787 ], [ 2.44977656664914, 48.760348689791101 ], [ 2.449680366356473, 48.760440886749215 ], [ 2.449581369174567, 48.760540266088192 ], [ 2.44949743975787, 48.760629821180459 ], [ 2.449413453139949, 48.760724772459085 ], [ 2.449334869675611, 48.760823346260615 ], [ 2.449084248460818, 48.761110004529847 ], [ 2.448539236710724, 48.760932102595177 ], [ 2.448161146222748, 48.761308112170845 ], [ 2.44787618352847, 48.761625189377924 ], [ 2.447334497010626, 48.761775585185156 ], [ 2.447068232908348, 48.761867892314832 ], [ 2.446967886722195, 48.76196546431764 ], [ 2.447116366570785, 48.762075880773146 ], [ 2.446682019913914, 48.762238462869853 ], [ 2.444757427182117, 48.762963456311013 ], [ 2.444723254372274, 48.762978587545085 ], [ 2.444432317417726, 48.762831528918269 ], [ 2.444269873258877, 48.76275522209049 ], [ 2.443999134049461, 48.76262804354203 ], [ 2.443928747819319, 48.762594437392508 ], [ 2.443678320337256, 48.762476346838461 ], [ 2.442912147640339, 48.762115706539568 ], [ 2.442809257583161, 48.762068456817268 ], [ 2.442539885873968, 48.761941281231429 ], [ 2.442296487544148, 48.761802533858805 ], [ 2.442170877876909, 48.76222647287382 ], [ 2.442024912667512, 48.762263566628668 ], [ 2.441898060009207, 48.762294453586108 ], [ 2.441862593730376, 48.762303282038907 ], [ 2.441674350174172, 48.762350071389875 ], [ 2.441529754279632, 48.762386271521471 ], [ 2.441359252979527, 48.762427746823867 ], [ 2.441202374600056, 48.762467486782924 ], [ 2.441041414797752, 48.762507207434879 ], [ 2.440929563843641, 48.762534565895407 ], [ 2.440835446089419, 48.762557510181637 ], [ 2.44075497075803, 48.762576920599493 ], [ 2.440359375914245, 48.762675802488587 ], [ 2.44033482123664, 48.762681983359698 ], [ 2.440242063354952, 48.762704933550012 ], [ 2.440203866072733, 48.762714648128792 ], [ 2.440063358998351, 48.762749966228846 ], [ 2.440056537699776, 48.762751733086148 ], [ 2.440041534700244, 48.762755260421642 ], [ 2.439977258156459, 48.76278643869589 ], [ 2.439608973611786, 48.76300237050647 ], [ 2.439519977403962, 48.763055018580005 ], [ 2.439318731875993, 48.763171897802437 ], [ 2.439096934268722, 48.763302171432898 ], [ 2.439061341194747, 48.763322690888934 ], [ 2.438935390298118, 48.763395851566813 ], [ 2.438732762386608, 48.763514522121348 ], [ 2.43864787470254, 48.763564490583235 ], [ 2.438509601437257, 48.763644788229428 ], [ 2.438616040019076, 48.763741526242825 ], [ 2.438707669004651, 48.763823803876051 ], [ 2.438748104740839, 48.763859071174977 ], [ 2.438800649040937, 48.763906987197188 ], [ 2.43888690454833, 48.763982943508715 ], [ 2.438944852170927, 48.764034482514454 ], [ 2.439027036455333, 48.764109520173051 ], [ 2.439074207163979, 48.764151114903235 ], [ 2.439317202153771, 48.764327642172702 ], [ 2.439611808859159, 48.764512505824825 ], [ 2.439831621767764, 48.764694319710358 ], [ 2.439622178925557, 48.764813859109019 ], [ 2.439181010871586, 48.765100501236226 ], [ 2.438917994409654, 48.765267456887493 ], [ 2.438694246163772, 48.765451685393046 ], [ 2.438430994159729, 48.765640224817126 ], [ 2.438221553994064, 48.765758862290667 ], [ 2.438045233929686, 48.765707665580877 ], [ 2.437669682369058, 48.765964030525616 ], [ 2.437367952313735, 48.766187463614166 ], [ 2.43720353956886, 48.766293719534119 ], [ 2.43707757889965, 48.766366878063501 ], [ 2.436913815029597, 48.766412875784091 ], [ 2.436639928258471, 48.766451158618239 ], [ 2.436391667193273, 48.766510248302318 ], [ 2.436207213064884, 48.766582230476779 ], [ 2.436082610805252, 48.766655394360107 ], [ 2.43596965991833, 48.766783477472309 ], [ 2.43573867415841, 48.767006340959924 ], [ 2.435492555386638, 48.767244422506863 ], [ 2.435321992886948, 48.767415404591034 ], [ 2.439157640787239, 48.771201117420738 ], [ 2.440092590367231, 48.771313432652974 ], [ 2.439994500006908, 48.771705116229924 ], [ 2.440046126917809, 48.771712553528062 ], [ 2.440120836394537, 48.771724596045388 ], [ 2.440812532330116, 48.771808782880655 ], [ 2.440974794931133, 48.771777163521058 ], [ 2.441667518321026, 48.771638296251865 ], [ 2.446352595311443, 48.770722915319958 ], [ 2.448114554132324, 48.770347919199978 ], [ 2.448558869870957, 48.770278018180498 ], [ 2.449277328563232, 48.770146420880614 ], [ 2.450091557851327, 48.769577246561191 ], [ 2.450603974260531, 48.769241425393041 ], [ 2.450855927971818, 48.769089683824582 ], [ 2.451380390642914, 48.768771902859129 ], [ 2.451859400947546, 48.768506076912431 ], [ 2.452473675858839, 48.768186004902098 ], [ 2.453710573326604, 48.767526102322215 ], [ 2.453770709454063, 48.767500294344515 ], [ 2.453949747546712, 48.767423763377295 ], [ 2.454765757250017, 48.767065926655548 ], [ 2.455242576322023, 48.766876527072704 ], [ 2.45548289866418, 48.76679397736892 ], [ 2.455970409203025, 48.766622611876784 ], [ 2.456536862956479, 48.766448005933512 ], [ 2.457075261116521, 48.766354217046576 ], [ 2.457586191134188, 48.766415899635717 ], [ 2.457791327462338, 48.766445612244738 ], [ 2.45849104230368, 48.766539627244946 ], [ 2.45957396564731, 48.766679443801983 ], [ 2.459978468207935, 48.765718900281072 ], [ 2.46127734281417, 48.765893855431059 ], [ 2.46128091375939, 48.765943339312649 ], [ 2.462452974237557, 48.766410918461432 ], [ 2.463362059656258, 48.766785564504559 ], [ 2.46476300970927, 48.766430286159959 ], [ 2.465553821596477, 48.766265636841133 ], [ 2.465874219073701, 48.766200513390118 ], [ 2.466085537194051, 48.766158286304368 ], [ 2.466205545675244, 48.766130940853763 ], [ 2.466432132259572, 48.765792874282766 ], [ 2.466537450001293, 48.76560536719775 ], [ 2.466592705469652, 48.765523767295129 ], [ 2.46692455611395, 48.765002689152176 ], [ 2.46722072553193, 48.764511131413819 ], [ 2.467264985047032, 48.764440275061183 ], [ 2.46743251717179, 48.764155008233068 ], [ 2.467705898216839, 48.76362916957379 ], [ 2.46787818501259, 48.763277366373465 ], [ 2.467935254681311, 48.763150802999895 ], [ 2.467964483367943, 48.763086175265137 ], [ 2.46817582051907, 48.762372980111159 ], [ 2.468341540635426, 48.761863748731152 ], [ 2.468418816029791, 48.761623048981939 ], [ 2.468497496864605, 48.761377858304407 ], [ 2.468647743295166, 48.760918025185539 ], [ 2.468699733237922, 48.760755461904239 ], [ 2.468727736578377, 48.760677337142624 ], [ 2.468796517482721, 48.760067837763437 ], [ 2.468762836923931, 48.759367041031048 ], [ 2.468743128734245, 48.758897456726871 ], [ 2.468720117989331, 48.758351406883037 ], [ 2.46871445146541, 48.758239853656534 ], [ 2.468613617022361, 48.756251686105287 ], [ 2.468555852579786, 48.755779232878382 ], [ 2.468511555166252, 48.755587458946486 ], [ 2.468501149527155, 48.755540642709043 ], [ 2.468481561177134, 48.755460506994659 ], [ 2.468459453905521, 48.755360572779686 ], [ 2.468363409134658, 48.754773722065032 ], [ 2.468358710156485, 48.75470084793843 ], [ 2.468326875894435, 48.754487543095685 ], [ 2.468268992331183, 48.754160794953393 ], [ 2.468070433591577, 48.752955582923938 ], [ 2.467980850045802, 48.752402937537703 ], [ 2.467905194026577, 48.75195198884758 ], [ 2.467865404243236, 48.751718860564004 ], [ 2.467829658480675, 48.751489347940769 ], [ 2.467812985403927, 48.751390336891767 ], [ 2.467804051339421, 48.751332733874975 ], [ 2.467797470818223, 48.751311118345789 ], [ 2.467926515934026, 48.751327883070559 ], [ 2.468033781093776, 48.751346349478759 ], [ 2.468151789773812, 48.751378355015895 ], [ 2.468355238197601, 48.751435025336292 ], [ 2.468660347594864, 48.751526325850257 ], [ 2.46897913237678, 48.751610490990259 ], [ 2.469046955166924, 48.751628781072874 ], [ 2.469186736096204, 48.751659982955928 ], [ 2.469291236444554, 48.751682933057033 ], [ 2.469499899313573, 48.751762110190199 ], [ 2.469754852569302, 48.75183699538885 ], [ 2.469997638492986, 48.751904630636531 ], [ 2.470470971098375, 48.752039845356748 ], [ 2.470781564704363, 48.752127566993558 ], [ 2.470983649659815, 48.752185126154792 ], [ 2.471189824562126, 48.752241803657228 ], [ 2.471340443934285, 48.752277548106463 ], [ 2.47135497407053, 48.752185871181013 ], [ 2.471341132721554, 48.752075180737329 ], [ 2.471196227697548, 48.752012478859307 ], [ 2.471398231734789, 48.751406261744521 ], [ 2.472231162755575, 48.750010440479258 ], [ 2.472478759147815, 48.749601396391071 ], [ 2.472573941502684, 48.749334687304717 ], [ 2.472403056185851, 48.749286262774845 ], [ 2.472407254484139, 48.749274588783734 ], [ 2.471906831890349, 48.749130267253804 ], [ 2.472024318581637, 48.748944605523818 ], [ 2.471937393943801, 48.74893252858913 ], [ 2.471944703505471, 48.748882193026425 ], [ 2.473334476815885, 48.749042133001559 ], [ 2.473363636497117, 48.748982899472082 ], [ 2.473399197243165, 48.748963268926651 ], [ 2.473499042826123, 48.748907944786147 ], [ 2.47357205003342, 48.748816525178242 ], [ 2.473584589622974, 48.748786899385969 ], [ 2.473601698924054, 48.748708724701451 ], [ 2.473610321554832, 48.748662891956194 ], [ 2.473624964562293, 48.7485595224395 ], [ 2.47363324252526, 48.748412952365541 ], [ 2.473633188020231, 48.748283434652734 ], [ 2.473623776536306, 48.748137685989462 ], [ 2.473605398022584, 48.747937032716493 ], [ 2.473587336989053, 48.74770490084645 ], [ 2.473587826596966, 48.747656333924517 ], [ 2.473595034655685, 48.747615891467625 ], [ 2.473596911450431, 48.747429718241392 ], [ 2.473554570021649, 48.747312605967579 ], [ 2.473538703369295, 48.747267564623229 ], [ 2.473507378211534, 48.747137009470002 ], [ 2.473483487978032, 48.746943527120862 ], [ 2.473481203280788, 48.746900344501327 ], [ 2.47346441278413, 48.746542298046187 ], [ 2.473463515307909, 48.746496423243585 ], [ 2.473448266413369, 48.746120394885537 ], [ 2.473439100700411, 48.745950362437952 ], [ 2.473401041725902, 48.74540873833503 ], [ 2.473396309351279, 48.745338561983033 ], [ 2.473395439670835, 48.745155074564849 ], [ 2.473400508096231, 48.745057059111062 ], [ 2.473442621781549, 48.744791913124295 ], [ 2.473475995094611, 48.744584292030162 ], [ 2.473487237267565, 48.744548364413241 ], [ 2.47349983935478, 48.744512442791148 ], [ 2.473717110549627, 48.744409966269181 ], [ 2.473793638037542, 48.744373426946183 ], [ 2.473840364868442, 48.744325063657662 ], [ 2.473854598431595, 48.74426216628089 ], [ 2.473847181955477, 48.744188380330542 ], [ 2.473841678190619, 48.744059737562281 ], [ 2.473846519129469, 48.743984206755407 ], [ 2.473868866772, 48.743925842268247 ], [ 2.473924078785087, 48.743845136828838 ], [ 2.474311429102775, 48.743328770977058 ], [ 2.474618122292653, 48.742853422594223 ], [ 2.47487732614495, 48.742501985916995 ], [ 2.475019319320525, 48.742311031485769 ], [ 2.475608831571686, 48.741567993350742 ], [ 2.475683238853748, 48.741471181489807 ], [ 2.475739687944072, 48.741402173114082 ], [ 2.475787968774171, 48.741334028274807 ], [ 2.475948120745577, 48.741094582960351 ], [ 2.476032433606334, 48.740959138733622 ], [ 2.473592450473125, 48.739912258154355 ], [ 2.473410862134998, 48.739714481373625 ], [ 2.473493085116785, 48.739651883670682 ], [ 2.474443497344767, 48.739124506071242 ], [ 2.474721370926759, 48.738943143928509 ], [ 2.475046180236134, 48.738691831646911 ], [ 2.475441211013041, 48.738353581871564 ], [ 2.475667749077986, 48.738137813338717 ], [ 2.4768098137473, 48.736799067963794 ], [ 2.476852433807497, 48.736752484094417 ], [ 2.47825122002139, 48.737340540551848 ], [ 2.47854935789374, 48.737442579944947 ], [ 2.48023931318555, 48.738154207150565 ], [ 2.480435817010447, 48.738221620678324 ], [ 2.480518941697154, 48.738203993741308 ], [ 2.480656653716365, 48.738166816680227 ], [ 2.480725867614436, 48.738180609280697 ], [ 2.480392361113415, 48.736985608211249 ], [ 2.477822286038636, 48.735904065152866 ], [ 2.477713833326334, 48.735871210991263 ], [ 2.477774442718383, 48.735793225197021 ], [ 2.479221189636614, 48.7352517887633 ], [ 2.479905528550922, 48.734939969485033 ], [ 2.480192941296551, 48.734752339634738 ], [ 2.480611971562043, 48.734455550491255 ], [ 2.480983167627862, 48.734182836657226 ], [ 2.481378340182093, 48.733822980351256 ], [ 2.481942322308192, 48.733304654897395 ], [ 2.482219929375736, 48.733007245964792 ], [ 2.482375510724001, 48.732811843199158 ], [ 2.482513758119639, 48.732444572300437 ], [ 2.483006169704485, 48.731461820424911 ], [ 2.483522997315888, 48.730757997792651 ], [ 2.484630984053483, 48.729253526079383 ] ] ] ] } },
{ "type": "Feature", "properties": { "id_projet": "ecs-2025-17", "lib_com": "Bagnolet", "insee_com": "93006", "dispositif": "Accompagnement à l’évolution des pratiques constructives", "thematique": "BTP Construction et aménagement circulaire", "nom_projet": "Bagnolet", "nom_projet_carto": "Appui technique", "description": "Accompagnement de la Ville de Bagnolet en économie circulaire, sur la filière BTP.", "annee": "2025", "deliberation": null, "nom_beneficaire": "Ville de Bagnolet", "cat_beneficiaire": "Commune", "type_aide": "Accompagnement", "representation_carto": "Zone (surface)", "intermediaire": "Non", "financement_fim": "Non", "trophee_ECS": null, "lib_carto": "Bagnolet", "competence": "Développement et d’aménagement économique, social et culturel" }, "geometry": { "type": "MultiPolygon", "coordinates": [ [ [ [ 2.414777613619787, 48.858254699816335 ], [ 2.41475298984724, 48.858384084958864 ], [ 2.414739673209084, 48.858477551619934 ], [ 2.414711878934123, 48.858646492357373 ], [ 2.414701692063774, 48.858704000544719 ], [ 2.414419985069012, 48.860242298110329 ], [ 2.414370428780845, 48.86064945777057 ], [ 2.414265538788356, 48.862098683375947 ], [ 2.414244353802721, 48.862285642638952 ], [ 2.414245595466344, 48.862296440808677 ], [ 2.414136707359646, 48.863373317846879 ], [ 2.414120439789225, 48.863486555066096 ], [ 2.414117481122137, 48.863507225403659 ], [ 2.4141053834727, 48.863613288301345 ], [ 2.414094840973361, 48.863702271343378 ], [ 2.414020883147006, 48.864218130237376 ], [ 2.414012057473055, 48.864275644750677 ], [ 2.413994203750113, 48.864408659562578 ], [ 2.413985388130426, 48.86446527477424 ], [ 2.413951255837118, 48.864712425919947 ], [ 2.413975532755114, 48.864977849794734 ], [ 2.413977335687162, 48.865181109189784 ], [ 2.413979138633278, 48.865384368547495 ], [ 2.414003064371064, 48.866044599988847 ], [ 2.414003527142931, 48.866124643334281 ], [ 2.414009854516087, 48.866289253144679 ], [ 2.414009328487379, 48.866336016134156 ], [ 2.414009710343824, 48.866423253763848 ], [ 2.414011728438983, 48.866486217281597 ], [ 2.413996810038715, 48.866721770678105 ], [ 2.413999182197129, 48.866753259103021 ], [ 2.413999020337852, 48.866767647709345 ], [ 2.413995798413295, 48.866811699467 ], [ 2.413994394833126, 48.866815289944405 ], [ 2.413981727024356, 48.867093123136051 ], [ 2.41396064494842, 48.867513010284192 ], [ 2.413956477652905, 48.86921633249775 ], [ 2.41393808585335, 48.8693970088529 ], [ 2.413930460508066, 48.869468918336686 ], [ 2.413932458389641, 48.869533680253639 ], [ 2.413932326856992, 48.869545370966819 ], [ 2.41392629738481, 48.86959660354718 ], [ 2.413918823766366, 48.869655023734303 ], [ 2.413868647460327, 48.870116136835712 ], [ 2.413837163536687, 48.87049100516856 ], [ 2.413832679230656, 48.870526057249563 ], [ 2.413812498274288, 48.870744496650978 ], [ 2.41378770426994, 48.870888268687928 ], [ 2.413720181761154, 48.871557941672947 ], [ 2.41370496704437, 48.871819573181654 ], [ 2.413699048431472, 48.87186091352428 ], [ 2.413691675458419, 48.871910340740705 ], [ 2.413660280284812, 48.872277114867821 ], [ 2.41365847160794, 48.872316676657888 ], [ 2.413649310091611, 48.872403867071654 ], [ 2.413646198880088, 48.872438026479635 ], [ 2.413431063629795, 48.873140250511511 ], [ 2.413767494181072, 48.873410798939389 ], [ 2.414411948748632, 48.873932867785427 ], [ 2.415000964732071, 48.874415091368398 ], [ 2.415298168121047, 48.874659362797814 ], [ 2.415375191001139, 48.874720893488721 ], [ 2.41583746322237, 48.875078385864818 ], [ 2.416927461019093, 48.875630492780822 ], [ 2.417584359854873, 48.876020402380284 ], [ 2.417746746182044, 48.876130011194313 ], [ 2.417758925938115, 48.87613816439999 ], [ 2.417968678952653, 48.876279479796757 ], [ 2.418560332546326, 48.87665287857272 ], [ 2.418582005970436, 48.876665574445241 ], [ 2.418721449852816, 48.876754385858469 ], [ 2.419677319866523, 48.877357976271085 ], [ 2.420279684956507, 48.877751203205094 ], [ 2.420468207193736, 48.877841149451051 ], [ 2.420633822268699, 48.877906702680335 ], [ 2.420833372953713, 48.877985909773081 ], [ 2.420902716793506, 48.878003332459642 ], [ 2.420940782255525, 48.878013409193869 ], [ 2.421440988353085, 48.878153424778226 ], [ 2.421703358149456, 48.878223940695655 ], [ 2.421870618923478, 48.878264318960788 ], [ 2.421903261045408, 48.878271671211884 ], [ 2.422164977044987, 48.878278330706443 ], [ 2.422524629750532, 48.878306146620865 ], [ 2.422542344199425, 48.878307131397243 ], [ 2.422791769771369, 48.878315528889679 ], [ 2.423198277260159, 48.878298602317372 ], [ 2.424145852015739, 48.878303164115621 ], [ 2.424617574459807, 48.878307230931512 ], [ 2.424658486910352, 48.878306528234248 ], [ 2.424916212484507, 48.878304169262634 ], [ 2.425017115283277, 48.878303754608829 ], [ 2.425236635374727, 48.878303909423806 ], [ 2.425319803823994, 48.878304308696052 ], [ 2.42539209470187, 48.87830195771943 ], [ 2.425554321508372, 48.878304534922229 ], [ 2.425682532314662, 48.878300653432667 ], [ 2.426207764991789, 48.878274393561171 ], [ 2.426267794946286, 48.878271083961806 ], [ 2.426917186931326, 48.878237322006747 ], [ 2.427176661221387, 48.878199892789397 ], [ 2.427430335455673, 48.878193911714874 ], [ 2.42779027691834, 48.878195632701228 ], [ 2.428151591693617, 48.87819645983835 ], [ 2.428392856889141, 48.878203008025793 ], [ 2.428883439755707, 48.878227832605937 ], [ 2.429504635242877, 48.87827845882336 ], [ 2.429771402225879, 48.878321998149602 ], [ 2.429979680416191, 48.878352667825254 ], [ 2.430371735302898, 48.878410292196456 ], [ 2.430762319515609, 48.878477800875011 ], [ 2.431396486418316, 48.878589633111886 ], [ 2.431997472797532, 48.878743572872111 ], [ 2.432197308685855, 48.878798480413188 ], [ 2.432644417812461, 48.878934599756732 ], [ 2.432966660841977, 48.879017965144705 ], [ 2.433286748881794, 48.878798246627255 ], [ 2.433729757622357, 48.87855932354254 ], [ 2.43417097876319, 48.878359061368492 ], [ 2.434359960877666, 48.878283511701561 ], [ 2.434662428093942, 48.878178819936679 ], [ 2.435151166708609, 48.877996765030986 ], [ 2.435634331346296, 48.877825473758222 ], [ 2.435737034973069, 48.877784588865225 ], [ 2.436102631702385, 48.877641519933817 ], [ 2.436459958463865, 48.877506504888103 ], [ 2.43680762291983, 48.8773822352343 ], [ 2.437058115572026, 48.877291682081619 ], [ 2.436779227146273, 48.876855995287549 ], [ 2.436846256446847, 48.876835626101858 ], [ 2.43658565196592, 48.876474668865619 ], [ 2.436699191056566, 48.876440129403264 ], [ 2.436559332464921, 48.875882787241352 ], [ 2.436388626059864, 48.875278534297458 ], [ 2.436264783408219, 48.874753642427919 ], [ 2.435948521087546, 48.874749454640487 ], [ 2.435817904851112, 48.874724557223345 ], [ 2.435518967512816, 48.874631416362071 ], [ 2.435434724209983, 48.874604938529153 ], [ 2.435244658759379, 48.874530296974314 ], [ 2.434945850389652, 48.874425463980963 ], [ 2.434533169207473, 48.874260736611198 ], [ 2.434325666502291, 48.874159930628359 ], [ 2.434000534105653, 48.873968635155265 ], [ 2.43394780501197, 48.873927915977568 ], [ 2.433672180261433, 48.873572276236715 ], [ 2.43290589976663, 48.872451679624447 ], [ 2.432629818084363, 48.872014195599917 ], [ 2.432456359037553, 48.871793037018655 ], [ 2.432301143949566, 48.871649307210781 ], [ 2.432186013260909, 48.871580411892033 ], [ 2.43170027833274, 48.87136676367664 ], [ 2.431410116388081, 48.871221492533543 ], [ 2.431072115366268, 48.871087684610295 ], [ 2.430940560046027, 48.871025005304396 ], [ 2.430931046928513, 48.871022262079478 ], [ 2.430814231930713, 48.870983035355209 ], [ 2.430469205071358, 48.870743970342289 ], [ 2.430517069022172, 48.87023157825621 ], [ 2.430524887875975, 48.870139883463615 ], [ 2.430531107546011, 48.87006976505544 ], [ 2.430390659653082, 48.869698571358342 ], [ 2.430290318465753, 48.869524522391011 ], [ 2.430119973510953, 48.869394207392979 ], [ 2.429427913553329, 48.8688531085131 ], [ 2.428707133206275, 48.868321760901345 ], [ 2.428947295192317, 48.868300423599884 ], [ 2.429389962482097, 48.868210802618037 ], [ 2.429049345661002, 48.867944773762737 ], [ 2.42955853948606, 48.867630635642634 ], [ 2.429507764486984, 48.867536862748523 ], [ 2.429353338614937, 48.867322984046119 ], [ 2.429282028695257, 48.867237207141017 ], [ 2.429223985690614, 48.867184768880087 ], [ 2.429201039175928, 48.867163974725088 ], [ 2.429153753512498, 48.867125077765891 ], [ 2.42901869284211, 48.867010217860752 ], [ 2.428724995973614, 48.866817257806105 ], [ 2.428442947677291, 48.866681010801798 ], [ 2.428223357141837, 48.866567544914325 ], [ 2.428038744287695, 48.866496514580525 ], [ 2.427805405821583, 48.86639377423824 ], [ 2.427845439622401, 48.866348099459302 ], [ 2.427898452368461, 48.866237734466225 ], [ 2.428086576319912, 48.865492183868234 ], [ 2.428096502927156, 48.865457157148107 ], [ 2.428102360024795, 48.865420312305694 ], [ 2.428170274615705, 48.865069895196093 ], [ 2.428316899301247, 48.864627222134509 ], [ 2.428447649866003, 48.864264514026843 ], [ 2.428560550845374, 48.863913411841516 ], [ 2.428577509041406, 48.863858633159978 ], [ 2.428584560972085, 48.863837082704116 ], [ 2.428669213272243, 48.86357577929337 ], [ 2.428550797169149, 48.863559925174165 ], [ 2.428195559162826, 48.863511462820391 ], [ 2.427889400741747, 48.863462334697083 ], [ 2.426386362930602, 48.863172747662112 ], [ 2.426266466572423, 48.863167676246256 ], [ 2.42622819303052, 48.863177385490417 ], [ 2.426227572841, 48.863109932066592 ], [ 2.425901013000322, 48.863057103648657 ], [ 2.424253240547268, 48.862791976735075 ], [ 2.424137583412387, 48.862773433476484 ], [ 2.42388722703401, 48.862732657597327 ], [ 2.424039003560124, 48.862073272487379 ], [ 2.423700852022879, 48.861960126374342 ], [ 2.423586679317365, 48.861930797621461 ], [ 2.423416514764483, 48.861911091754259 ], [ 2.423325254297429, 48.861905255991715 ], [ 2.423250329791315, 48.861901297569567 ], [ 2.423208047304307, 48.861903791812132 ], [ 2.423098252748188, 48.861848402812406 ], [ 2.422968182980459, 48.861777627157366 ], [ 2.422943093105773, 48.861704659579004 ], [ 2.422872847444014, 48.861524452670345 ], [ 2.422855507300954, 48.861490194090507 ], [ 2.422703605700098, 48.861175591383784 ], [ 2.422640662362159, 48.861074561509902 ], [ 2.422460397557911, 48.86085964843442 ], [ 2.42249865016259, 48.860851738961699 ], [ 2.422595858866424, 48.860812636993337 ], [ 2.422735747588331, 48.860735069141299 ], [ 2.422897941246281, 48.860612641604234 ], [ 2.422932303958309, 48.86058672640015 ], [ 2.423136659724384, 48.860349386077189 ], [ 2.423306751768056, 48.860005757885652 ], [ 2.423349998198604, 48.859916032066621 ], [ 2.423441445218032, 48.859658361444907 ], [ 2.423433342731892, 48.858296717179876 ], [ 2.423429364023896, 48.858163595163468 ], [ 2.423404955353005, 48.857290214564323 ], [ 2.423155919066394, 48.857255738595377 ], [ 2.422536652231873, 48.857177206862296 ], [ 2.421980118817545, 48.857095377573941 ], [ 2.420635468589593, 48.856799285817516 ], [ 2.418253361930856, 48.856284994742154 ], [ 2.417693027620981, 48.856178844558897 ], [ 2.417470155727194, 48.856121101009862 ], [ 2.417180998352662, 48.856018966263015 ], [ 2.416803771490974, 48.855870534960097 ], [ 2.415286455935682, 48.855177828333709 ], [ 2.415121455219413, 48.856157309442082 ], [ 2.415117043674978, 48.856186066948794 ], [ 2.414946756430613, 48.857271643839319 ], [ 2.414865052972925, 48.857750595161065 ], [ 2.414777613619787, 48.858254699816335 ] ] ] ] } },
{ "type": "Feature", "properties": { "id_projet": "ecs-2025-18", "lib_com": "Gennevilliers", "insee_com": "92036", "dispositif": "Accompagnement à l’évolution des pratiques constructives", "thematique": "BTP Construction et aménagement circulaire", "nom_projet": "Gennevilliers", "nom_projet_carto": "Appui technique", "description": "Accompagnement de la Ville de Gennevilliers en économie circulaire, sur la filière BTP.", "annee": "2025", "deliberation": null, "nom_beneficaire": "Ville de Gennevilliers", "cat_beneficiaire": "Commune", "type_aide": "Accompagnement", "representation_carto": "Zone (surface)", "intermediaire": "Non", "financement_fim": "Non", "trophee_ECS": null, "lib_carto": "Gennevilliers", "competence": "Développement et d’aménagement économique, social et culturel" }, "geometry": { "type": "MultiPolygon", "coordinates": [ [ [ [ 2.328449672778646, 48.922759687346293 ], [ 2.327510443867981, 48.922046670858485 ], [ 2.326983968444251, 48.921603057773858 ], [ 2.326529484392224, 48.921185926537397 ], [ 2.326443178954134, 48.921106302933111 ], [ 2.325953226208402, 48.920688969875407 ], [ 2.325866538037633, 48.920639020597434 ], [ 2.325537175957082, 48.920466299764662 ], [ 2.324804926444667, 48.920213968325221 ], [ 2.32386635831008, 48.919772514064931 ], [ 2.3227060798992, 48.919172421103546 ], [ 2.32213948428466, 48.918776221424139 ], [ 2.322015312685547, 48.91867119966016 ], [ 2.321488855088136, 48.918964989437995 ], [ 2.321417398514215, 48.919003254778211 ], [ 2.321351470080122, 48.919036155570183 ], [ 2.321297880442541, 48.919064629707009 ], [ 2.321201722339361, 48.919113546622206 ], [ 2.321038129954939, 48.919206147178116 ], [ 2.320730151793222, 48.91938336277309 ], [ 2.320378226193075, 48.91958191154599 ], [ 2.320164003888584, 48.919685015315608 ], [ 2.31952548416216, 48.919989851338343 ], [ 2.3193923871974, 48.920045751401204 ], [ 2.319036770375013, 48.920212799621083 ], [ 2.31841758803389, 48.920498854223737 ], [ 2.318200652612908, 48.920600140401682 ], [ 2.317972635236123, 48.920713953328203 ], [ 2.317763613985978, 48.920835967697101 ], [ 2.317544882067409, 48.920761878578418 ], [ 2.316754909147324, 48.920543342499535 ], [ 2.316010969550643, 48.920352942305854 ], [ 2.315688610970731, 48.920272862304699 ], [ 2.315287360890514, 48.920173445248835 ], [ 2.315011290895713, 48.920101721644052 ], [ 2.314948760793939, 48.920083378083191 ], [ 2.314613151425401, 48.919973542391531 ], [ 2.31453026082893, 48.919946988409983 ], [ 2.313982717460397, 48.919765792599549 ], [ 2.313778933621105, 48.919697177883158 ], [ 2.313076639930777, 48.919454838107988 ], [ 2.312768244975631, 48.919351448290072 ], [ 2.312264234508263, 48.919181285794153 ], [ 2.311530679187228, 48.918930663575196 ], [ 2.310316329141664, 48.918509999442037 ], [ 2.310111238287202, 48.918437773610073 ], [ 2.309963395316315, 48.918370373670214 ], [ 2.309601258229589, 48.918204613956824 ], [ 2.309269009882262, 48.918048917785057 ], [ 2.308663046464816, 48.917748652011269 ], [ 2.308367392475484, 48.917612049812675 ], [ 2.308196358815611, 48.917544513736459 ], [ 2.307810834550096, 48.917393901570343 ], [ 2.30772931595799, 48.917367350703834 ], [ 2.30750118161191, 48.917284195459899 ], [ 2.306975557337602, 48.91710039565578 ], [ 2.306691711976034, 48.916999829746189 ], [ 2.306562691719791, 48.916954117743728 ], [ 2.306462168550252, 48.91692026154751 ], [ 2.30573427462601, 48.916658844068174 ], [ 2.305617511696695, 48.91661500066644 ], [ 2.305514320992504, 48.916576631663304 ], [ 2.305237387350461, 48.916469807145312 ], [ 2.305067785945632, 48.916397778258599 ], [ 2.30492659712781, 48.916343900105893 ], [ 2.30461293543061, 48.916228767253784 ], [ 2.304471723505523, 48.916176687031204 ], [ 2.304261240483424, 48.916100822397283 ], [ 2.303883792307904, 48.915960136546765 ], [ 2.303748003290784, 48.915910784881198 ], [ 2.303511779635708, 48.915821279691627 ], [ 2.303323081395775, 48.915749137243651 ], [ 2.303080097522465, 48.915655095331168 ], [ 2.302794999572871, 48.915547318218238 ], [ 2.302341709067746, 48.915364817832355 ], [ 2.302093379821309, 48.915262648964159 ], [ 2.301733873370452, 48.915107671749411 ], [ 2.301614436835429, 48.915060211527887 ], [ 2.301151918167218, 48.914854270694079 ], [ 2.300838926160975, 48.914690568944685 ], [ 2.300522012284457, 48.914514253119791 ], [ 2.300152326481795, 48.914305253021105 ], [ 2.29963594869527, 48.914046831535131 ], [ 2.299318655394976, 48.913899288060151 ], [ 2.299044622714441, 48.913781674059955 ], [ 2.29893087914253, 48.913717157500393 ], [ 2.298920037206617, 48.913711698194589 ], [ 2.298708474503023, 48.913616032395581 ], [ 2.298012554476812, 48.913316982859847 ], [ 2.297918901866217, 48.91328046163828 ], [ 2.297757397663377, 48.913216563317064 ], [ 2.297423378847622, 48.913095895913244 ], [ 2.29695506042804, 48.91291778291717 ], [ 2.2963834959816, 48.912706686493287 ], [ 2.296334028581771, 48.9127324759502 ], [ 2.296277824738215, 48.912751930639743 ], [ 2.29626731404195, 48.912822914438436 ], [ 2.296240166544372, 48.913014308108743 ], [ 2.296229315262553, 48.913110470578275 ], [ 2.296115253429088, 48.913876911957793 ], [ 2.295976061962428, 48.914886917788841 ], [ 2.295969850305794, 48.914942638439292 ], [ 2.295835511253256, 48.915795292739169 ], [ 2.295826949376006, 48.915923843483107 ], [ 2.295651993488054, 48.917055043366915 ], [ 2.295602718687109, 48.917267889454862 ], [ 2.295493438881315, 48.918082918080479 ], [ 2.295471390522232, 48.91830042054746 ], [ 2.295465190092267, 48.918355241762292 ], [ 2.295417924673889, 48.918721880657003 ], [ 2.295411565855836, 48.918788391892235 ], [ 2.295393195504643, 48.918935769997276 ], [ 2.295348401606245, 48.919220586418021 ], [ 2.295332650280265, 48.91937607360807 ], [ 2.295307335328646, 48.919532403830452 ], [ 2.295285419534604, 48.919740014405861 ], [ 2.295247543757927, 48.919916954697008 ], [ 2.295099301679557, 48.919880110440083 ], [ 2.295023438549056, 48.919839195367899 ], [ 2.294270930260363, 48.91938151545606 ], [ 2.293921763037005, 48.919168121454234 ], [ 2.292880795331433, 48.91855045421044 ], [ 2.292869965242645, 48.91854409514729 ], [ 2.29238831632035, 48.918239983801023 ], [ 2.292144820131639, 48.918083864692235 ], [ 2.292116570542192, 48.918054020663618 ], [ 2.292048850118126, 48.918016748947061 ], [ 2.291950212653456, 48.917945120821116 ], [ 2.291897562466868, 48.917903441540901 ], [ 2.291779131790455, 48.917982779836052 ], [ 2.291500020620662, 48.918137608998165 ], [ 2.290516291831174, 48.918729826502364 ], [ 2.290441850928196, 48.918785142654741 ], [ 2.290248950195783, 48.918921593939338 ], [ 2.290122107097019, 48.919017068226836 ], [ 2.289929069692878, 48.919163410534026 ], [ 2.288957548325204, 48.919958030999524 ], [ 2.288361448259694, 48.920440116809338 ], [ 2.287501058025865, 48.921187721670144 ], [ 2.286807724501579, 48.921792425808306 ], [ 2.286579321070774, 48.922028482352466 ], [ 2.286457465601059, 48.922157256514538 ], [ 2.286306546967633, 48.922315534458185 ], [ 2.286176428810292, 48.922449654914594 ], [ 2.285948093670567, 48.922680314732453 ], [ 2.286279697417513, 48.922880137167688 ], [ 2.285621327003409, 48.924116352419631 ], [ 2.284974151282698, 48.925330147097142 ], [ 2.284503377080231, 48.926119621305816 ], [ 2.284493944623501, 48.926309317442616 ], [ 2.284473406397964, 48.927008850504606 ], [ 2.28446016037702, 48.927376585086364 ], [ 2.284432967114987, 48.928262232640144 ], [ 2.284403950574927, 48.929181142618852 ], [ 2.284401522176782, 48.929258467768555 ], [ 2.284401039814841, 48.929293537518674 ], [ 2.284379282474433, 48.929386934602825 ], [ 2.284365837382929, 48.93006672348556 ], [ 2.284370335783821, 48.930235818277374 ], [ 2.284280253369418, 48.930335102316967 ], [ 2.284073216515227, 48.930601856225508 ], [ 2.283670215648292, 48.93112373813927 ], [ 2.28334495267948, 48.931748603172053 ], [ 2.283111699736627, 48.93193606030195 ], [ 2.282864498243304, 48.93204609402914 ], [ 2.282637891822702, 48.932147257561894 ], [ 2.282467613829978, 48.932221779048639 ], [ 2.282282061900884, 48.932315094034152 ], [ 2.281659281383112, 48.932737628926333 ], [ 2.281208016298632, 48.932995718938152 ], [ 2.281031021167355, 48.933062104408222 ], [ 2.279287547272891, 48.933290844993834 ], [ 2.278798374495715, 48.933328370573442 ], [ 2.278364560694606, 48.933409393688351 ], [ 2.277631445475212, 48.933517389036979 ], [ 2.276888333381801, 48.933558771731335 ], [ 2.276534663682705, 48.933569227428897 ], [ 2.276254870592082, 48.933567538104924 ], [ 2.275976442363844, 48.933565856373136 ], [ 2.275660036405242, 48.933546857851255 ], [ 2.274877132804844, 48.933309205905005 ], [ 2.274628182564356, 48.933249245149696 ], [ 2.274387695559139, 48.933267573861642 ], [ 2.274034789851045, 48.933321193007345 ], [ 2.273746755457262, 48.933421068336592 ], [ 2.273329754772075, 48.933665846990124 ], [ 2.273180642760556, 48.933787246996019 ], [ 2.273039347010707, 48.933837649867741 ], [ 2.272394395929397, 48.934081941613286 ], [ 2.272250746283356, 48.934105350396635 ], [ 2.271950251060562, 48.934119712648965 ], [ 2.271743812277339, 48.934045615461912 ], [ 2.271499712230592, 48.933931719980563 ], [ 2.271260253882089, 48.933876306434065 ], [ 2.269398512115594, 48.934259762380805 ], [ 2.267957719695235, 48.934506370543467 ], [ 2.267651141207198, 48.934564750359804 ], [ 2.267194160264627, 48.934641095072493 ], [ 2.265802158207197, 48.934814233443007 ], [ 2.265679052871442, 48.934832364443643 ], [ 2.265505358155474, 48.934856480362129 ], [ 2.26540962634068, 48.93486938306782 ], [ 2.264594456490384, 48.934984889511824 ], [ 2.262484280602981, 48.935458441686279 ], [ 2.262249606338901, 48.934873354491756 ], [ 2.261942585311083, 48.935058517724677 ], [ 2.261745722831334, 48.935176012287158 ], [ 2.261493702284963, 48.935332735660239 ], [ 2.261411094033939, 48.935382587161357 ], [ 2.26131199201514, 48.935440430607493 ], [ 2.261098581893727, 48.935569512933412 ], [ 2.261015947340102, 48.935621162584511 ], [ 2.260953977704731, 48.935659450175571 ], [ 2.26086862584508, 48.935710183671361 ], [ 2.260681389460332, 48.93582234003749 ], [ 2.260328880637149, 48.936037794473897 ], [ 2.259815279531082, 48.936350276237484 ], [ 2.259163566388733, 48.936775213264234 ], [ 2.259044863519222, 48.936867106829986 ], [ 2.25881030170006, 48.93704281753007 ], [ 2.25843372685058, 48.937317470843276 ], [ 2.258310670203977, 48.937427322597514 ], [ 2.258169560977624, 48.937558645543419 ], [ 2.258088105752327, 48.937622890534215 ], [ 2.257920884233018, 48.937575092021625 ], [ 2.256865443468325, 48.937496609160462 ], [ 2.255319191118847, 48.936898873328992 ], [ 2.254348447706738, 48.936626646597304 ], [ 2.253861525939016, 48.936313359368221 ], [ 2.25346096727033, 48.93616517914063 ], [ 2.253186852983839, 48.936147284098048 ], [ 2.252308555183107, 48.935997920768664 ], [ 2.251286689068916, 48.935865640092238 ], [ 2.251020714721897, 48.935851388111097 ], [ 2.2508242416782, 48.935750338255481 ], [ 2.249980950508728, 48.935256745896019 ], [ 2.249471422827256, 48.934904628940068 ], [ 2.249312301014126, 48.934769637074609 ], [ 2.24901207570709, 48.934480880300285 ], [ 2.248613777789462, 48.934083592094083 ], [ 2.248457585272356, 48.933935127854774 ], [ 2.2484012619501, 48.933865528687036 ], [ 2.248354455011362, 48.93398753968745 ], [ 2.24811582897207, 48.934820591215512 ], [ 2.247844034208277, 48.935870164023896 ], [ 2.247561180577503, 48.936739806671319 ], [ 2.247932595384183, 48.936920198391171 ], [ 2.248560439244796, 48.937209213049485 ], [ 2.249046178329202, 48.93741369957884 ], [ 2.250335425094949, 48.93803329085727 ], [ 2.250996041951317, 48.938323396563966 ], [ 2.251701826697994, 48.938605686860178 ], [ 2.252210498475848, 48.938830987067341 ], [ 2.25288899697905, 48.939113099917826 ], [ 2.253726523341689, 48.939443861580017 ], [ 2.255266935266653, 48.94007215584228 ], [ 2.255294093884732, 48.94008221679767 ], [ 2.25557788855962, 48.940188297580761 ], [ 2.256066223743438, 48.940596910128008 ], [ 2.25640534862054, 48.940843621757125 ], [ 2.25708318419405, 48.941366715945136 ], [ 2.257912093179849, 48.941923115802808 ], [ 2.258626757239812, 48.942354700972587 ], [ 2.258983132180785, 48.942542158321046 ], [ 2.259395337211499, 48.942739851705184 ], [ 2.259819600826974, 48.942953805287026 ], [ 2.26027433480755, 48.943137369509607 ], [ 2.260919902481137, 48.943438117000404 ], [ 2.261775372553524, 48.943763535252195 ], [ 2.26216282151047, 48.943879231068436 ], [ 2.2631562093464, 48.944203689496284 ], [ 2.263595847789158, 48.944394342277114 ], [ 2.265175295830573, 48.944984075134975 ], [ 2.266708875986223, 48.945730881194869 ], [ 2.267147086499561, 48.945927806790884 ], [ 2.268153019564009, 48.946335933030561 ], [ 2.268613058285369, 48.946534784921496 ], [ 2.269090038821845, 48.946694169733334 ], [ 2.269693112379235, 48.946819248717809 ], [ 2.270674098839709, 48.947061732864498 ], [ 2.27247153097538, 48.947403591376073 ], [ 2.273587534255474, 48.947658561408424 ], [ 2.275083279378626, 48.947999451185645 ], [ 2.277719615977626, 48.948697020501342 ], [ 2.279002438935721, 48.949036577700269 ], [ 2.280286233246342, 48.949405803098131 ], [ 2.280585359121905, 48.9494966273869 ], [ 2.281489768144256, 48.949754749329898 ], [ 2.282636696008411, 48.949952265339434 ], [ 2.285046330494247, 48.950369537419419 ], [ 2.285459369903874, 48.950418762474875 ], [ 2.287957462005571, 48.950760963266781 ], [ 2.29080533850887, 48.951088095028361 ], [ 2.292456608478496, 48.950751629070879 ], [ 2.293398984828158, 48.950633086417483 ], [ 2.295639688757197, 48.950526667686468 ], [ 2.296886504830657, 48.950511504471841 ], [ 2.297928465686146, 48.950499625217724 ], [ 2.299188800067739, 48.950494409300227 ], [ 2.301160971348279, 48.950251425596427 ], [ 2.301650709771158, 48.95018233703037 ], [ 2.303113139035646, 48.949971422785509 ], [ 2.304050202878892, 48.949736758662155 ], [ 2.306088724412636, 48.949224295396462 ], [ 2.306216125426417, 48.949192658687728 ], [ 2.306364089110818, 48.949154845862296 ], [ 2.307455588640619, 48.948906660090842 ], [ 2.308608669199316, 48.948647128915809 ], [ 2.310574018679188, 48.948189023415537 ], [ 2.311544921257935, 48.947971581618916 ], [ 2.311668101190334, 48.947948907674636 ], [ 2.311304515886377, 48.946948618312156 ], [ 2.310524724320036, 48.944801147542805 ], [ 2.310491656669273, 48.944720921185905 ], [ 2.310329205215602, 48.944308115095019 ], [ 2.310061172845599, 48.943621318770496 ], [ 2.310030681811039, 48.943552797708861 ], [ 2.309312234012916, 48.941522571897451 ], [ 2.309984035138959, 48.941306116088093 ], [ 2.309202818691265, 48.940304308111791 ], [ 2.310903337684515, 48.939718768777205 ], [ 2.312594879774391, 48.939189808826846 ], [ 2.313938243254946, 48.938457392108567 ], [ 2.314001577765125, 48.938416387383626 ], [ 2.314056556308775, 48.938387924830828 ], [ 2.314263128354227, 48.938250616549965 ], [ 2.314602717459938, 48.938067305654982 ], [ 2.315413429626177, 48.937870498426044 ], [ 2.316612214486788, 48.937539207232696 ], [ 2.317431737675189, 48.937293875021453 ], [ 2.317755622756501, 48.937161725130338 ], [ 2.318101651733853, 48.93700631884559 ], [ 2.31843914909154, 48.936772624934768 ], [ 2.318717221317103, 48.936594348166089 ], [ 2.318990255728382, 48.93638366771178 ], [ 2.319383859511884, 48.93603428155248 ], [ 2.319635590716668, 48.935782111267443 ], [ 2.320277993001258, 48.935194923100781 ], [ 2.321025680785201, 48.934383505217426 ], [ 2.321104898463508, 48.934275139849731 ], [ 2.322158123023634, 48.932849430271027 ], [ 2.321101172462344, 48.931318247958799 ], [ 2.320856859820677, 48.931213445002797 ], [ 2.320745859966526, 48.931038353066086 ], [ 2.319789615364173, 48.929639923231015 ], [ 2.318453053268737, 48.927688952169106 ], [ 2.318424936513805, 48.9276474246305 ], [ 2.318357997649843, 48.927548121301172 ], [ 2.318544326105697, 48.927493424680414 ], [ 2.318630678509142, 48.927465138232911 ], [ 2.31875013660434, 48.92741006104557 ], [ 2.318869747483798, 48.927343293753744 ], [ 2.319050968991756, 48.927261588422127 ], [ 2.320165933753604, 48.92684884691792 ], [ 2.320966788436457, 48.926555720518067 ], [ 2.321273987123513, 48.926441451617592 ], [ 2.321760799075598, 48.926263449297437 ], [ 2.322154307404984, 48.926123587001285 ], [ 2.32263692576371, 48.925952751758331 ], [ 2.325442585706281, 48.924920897307722 ], [ 2.325449490436194, 48.924914641093437 ], [ 2.325546342978771, 48.924812666332734 ], [ 2.326547466794691, 48.92411954255337 ], [ 2.327511569029856, 48.923437893227536 ], [ 2.327616311784524, 48.923358443445956 ], [ 2.327659136768238, 48.923318215304107 ], [ 2.327725275765681, 48.923269124965046 ], [ 2.327758374261488, 48.923242331696748 ], [ 2.327862988472677, 48.923172773256724 ], [ 2.327955263134081, 48.92310764200915 ], [ 2.328007581620856, 48.923071963476978 ], [ 2.32817698036144, 48.922952407320047 ], [ 2.328449672778646, 48.922759687346293 ] ] ] ] } },
{ "type": "Feature", "properties": { "id_projet": "ecs-2025-19", "lib_com": "Neuilly-Plaisance", "insee_com": "93049", "dispositif": "Accompagnement à l’évolution des pratiques constructives", "thematique": "BTP Construction et aménagement circulaire", "nom_projet": "Neuilly-Plaisance", "nom_projet_carto": "Outillage", "description": "Accompagnement de la Ville de Neuilly-Plaisance en économie circulaire, sur la filière BTP.", "annee": "2025", "deliberation": null, "nom_beneficaire": "Ville de Neuilly-Plaisance", "cat_beneficiaire": "Commune", "type_aide": "Accompagnement", "representation_carto": "Zone (surface)", "intermediaire": "Non", "financement_fim": "Non", "trophee_ECS": null, "lib_carto": "Neuilly-/nPlaisance", "competence": "Développement et d’aménagement économique, social et culturel" }, "geometry": { "type": "MultiPolygon", "coordinates": [ [ [ [ 2.520961225570373, 48.852230051797456 ], [ 2.520225988624198, 48.852156957353131 ], [ 2.518461426707385, 48.851981692096189 ], [ 2.518232852356463, 48.851941200960063 ], [ 2.517791899432998, 48.851877370129415 ], [ 2.516985080518199, 48.851735617240848 ], [ 2.516532692317041, 48.851582700744913 ], [ 2.516278429747392, 48.851520517842637 ], [ 2.515857120742103, 48.851396503334534 ], [ 2.515745786910759, 48.851351985031513 ], [ 2.51569012424555, 48.851329276186362 ], [ 2.515592367748011, 48.851290208745915 ], [ 2.515360270883604, 48.851189441887641 ], [ 2.515168972710834, 48.85109783331626 ], [ 2.514992598095744, 48.851013479662477 ], [ 2.514961414728872, 48.850996265749032 ], [ 2.51454110170104, 48.85076612813225 ], [ 2.514244362255508, 48.850583256557364 ], [ 2.513513330623281, 48.850063164187908 ], [ 2.513211665768746, 48.850262490769886 ], [ 2.513112938435084, 48.850327741102092 ], [ 2.513181536954127, 48.850424249936786 ], [ 2.513265925336067, 48.850581078930617 ], [ 2.513355074220557, 48.850665979782811 ], [ 2.513370788411239, 48.850734393745135 ], [ 2.513364187020715, 48.850857576842976 ], [ 2.513375645185327, 48.850943960333808 ], [ 2.513449527921065, 48.851058477296604 ], [ 2.513490974437675, 48.851144083360055 ], [ 2.513488746911253, 48.851236706564769 ], [ 2.513462166717924, 48.851310344550967 ], [ 2.513398876904588, 48.851374839817588 ], [ 2.513309686769592, 48.851440129040547 ], [ 2.512952730666989, 48.851721969307462 ], [ 2.512260804426844, 48.852265051246903 ], [ 2.511972159964221, 48.8525273813529 ], [ 2.511470223201961, 48.852427304839111 ], [ 2.511405937839159, 48.852452223913417 ], [ 2.51112553615638, 48.852561697584257 ], [ 2.510853613743813, 48.852638828967137 ], [ 2.509891374878801, 48.852938868804181 ], [ 2.508678584605434, 48.853360182700968 ], [ 2.508625198955908, 48.853385145025882 ], [ 2.508560817753059, 48.853419954916873 ], [ 2.508459140973612, 48.853507672679498 ], [ 2.508352526985876, 48.853685304137137 ], [ 2.508286247802374, 48.853776764535624 ], [ 2.508124340074994, 48.854036907838442 ], [ 2.508092477983368, 48.854091636622861 ], [ 2.508008583377884, 48.854172232336396 ], [ 2.507917959453883, 48.854243806909999 ], [ 2.507571115033419, 48.854460020365558 ], [ 2.507443694279726, 48.854531443130213 ], [ 2.507290065212624, 48.854636033422835 ], [ 2.507229557377267, 48.854693342016674 ], [ 2.507152329918942, 48.854789253329926 ], [ 2.507035240243899, 48.85492097396255 ], [ 2.506664675247734, 48.855338539028835 ], [ 2.50655979746948, 48.855475705524114 ], [ 2.506450617680208, 48.855635337650412 ], [ 2.505867688167438, 48.856600620553003 ], [ 2.50553529371556, 48.857158635940962 ], [ 2.505484355285315, 48.857212385731344 ], [ 2.504571702892499, 48.857302141855712 ], [ 2.504377025359773, 48.857278852253621 ], [ 2.503785939623552, 48.857234133761082 ], [ 2.503231601049558, 48.857194960928162 ], [ 2.503162566125848, 48.857145210716851 ], [ 2.502822330075051, 48.85695043984817 ], [ 2.502773515725188, 48.856924156209544 ], [ 2.502721967109343, 48.85689876052615 ], [ 2.502628281313454, 48.856861498286619 ], [ 2.502567192778902, 48.85683606288223 ], [ 2.502077201136971, 48.856624479105747 ], [ 2.501855957915067, 48.856529127722766 ], [ 2.501530197325165, 48.856389272974297 ], [ 2.501230220703242, 48.856261216197005 ], [ 2.500781004579628, 48.856062387661069 ], [ 2.500114540062956, 48.855779011450309 ], [ 2.500046657103002, 48.855751747660747 ], [ 2.500003124022951, 48.855743471711307 ], [ 2.499312583229185, 48.856548191065741 ], [ 2.498290607378661, 48.856243531297089 ], [ 2.497638295626725, 48.856048335911609 ], [ 2.49738548341273, 48.855977125802838 ], [ 2.497325674555758, 48.855960686458864 ], [ 2.497084260673388, 48.855838261221024 ], [ 2.4968185340198, 48.855693249746345 ], [ 2.496593186011385, 48.856024158309054 ], [ 2.496399580551226, 48.856313830341222 ], [ 2.496344336337464, 48.85638914234174 ], [ 2.496305594004987, 48.856449235006259 ], [ 2.496254351133442, 48.85653355719252 ], [ 2.496100786771017, 48.856769436834796 ], [ 2.495936135370358, 48.857024155650663 ], [ 2.495900126536191, 48.857083360329021 ], [ 2.495725454315447, 48.857387500201447 ], [ 2.495477240870858, 48.857826230457221 ], [ 2.495146072798724, 48.858386020714519 ], [ 2.494887068452385, 48.858812113142015 ], [ 2.496830185277182, 48.859144060559032 ], [ 2.49711322215813, 48.859192015830828 ], [ 2.496732936329887, 48.859757898693445 ], [ 2.496694261440552, 48.859810796901115 ], [ 2.496571213020955, 48.85999104596354 ], [ 2.496350081507556, 48.860306681894308 ], [ 2.496322439879992, 48.860346136350607 ], [ 2.496294798210564, 48.860385590799119 ], [ 2.49610674851003, 48.86066269397562 ], [ 2.496234788856786, 48.860671327056551 ], [ 2.49731694637512, 48.860397083393302 ], [ 2.4973893835285, 48.860517898667403 ], [ 2.497605325362652, 48.860881237725003 ], [ 2.49777051729378, 48.861136443047982 ], [ 2.498193098659904, 48.861839697107435 ], [ 2.498342217591617, 48.862066055292431 ], [ 2.49846718461825, 48.862252741312659 ], [ 2.498563127085658, 48.86233947944806 ], [ 2.499206542185395, 48.863326944240463 ], [ 2.499372663377774, 48.863628915943274 ], [ 2.49946602856135, 48.86384244842332 ], [ 2.499524361180479, 48.86401356564572 ], [ 2.49948203745027, 48.86402058331435 ], [ 2.499496331197839, 48.864093489058178 ], [ 2.499519905218123, 48.864335508162952 ], [ 2.49954578418182, 48.864479509601217 ], [ 2.499771823162623, 48.865072215243082 ], [ 2.499925254646646, 48.865277004786904 ], [ 2.500213029264962, 48.865687402778406 ], [ 2.500339176395078, 48.865894775718722 ], [ 2.500769320291923, 48.866669995384179 ], [ 2.500935194124129, 48.866999842135776 ], [ 2.501044449203581, 48.867405895593059 ], [ 2.501123507558362, 48.867691312742565 ], [ 2.501194752106031, 48.868081019429319 ], [ 2.501202035508083, 48.868174580049356 ], [ 2.501052169933456, 48.86901932477997 ], [ 2.501047804740458, 48.869048085103735 ], [ 2.501036149845419, 48.869126278117363 ], [ 2.501008423026014, 48.86931682019577 ], [ 2.501000489219285, 48.869575793708719 ], [ 2.500999039873632, 48.86958478094968 ], [ 2.500979336818419, 48.869791544301208 ], [ 2.500992617679841, 48.869970565957672 ], [ 2.501035932382267, 48.870145216147151 ], [ 2.501047882575207, 48.870178541092628 ], [ 2.501199933054513, 48.870672006356273 ], [ 2.501220513280301, 48.870800695929809 ], [ 2.501198635315939, 48.870949893086383 ], [ 2.501165348232801, 48.871436290274772 ], [ 2.501156092205021, 48.871548667545113 ], [ 2.5011498554682, 48.871630480281027 ], [ 2.501132704070435, 48.871713146849018 ], [ 2.501092222226484, 48.871811904046567 ], [ 2.501037340948734, 48.871990641248622 ], [ 2.501013088644739, 48.872102955941102 ], [ 2.501008576715729, 48.872147004118716 ], [ 2.50096889288009, 48.872589307102956 ], [ 2.500947670194809, 48.87281225141956 ], [ 2.5009400007639, 48.872901252684855 ], [ 2.500932064194583, 48.873018131920638 ], [ 2.501309918764126, 48.872996324226925 ], [ 2.501485739779154, 48.873001553210464 ], [ 2.501775913543444, 48.873024345132031 ], [ 2.502067270314688, 48.87306602710342 ], [ 2.502161251309876, 48.873075411258085 ], [ 2.502323431189737, 48.873081481600977 ], [ 2.502568746015096, 48.873090595201113 ], [ 2.502762264489224, 48.873098593824935 ], [ 2.502955954654773, 48.873088606342115 ], [ 2.503160722623581, 48.87306067801979 ], [ 2.503270008730919, 48.873037749115873 ], [ 2.503470952221519, 48.872981925306249 ], [ 2.503600961578022, 48.872930303646015 ], [ 2.503804853607495, 48.872851109039381 ], [ 2.503970787232606, 48.872749273655472 ], [ 2.504175011849903, 48.872635006090611 ], [ 2.504417424385927, 48.872519097628135 ], [ 2.50461852714895, 48.872446185349894 ], [ 2.504700657041846, 48.872411451511553 ], [ 2.504930438954792, 48.87233326141623 ], [ 2.505236691329156, 48.872241897092351 ], [ 2.505620682905568, 48.872147255777257 ], [ 2.505791440919181, 48.872111088548095 ], [ 2.505976321764542, 48.872454494843289 ], [ 2.50609552981384, 48.872678918829088 ], [ 2.506174573567566, 48.872825834983182 ], [ 2.506115756266913, 48.872846276802498 ], [ 2.506000882212752, 48.872883574445332 ], [ 2.505888734565505, 48.872920883231536 ], [ 2.505837943190123, 48.872957545897137 ], [ 2.505825443245253, 48.872981776074376 ], [ 2.505827657899928, 48.873035744728433 ], [ 2.506217589563208, 48.873609324501096 ], [ 2.506750057320156, 48.87439303259049 ], [ 2.506892202851093, 48.874643630258362 ], [ 2.507036223774037, 48.87484027600275 ], [ 2.507042946829884, 48.874850196248346 ], [ 2.507335090590198, 48.875242604637116 ], [ 2.507600660261318, 48.875562057691724 ], [ 2.507735746342417, 48.875694813736004 ], [ 2.507785867659682, 48.875729194101382 ], [ 2.507859021713243, 48.875778957624895 ], [ 2.507856065561041, 48.875803227186594 ], [ 2.507843178715089, 48.876012716390484 ], [ 2.507847459510742, 48.876136840500891 ], [ 2.507893176830366, 48.876204477630267 ], [ 2.507990311688568, 48.876313694903182 ], [ 2.508011896324065, 48.876338065316951 ], [ 2.508296257465672, 48.876689969291483 ], [ 2.508863729637263, 48.877382977844356 ], [ 2.509439448259477, 48.878070621077029 ], [ 2.509525784163071, 48.8780242101464 ], [ 2.50953263513691, 48.878020640931517 ], [ 2.509623103466188, 48.877969750255353 ], [ 2.50962721912263, 48.87796706915131 ], [ 2.509897208834268, 48.877819786824979 ], [ 2.509901316002297, 48.877818004997494 ], [ 2.510100051542536, 48.877708201954583 ], [ 2.510109646175894, 48.877702845291623 ], [ 2.511156728369611, 48.877127962700442 ], [ 2.511780420429682, 48.876773477255433 ], [ 2.511791394964367, 48.876766327438816 ], [ 2.512006601079539, 48.876643997823315 ], [ 2.511887204834607, 48.876581457848701 ], [ 2.511725763279651, 48.876495363894342 ], [ 2.511902069101468, 48.876450217458697 ], [ 2.511960829214149, 48.876436067876284 ], [ 2.512238437217328, 48.876347267115221 ], [ 2.512461340962849, 48.876276229369246 ], [ 2.512629625053478, 48.87621396206908 ], [ 2.513165739906682, 48.876037178424554 ], [ 2.513141569155209, 48.87599750994724 ], [ 2.513058368808864, 48.875855078620077 ], [ 2.512912866474384, 48.875668326926267 ], [ 2.513180815998748, 48.875591175834501 ], [ 2.513186294640418, 48.875588500146684 ], [ 2.513563798828964, 48.875459632954843 ], [ 2.514000126575457, 48.875309419650513 ], [ 2.514483082178749, 48.875129716216954 ], [ 2.514546072623669, 48.87510029402651 ], [ 2.514578935353368, 48.875085138802554 ], [ 2.514884301069987, 48.874942485023638 ], [ 2.514995074913138, 48.874906061643657 ], [ 2.515033189781725, 48.874912511324681 ], [ 2.515814617727172, 48.875037083146097 ], [ 2.515804739929072, 48.875073016105148 ], [ 2.515826193951233, 48.875111773760615 ], [ 2.515888765684206, 48.875127315311182 ], [ 2.516410901612387, 48.875132123718423 ], [ 2.516533519162697, 48.87514161222721 ], [ 2.518291095637775, 48.875124415987436 ], [ 2.518242896935506, 48.875028893825366 ], [ 2.518076829687165, 48.874705368490844 ], [ 2.517973700602755, 48.87450530354927 ], [ 2.518147550481768, 48.874429561006622 ], [ 2.518381618968589, 48.87432887945414 ], [ 2.518423557734451, 48.874364121786506 ], [ 2.518538991456545, 48.874413149571929 ], [ 2.518684676217143, 48.874434419864201 ], [ 2.518780134012034, 48.874432105674906 ], [ 2.519048933572809, 48.874408904228105 ], [ 2.519718674984227, 48.874373821654288 ], [ 2.519820965829173, 48.874369735404542 ], [ 2.519916340565241, 48.874376413207415 ], [ 2.520093216562132, 48.874415793334499 ], [ 2.520336299584099, 48.874520189761917 ], [ 2.520476209165066, 48.87457650831923 ], [ 2.520513284009874, 48.874547878496813 ], [ 2.521096860327565, 48.87380107841048 ], [ 2.521008346885233, 48.873493155589166 ], [ 2.521791435634598, 48.873436031852663 ], [ 2.521869567212457, 48.873687255245699 ], [ 2.52221362390521, 48.87363377027193 ], [ 2.522250781903797, 48.873744535366704 ], [ 2.522288987547782, 48.873741090548585 ], [ 2.522610189389047, 48.873652439612037 ], [ 2.522745263867566, 48.873641287018856 ], [ 2.522730695991795, 48.87359446411417 ], [ 2.52264391083029, 48.873394468221193 ], [ 2.522701268314654, 48.873383905054602 ], [ 2.522649418291359, 48.873239806497708 ], [ 2.523292584167945, 48.873127256130438 ], [ 2.523433401389791, 48.873382325463751 ], [ 2.524417596811111, 48.873248643207589 ], [ 2.524347526525209, 48.872859856891715 ], [ 2.524161044835368, 48.872529063769868 ], [ 2.523944055799379, 48.872254806370449 ], [ 2.523719710019773, 48.872039874661986 ], [ 2.523509596871513, 48.871908636354455 ], [ 2.523288186644902, 48.871671232316281 ], [ 2.523105645737088, 48.871506828019491 ], [ 2.523002746928035, 48.871429076043938 ], [ 2.522889304890206, 48.871311711633332 ], [ 2.522796773368041, 48.871144068239218 ], [ 2.522866776436202, 48.871092186420874 ], [ 2.522702524870389, 48.87101508890192 ], [ 2.52203859010763, 48.870570870610031 ], [ 2.521996056204143, 48.870451989716706 ], [ 2.521781880657753, 48.870318933269282 ], [ 2.521857386028565, 48.870261678028221 ], [ 2.521121474442851, 48.86978928760486 ], [ 2.521025472426685, 48.869703467434796 ], [ 2.520797117996233, 48.869482218330049 ], [ 2.520467599583424, 48.869292039935289 ], [ 2.520155490218903, 48.869136104823554 ], [ 2.519583127697099, 48.86881904425406 ], [ 2.51937056883162, 48.868659909227702 ], [ 2.519158260298773, 48.868473794963499 ], [ 2.519009382695816, 48.868357183467232 ], [ 2.518897444093404, 48.868226331003754 ], [ 2.518761950155942, 48.868136752811566 ], [ 2.518691389794727, 48.868101395288079 ], [ 2.518563759658061, 48.868046022957984 ], [ 2.517263091367299, 48.867622596362452 ], [ 2.517021026294279, 48.867559566122736 ], [ 2.516588405262651, 48.867465188721162 ], [ 2.516197767569232, 48.867400657310405 ], [ 2.516557066918438, 48.866876001531345 ], [ 2.516815049930889, 48.866545190699917 ], [ 2.517388614687335, 48.865845128185157 ], [ 2.517534999617254, 48.865788161235535 ], [ 2.517561040103551, 48.865772977590929 ], [ 2.51758999831232, 48.865737121104793 ], [ 2.517876254633054, 48.865295803992552 ], [ 2.518152599645714, 48.864746526416901 ], [ 2.518206441488142, 48.864672998027025 ], [ 2.518384339111128, 48.864598170225868 ], [ 2.518502086713368, 48.864541986135336 ], [ 2.518499593310168, 48.864516794830621 ], [ 2.518495878145667, 48.864476309979032 ], [ 2.518499044806912, 48.864428658162602 ], [ 2.518844410928294, 48.862308522685204 ], [ 2.518850510791528, 48.862238399235366 ], [ 2.518857392271945, 48.862231232237335 ], [ 2.518902577005415, 48.861913949282723 ], [ 2.518916746772505, 48.86185554957931 ], [ 2.519209567174373, 48.86188100832662 ], [ 2.51922319518739, 48.861733572406003 ], [ 2.519258330164064, 48.861471108163578 ], [ 2.51928709796169, 48.861160054246263 ], [ 2.519302995158587, 48.861062090705651 ], [ 2.519638179676553, 48.861075127922426 ], [ 2.519611438554394, 48.860427499972083 ], [ 2.519614645409046, 48.860375351446081 ], [ 2.519337815416911, 48.860390427901464 ], [ 2.519217259425671, 48.859718140552417 ], [ 2.519152075385246, 48.859396815994614 ], [ 2.519145916410618, 48.859325743755001 ], [ 2.519124682225561, 48.859263604287989 ], [ 2.519123352496844, 48.859260001602941 ], [ 2.518369834877801, 48.859384676944586 ], [ 2.518264657714187, 48.859114452948084 ], [ 2.517855803528801, 48.857931978068684 ], [ 2.517339879540208, 48.858010838553369 ], [ 2.517049515935225, 48.857134612215141 ], [ 2.517102726359478, 48.857128531593055 ], [ 2.516847934449714, 48.856385549596766 ], [ 2.516930906325653, 48.856256379911216 ], [ 2.51678957015938, 48.856212641036251 ], [ 2.51651726156407, 48.856330253729922 ], [ 2.516292374164913, 48.856331143561533 ], [ 2.516160227554008, 48.85632521328818 ], [ 2.516073539544351, 48.856267305110201 ], [ 2.516084474325009, 48.856117159864809 ], [ 2.516117645757773, 48.855627154590202 ], [ 2.516141286763746, 48.855282803459495 ], [ 2.516300570869759, 48.853539628054286 ], [ 2.516421285973265, 48.853308086168269 ], [ 2.520081785451563, 48.854053087832121 ], [ 2.520961225570373, 48.852230051797456 ] ] ] ] } },
{ "type": "Feature", "properties": { "id_projet": "ecs-2025-20", "lib_com": "Romainville", "insee_com": "93063", "dispositif": "Accompagnement à l’évolution des pratiques constructives", "thematique": "BTP Construction et aménagement circulaire", "nom_projet": "Romainville", "nom_projet_carto": "Formation", "description": "Accompagnement de la Ville de Romainville en économie circulaire, sur la filière BTP.", "annee": "2025", "deliberation": null, "nom_beneficaire": "Ville de Romainville", "cat_beneficiaire": "Commune", "type_aide": "Accompagnement", "representation_carto": "Zone (surface)", "intermediaire": "Non", "financement_fim": "Non", "trophee_ECS": null, "lib_carto": "Romainville", "competence": "Développement et d’aménagement économique, social et culturel" }, "geometry": { "type": "MultiPolygon", "coordinates": [ [ [ [ 2.451763779820791, 48.878516463789921 ], [ 2.451729372115652, 48.87841738048656 ], [ 2.451697615642888, 48.878325503906026 ], [ 2.451651316156321, 48.878190393095203 ], [ 2.451597177317959, 48.878022870631668 ], [ 2.451434402959488, 48.877554475664184 ], [ 2.451356292739502, 48.877332883596893 ], [ 2.45132984905126, 48.877254521058276 ], [ 2.45131793852255, 48.877220292086974 ], [ 2.451315287529885, 48.877213085329728 ], [ 2.451246485154131, 48.877014018929437 ], [ 2.451059833886515, 48.877000572617426 ], [ 2.450636048434856, 48.876977044764359 ], [ 2.449633528023936, 48.876884305967785 ], [ 2.44931743235369, 48.876863067139332 ], [ 2.449292526509815, 48.876768523301614 ], [ 2.44925529330269, 48.876679318696006 ], [ 2.449112265458297, 48.876408862619307 ], [ 2.448995554989913, 48.876228460124509 ], [ 2.448920319772549, 48.876122892558762 ], [ 2.448870617584132, 48.876052516242019 ], [ 2.448466961113748, 48.875545235260752 ], [ 2.447744874470632, 48.874595813260974 ], [ 2.447704604145715, 48.874536271801595 ], [ 2.447640080263375, 48.874449638561977 ], [ 2.447622605082181, 48.874426175385771 ], [ 2.447405877681674, 48.874164369827788 ], [ 2.447314651574204, 48.874024552713763 ], [ 2.447166797145515, 48.873825118286142 ], [ 2.446947386140118, 48.87355970202276 ], [ 2.446866412069665, 48.873353381475489 ], [ 2.446764893850326, 48.873155959178916 ], [ 2.44670712278583, 48.873075651829893 ], [ 2.446697684886758, 48.873065715579607 ], [ 2.446642382633769, 48.873009701504493 ], [ 2.446576021381974, 48.87296802554652 ], [ 2.446364324662248, 48.872875314976469 ], [ 2.446221782853061, 48.87281799783856 ], [ 2.446089099870534, 48.872731048260768 ], [ 2.446067411816558, 48.872719256609471 ], [ 2.445525156220385, 48.872429859724107 ], [ 2.44521571087844, 48.872298922354652 ], [ 2.445055315382757, 48.872254111661007 ], [ 2.444934176793607, 48.872235563378084 ], [ 2.444744798585377, 48.872223893090464 ], [ 2.44432900319723, 48.872094258674203 ], [ 2.444026110356878, 48.871988529844273 ], [ 2.44365874251467, 48.871920272474476 ], [ 2.443307494361879, 48.871874572209919 ], [ 2.442977847252386, 48.871848756712573 ], [ 2.442609827390011, 48.871841647574847 ], [ 2.442489822873231, 48.871844686026428 ], [ 2.442283923944027, 48.871848223510533 ], [ 2.442343776071232, 48.871733387998162 ], [ 2.441013697939173, 48.871558109737705 ], [ 2.439995442834457, 48.871418450488065 ], [ 2.439646695571607, 48.871394335087089 ], [ 2.438637398779645, 48.871309565403372 ], [ 2.438250759306615, 48.87138599336236 ], [ 2.438207558118587, 48.871473025776496 ], [ 2.438140725751269, 48.871602215828169 ], [ 2.438058839127454, 48.871736731144175 ], [ 2.43796580349193, 48.8718936773232 ], [ 2.438125682185449, 48.871859353989159 ], [ 2.438382138047238, 48.871845268900287 ], [ 2.437927345671999, 48.872299095069742 ], [ 2.437645129394838, 48.872552280175597 ], [ 2.437278924799723, 48.872881512864545 ], [ 2.437031406365522, 48.873077302386754 ], [ 2.436988551676644, 48.873131959981848 ], [ 2.436977159374098, 48.873176872914257 ], [ 2.436781735129241, 48.873345926988719 ], [ 2.436583534391374, 48.873519464306192 ], [ 2.436496839395336, 48.873593700612943 ], [ 2.4364225111313, 48.873659001778201 ], [ 2.436273863777104, 48.87378870467461 ], [ 2.436258361343474, 48.873835396819032 ], [ 2.436046076037765, 48.874050236020523 ], [ 2.435761260629424, 48.874289914183642 ], [ 2.435434724209983, 48.874604938529153 ], [ 2.435518967512816, 48.874631416362071 ], [ 2.435817904851112, 48.874724557223345 ], [ 2.435948521087546, 48.874749454640487 ], [ 2.436264783408219, 48.874753642427919 ], [ 2.436388626059864, 48.875278534297458 ], [ 2.436559332464921, 48.875882787241352 ], [ 2.436699191056566, 48.876440129403264 ], [ 2.43658565196592, 48.876474668865619 ], [ 2.436846256446847, 48.876835626101858 ], [ 2.436779227146273, 48.876855995287549 ], [ 2.437058115572026, 48.877291682081619 ], [ 2.43680762291983, 48.8773822352343 ], [ 2.436459958463865, 48.877506504888103 ], [ 2.436102631702385, 48.877641519933817 ], [ 2.435737034973069, 48.877784588865225 ], [ 2.435634331346296, 48.877825473758222 ], [ 2.435151166708609, 48.877996765030986 ], [ 2.434662428093942, 48.878178819936679 ], [ 2.434359960877666, 48.878283511701561 ], [ 2.43417097876319, 48.878359061368492 ], [ 2.433729757622357, 48.87855932354254 ], [ 2.433286748881794, 48.878798246627255 ], [ 2.432966660841977, 48.879017965144705 ], [ 2.432644417812461, 48.878934599756732 ], [ 2.432197308685855, 48.878798480413188 ], [ 2.431997472797532, 48.878743572872111 ], [ 2.431396486418316, 48.878589633111886 ], [ 2.430762319515609, 48.878477800875011 ], [ 2.430371735302898, 48.878410292196456 ], [ 2.429979680416191, 48.878352667825254 ], [ 2.429771402225879, 48.878321998149602 ], [ 2.429812333625665, 48.878817722002587 ], [ 2.429823403378612, 48.878927492526699 ], [ 2.429825893959852, 48.878949088217105 ], [ 2.429863203702749, 48.879277519911234 ], [ 2.429871684592576, 48.879374687493502 ], [ 2.429906627382472, 48.879794838975023 ], [ 2.429934078745268, 48.879902888746088 ], [ 2.429966171821405, 48.8799605983832 ], [ 2.430119707195728, 48.880134899109365 ], [ 2.430239314254495, 48.88029464894106 ], [ 2.430342013326627, 48.880379674205557 ], [ 2.430502988114088, 48.880497352295826 ], [ 2.430597398996273, 48.880592230467776 ], [ 2.430404912579768, 48.880612898620569 ], [ 2.429066119000586, 48.88034481795782 ], [ 2.428432014686557, 48.880225779329692 ], [ 2.42846260619618, 48.880420179612898 ], [ 2.428781590776083, 48.881546757083228 ], [ 2.428849257959475, 48.88184205819379 ], [ 2.429022871947857, 48.882423849382519 ], [ 2.429074225541612, 48.882590469097806 ], [ 2.428639024682797, 48.882734083353668 ], [ 2.428205599669629, 48.882839932930665 ], [ 2.427597135789409, 48.88299080968995 ], [ 2.42715684923869, 48.883100219953285 ], [ 2.426880473349779, 48.883184332967566 ], [ 2.425573474667187, 48.8827490921567 ], [ 2.425412022058594, 48.882798679530481 ], [ 2.425265766535897, 48.882830353171826 ], [ 2.424775055319154, 48.882936814668973 ], [ 2.424468958794328, 48.883118805581084 ], [ 2.424738180619465, 48.883435761838115 ], [ 2.424781118939203, 48.88349892074276 ], [ 2.424974283086999, 48.88378853122785 ], [ 2.425857357233734, 48.884828788262936 ], [ 2.426432101384862, 48.885513228552142 ], [ 2.426732284969129, 48.885868998627728 ], [ 2.426825877150452, 48.886038518991626 ], [ 2.426827082395624, 48.886052913891213 ], [ 2.426834600931618, 48.886113204362502 ], [ 2.427420909867731, 48.885996399959858 ], [ 2.427553447818364, 48.885972752043223 ], [ 2.427547894485687, 48.885981718698716 ], [ 2.42733438641484, 48.88629995649076 ], [ 2.427246944787448, 48.886438932891465 ], [ 2.427145658599208, 48.88659672869948 ], [ 2.426814424424755, 48.887078977642624 ], [ 2.426451810306723, 48.888304812082794 ], [ 2.426759167688855, 48.88850593268036 ], [ 2.42667890561705, 48.888611667998077 ], [ 2.426727879057136, 48.889118218692538 ], [ 2.42669598650276, 48.889289835746311 ], [ 2.426754256972482, 48.889447495357217 ], [ 2.426890477209932, 48.889585743035127 ], [ 2.426895357982025, 48.889637926821877 ], [ 2.426836322315185, 48.889673616959499 ], [ 2.426722827034946, 48.889700952490074 ], [ 2.426263746567118, 48.889777893668935 ], [ 2.425660477468623, 48.889820866829126 ], [ 2.425586498636491, 48.890098401083726 ], [ 2.425576535880846, 48.890136124621961 ], [ 2.425500399772653, 48.890238281539752 ], [ 2.425436904117356, 48.890307224316501 ], [ 2.425432773229556, 48.890310801764215 ], [ 2.425262731354097, 48.890518627313575 ], [ 2.424729189691916, 48.890421636973109 ], [ 2.424680219402783, 48.890657022786726 ], [ 2.42466767744953, 48.890681244086849 ], [ 2.424557705732697, 48.890883061968395 ], [ 2.424354847226205, 48.8909747165795 ], [ 2.424441912248193, 48.891241332827192 ], [ 2.424469646569894, 48.891323303933234 ], [ 2.424491846420112, 48.89141244295876 ], [ 2.424506112258868, 48.891479060933577 ], [ 2.42451950139707, 48.891501608189095 ], [ 2.424534313944518, 48.891518766385147 ], [ 2.424408668795376, 48.891534350200054 ], [ 2.424352684895627, 48.89154037630064 ], [ 2.424218867000072, 48.891555021311852 ], [ 2.424124647928059, 48.891565360034029 ], [ 2.42410140425566, 48.891570644148153 ], [ 2.424115968027484, 48.891610284106477 ], [ 2.424186298360907, 48.891786888295066 ], [ 2.424236759263052, 48.891910337233448 ], [ 2.424333620273636, 48.892154517532376 ], [ 2.424508362999302, 48.89213916976383 ], [ 2.424517909454982, 48.892139215642381 ], [ 2.424684469400952, 48.892123828292213 ], [ 2.424695389569375, 48.892122981440643 ], [ 2.424852373159737, 48.892110245796601 ], [ 2.425018922983389, 48.892095757248988 ], [ 2.425145873510905, 48.892085574957562 ], [ 2.42517999774652, 48.892083040820054 ], [ 2.425242222907518, 48.892376516415013 ], [ 2.425273494574841, 48.892508865885972 ], [ 2.425277367561167, 48.89252866941392 ], [ 2.425348352252336, 48.892770026586724 ], [ 2.425352016857762, 48.892808714726819 ], [ 2.425360511382957, 48.89290408289709 ], [ 2.425379936204944, 48.892997704877722 ], [ 2.425381260308062, 48.893001308491598 ], [ 2.425405971708527, 48.893110244181088 ], [ 2.425642832546943, 48.893027744177012 ], [ 2.425936347610638, 48.893002172153757 ], [ 2.426108553435989, 48.892969722904084 ], [ 2.426159370891467, 48.892937591090949 ], [ 2.426162356184014, 48.892914223205352 ], [ 2.426364416541387, 48.892895406371458 ], [ 2.426498217467558, 48.892882557515762 ], [ 2.426607450142615, 48.892871389504215 ], [ 2.426647039919986, 48.892867981803576 ], [ 2.426715709782043, 48.893072455066033 ], [ 2.426743428856454, 48.893156224043331 ], [ 2.42675794557837, 48.893200359959863 ], [ 2.427053138672489, 48.894013853587381 ], [ 2.427067517354971, 48.894070579165472 ], [ 2.4270766782372, 48.894105696240025 ], [ 2.427097945401217, 48.894156159567558 ], [ 2.42710855920847, 48.894183189762273 ], [ 2.427157744679618, 48.894299436543371 ], [ 2.427186868532138, 48.894379614782473 ], [ 2.42721071519345, 48.894443580120466 ], [ 2.427376081799038, 48.894909316048079 ], [ 2.427409149541135, 48.895003002742001 ], [ 2.427458118894461, 48.895139033161335 ], [ 2.427459443195876, 48.895142636745199 ], [ 2.427496494044145, 48.895246234879785 ], [ 2.427518987508201, 48.895309294320022 ], [ 2.427521655904681, 48.895314702953847 ], [ 2.427589166301663, 48.89550118342833 ], [ 2.427636673859877, 48.895646199848073 ], [ 2.427693659613707, 48.895797556712282 ], [ 2.427698917411805, 48.895815568089674 ], [ 2.427730701509413, 48.8959020539777 ], [ 2.427933563665186, 48.895935398448131 ], [ 2.42830792936696, 48.89600103734471 ], [ 2.428593692981469, 48.896061755781176 ], [ 2.42916536024955, 48.89617060088657 ], [ 2.429385866189196, 48.896212120787261 ], [ 2.43064765202418, 48.896450148679278 ], [ 2.432537148490955, 48.896788264774287 ], [ 2.434996967457747, 48.897237859468881 ], [ 2.436419571212765, 48.897492772267412 ], [ 2.436523034555322, 48.897511245317475 ], [ 2.436596559808219, 48.897523282267656 ], [ 2.436602005764164, 48.897524207197911 ], [ 2.436630589737603, 48.897529737526035 ], [ 2.43678852257572, 48.89755656035701 ], [ 2.436909687999761, 48.897577814249651 ], [ 2.43699136780323, 48.897592587227486 ], [ 2.437093477346044, 48.897610154106502 ], [ 2.43711389731829, 48.897613847324727 ], [ 2.437209206762561, 48.897629583522715 ], [ 2.437427036313955, 48.897667478685051 ], [ 2.437451538392946, 48.897672090330992 ], [ 2.437646220395527, 48.897706279118928 ], [ 2.437681624214847, 48.897711841217493 ], [ 2.437941658553724, 48.897757128076059 ], [ 2.438060106764351, 48.897777468734155 ], [ 2.440408466993126, 48.898199449116419 ], [ 2.440550046182881, 48.898225291228904 ], [ 2.441730307163357, 48.898443035791317 ], [ 2.441620749461579, 48.898229388731089 ], [ 2.441413304255424, 48.897858805119832 ], [ 2.440542547879228, 48.896257565213695 ], [ 2.439583998412656, 48.894581262627611 ], [ 2.439317901859233, 48.893960390509825 ], [ 2.439149064471839, 48.893554009595327 ], [ 2.438995936518596, 48.893208855213295 ], [ 2.440597556408916, 48.8927882743548 ], [ 2.441098579362231, 48.892616146885899 ], [ 2.44210609937817, 48.892269213185251 ], [ 2.441584998408532, 48.891643559298807 ], [ 2.442464351113931, 48.891291528049116 ], [ 2.44224106894916, 48.891000908751508 ], [ 2.442871031299184, 48.890757428974105 ], [ 2.442751813793868, 48.89055542755569 ], [ 2.443398715617787, 48.890640273979592 ], [ 2.444414906526053, 48.890753810330715 ], [ 2.444438637124245, 48.89070265945707 ], [ 2.444500400148152, 48.889004137943829 ], [ 2.444910408843616, 48.88879380058372 ], [ 2.444972503590184, 48.888725740339545 ], [ 2.444827882880863, 48.888603662098021 ], [ 2.444817126778004, 48.88858922315373 ], [ 2.444823145055315, 48.888408488310574 ], [ 2.444655592365538, 48.888262921241036 ], [ 2.444190969062773, 48.887840784127029 ], [ 2.444038824056059, 48.887912922525842 ], [ 2.444018388193199, 48.887911029001899 ], [ 2.443976517700083, 48.887873063232313 ], [ 2.443983374460317, 48.887869497801773 ], [ 2.443814567845391, 48.887714031145656 ], [ 2.443784058455082, 48.887633850130328 ], [ 2.443742438127107, 48.887572503161955 ], [ 2.443633230594902, 48.887455084424289 ], [ 2.443234355013851, 48.887134871685944 ], [ 2.443127463304653, 48.887056133893914 ], [ 2.443030406007391, 48.886950462189482 ], [ 2.442896761648452, 48.886823036520013 ], [ 2.442736634313414, 48.886621743287336 ], [ 2.442706079101366, 48.886546058288339 ], [ 2.442677818129803, 48.886510853308295 ], [ 2.442520179172376, 48.886332054281077 ], [ 2.442362647229182, 48.88614336299856 ], [ 2.441964430352114, 48.885890597597928 ], [ 2.44153303363251, 48.885553139980402 ], [ 2.441308594542414, 48.885373128254692 ], [ 2.440400582824467, 48.884593673681309 ], [ 2.440491178407965, 48.884538339192702 ], [ 2.440811438457922, 48.884048806151966 ], [ 2.440958959682937, 48.884279721232616 ], [ 2.441067758786279, 48.884434013053685 ], [ 2.442130236353785, 48.883906570318018 ], [ 2.441711045695498, 48.883449559777468 ], [ 2.443175050603251, 48.882861026564157 ], [ 2.443197961538115, 48.882886314129777 ], [ 2.443666921059756, 48.883280598425159 ], [ 2.443700808067138, 48.88329964163438 ], [ 2.444182411292843, 48.88353210465813 ], [ 2.444662962135314, 48.883735782520716 ], [ 2.44557974739809, 48.884079974641644 ], [ 2.445287004822194, 48.884550761980869 ], [ 2.445550094175844, 48.884687777955833 ], [ 2.445559562686312, 48.884695016364198 ], [ 2.445590312442662, 48.884752715246179 ], [ 2.445635042810011, 48.884778103325218 ], [ 2.445883393073208, 48.884890768645334 ], [ 2.446019226121629, 48.88494085980669 ], [ 2.446026072789249, 48.88493819352535 ], [ 2.44620383324719, 48.88502085397387 ], [ 2.446214914153894, 48.885004717468227 ], [ 2.446334661939315, 48.885028653588428 ], [ 2.446344369650515, 48.88501341004099 ], [ 2.446528263880718, 48.885032246654411 ], [ 2.446497777283848, 48.88507797103393 ], [ 2.446524520323717, 48.885256159969671 ], [ 2.44669257499117, 48.88535406322621 ], [ 2.446666255612594, 48.885392612336695 ], [ 2.44676112519608, 48.885447909223871 ], [ 2.446743188110255, 48.885467611370309 ], [ 2.446832641687999, 48.885519285891995 ], [ 2.446853286869317, 48.885501394883114 ], [ 2.446961706991614, 48.885564848079397 ], [ 2.44691214901015, 48.88560868581191 ], [ 2.446985306499773, 48.88565398969719 ], [ 2.447011472977885, 48.885629828929339 ], [ 2.447256959868345, 48.885755967844098 ], [ 2.447229410733023, 48.885781920917637 ], [ 2.447270051934459, 48.8858072894758 ], [ 2.44729481656211, 48.885786719454892 ], [ 2.447423596652027, 48.885859259385263 ], [ 2.447492492334452, 48.885920731021045 ], [ 2.44741681572922, 48.885984233439025 ], [ 2.447695184865613, 48.886096134050803 ], [ 2.447729609276276, 48.886064816676743 ], [ 2.447785269877334, 48.886088455689581 ], [ 2.447580019747496, 48.886282661078546 ], [ 2.448527910733885, 48.886786152383316 ], [ 2.448765084626691, 48.886539032653815 ], [ 2.448478348059931, 48.886444183106562 ], [ 2.449294682467633, 48.885590889691869 ], [ 2.449904302864547, 48.885843702758905 ], [ 2.450006549801522, 48.885717368500302 ], [ 2.450279661110609, 48.886069357080082 ], [ 2.450490342411164, 48.886005573227237 ], [ 2.450826679563824, 48.885664475873142 ], [ 2.45131163482799, 48.885454459926542 ], [ 2.451476385062536, 48.885478597100423 ], [ 2.451803282202218, 48.88564466963139 ], [ 2.45217438481137, 48.885756984373756 ], [ 2.452194159369651, 48.885043914801891 ], [ 2.452533532124424, 48.884931253489178 ], [ 2.452929843579338, 48.884850327569083 ], [ 2.453214900408732, 48.884845334468544 ], [ 2.453618820683395, 48.884688898175888 ], [ 2.45332486688921, 48.884502296523245 ], [ 2.453000415841734, 48.884363218735579 ], [ 2.454147450032893, 48.884343272663763 ], [ 2.454079627511124, 48.883658580844376 ], [ 2.453912496239849, 48.883211755658024 ], [ 2.453725699436326, 48.883210004188911 ], [ 2.453706826724016, 48.883189233699326 ], [ 2.453275646066148, 48.882696236234374 ], [ 2.453033949975039, 48.882339001017137 ], [ 2.452461535190368, 48.881792294856346 ], [ 2.452172020956228, 48.881315228981471 ], [ 2.451765896706731, 48.881164981717795 ], [ 2.450294619649244, 48.880776922449741 ], [ 2.450184680551138, 48.880728753484782 ], [ 2.450122340105905, 48.880692494246979 ], [ 2.45004792783615, 48.880637293735845 ], [ 2.449965686264958, 48.880548782245377 ], [ 2.449917341917234, 48.880478412910129 ], [ 2.449889687307776, 48.880385655536628 ], [ 2.449865244216988, 48.880247047408673 ], [ 2.449905696764909, 48.880160898230542 ], [ 2.450002516667867, 48.880030941142742 ], [ 2.450157955462035, 48.879902152525659 ], [ 2.45023650818948, 48.879823372782937 ], [ 2.450269591943838, 48.879789350398141 ], [ 2.450290395038477, 48.87975617093884 ], [ 2.450318527939611, 48.87967446163865 ], [ 2.450317268891094, 48.879664563294504 ], [ 2.450303020732215, 48.879593451280144 ], [ 2.450229084496313, 48.879493286802678 ], [ 2.45012749028151, 48.87942986752735 ], [ 2.449958897405116, 48.87938412683858 ], [ 2.449750954879935, 48.879320218570157 ], [ 2.449556913446613, 48.87923119276909 ], [ 2.449448807555871, 48.879138964575048 ], [ 2.449423291941971, 48.879101974929071 ], [ 2.449389776366425, 48.879047861316842 ], [ 2.449359520185889, 48.87894340050741 ], [ 2.449355112327471, 48.878844454522472 ], [ 2.449365645187528, 48.878750973197924 ], [ 2.449385512850563, 48.878677319945261 ], [ 2.451763779820791, 48.878516463789921 ] ] ] ] } },
{ "type": "Feature", "properties": { "id_projet": "ecs-2025-25", "lib_com": "Villejuif", "insee_com": "94076", "dispositif": "Financement projet alimentation et biodéchet", "thematique": "Alimentation et biodéchets", "nom_projet": "Villejuif, cantines scolaires circulaires", "nom_projet_carto": "Cantines scolaires circulaires", "description": "Mise en place du réemploi dans les cantines scolaires de la ville", "annee": "2025", "deliberation": "BM2025/03/25/09", "nom_beneficaire": "Ville de Villejuif", "cat_beneficiaire": "Commune", "type_aide": "Financement", "representation_carto": "Adresse (point)", "intermediaire": "Non", "financement_fim": "Non", "trophee_ECS": null, "lib_carto": "Villejuif", "competence": "Développement et d’aménagement économique, social et culturel" }, "geometry": { "type": "MultiPolygon", "coordinates": [ [ [ [ 2.371195544875238, 48.80402645818873 ], [ 2.371535739461939, 48.803703566855368 ], [ 2.372205135420541, 48.803178241897498 ], [ 2.372686033074838, 48.802815613350361 ], [ 2.373065378494273, 48.802519005255171 ], [ 2.371719953415506, 48.801748356345058 ], [ 2.37120874499752, 48.801463258648845 ], [ 2.37073926801286, 48.801217951699208 ], [ 2.36991255070342, 48.80079178074044 ], [ 2.369973266277936, 48.800724646211414 ], [ 2.370024310833429, 48.800669152804289 ], [ 2.370100153332869, 48.800589506409274 ], [ 2.370290249259018, 48.800406132176818 ], [ 2.370680465757065, 48.799998063355865 ], [ 2.370934210319123, 48.79972958060192 ], [ 2.369823066699462, 48.799183190843451 ], [ 2.370028839156249, 48.798941438750639 ], [ 2.370249106608463, 48.798739336055064 ], [ 2.370938833379802, 48.798104396925623 ], [ 2.371548710509991, 48.797541884853075 ], [ 2.371771732075433, 48.797336196058133 ], [ 2.371967222945319, 48.797155545273817 ], [ 2.371720973896524, 48.797029234874074 ], [ 2.371584112387052, 48.796976350317131 ], [ 2.37108377176291, 48.796810028233374 ], [ 2.370898024743526, 48.79674699225275 ], [ 2.370286509140666, 48.796543206233146 ], [ 2.370641651148624, 48.79610617076014 ], [ 2.370790793500726, 48.795930674021641 ], [ 2.370806027659255, 48.795909168668999 ], [ 2.37124178703118, 48.795220724023494 ], [ 2.37137222518142, 48.795015447885035 ], [ 2.371399970007628, 48.794972422675421 ], [ 2.3717414832302, 48.794421987460041 ], [ 2.37191482962927, 48.794157575803489 ], [ 2.371955387439515, 48.794067849004108 ], [ 2.37202322619755, 48.793860444194834 ], [ 2.372061927187683, 48.793698755605725 ], [ 2.372091670585548, 48.793602676106488 ], [ 2.372116886508195, 48.793543448200069 ], [ 2.372527718230701, 48.792887245069402 ], [ 2.372602411544595, 48.792788703177898 ], [ 2.373307846402356, 48.792083676809035 ], [ 2.373347795267128, 48.792044312653459 ], [ 2.373696345994877, 48.791698071625142 ], [ 2.373792867684998, 48.791595146296416 ], [ 2.373838443879752, 48.791540521629166 ], [ 2.373849559691696, 48.791521692444135 ], [ 2.373856592069568, 48.791502841862922 ], [ 2.373847333919035, 48.791480308322313 ], [ 2.373828526202522, 48.791459523546891 ], [ 2.373793417200947, 48.791435955146717 ], [ 2.373731301352791, 48.791394257181494 ], [ 2.373686740044624, 48.791364343402989 ], [ 2.37421569352587, 48.790730338061337 ], [ 2.374434904829383, 48.790498540659186 ], [ 2.374786483548222, 48.790125329854327 ], [ 2.37450952950471, 48.790064520008656 ], [ 2.374372575594596, 48.790020631780273 ], [ 2.374205052004239, 48.7900287486545 ], [ 2.375229547367711, 48.788704791785719 ], [ 2.375316457655444, 48.788608110573193 ], [ 2.3764581431114, 48.787154340739256 ], [ 2.37658389873022, 48.786995802275626 ], [ 2.376869905678286, 48.786639330974126 ], [ 2.376756020819686, 48.786601861439792 ], [ 2.375611969017516, 48.78609402083017 ], [ 2.375542934677812, 48.786062180893573 ], [ 2.375434635977391, 48.786013046990597 ], [ 2.37520990551716, 48.785912038138704 ], [ 2.37461427940689, 48.785640899386259 ], [ 2.37451297067267, 48.785576511303304 ], [ 2.374449564931173, 48.785529410275345 ], [ 2.373427117228876, 48.784759557867368 ], [ 2.373096684426078, 48.784507789615688 ], [ 2.373009248703455, 48.784421887189872 ], [ 2.372535911149563, 48.784056941433711 ], [ 2.372197483758922, 48.783791637398906 ], [ 2.371893946100345, 48.783567888492975 ], [ 2.371792590610118, 48.783507994741008 ], [ 2.371718074977757, 48.783479721305227 ], [ 2.37071152840845, 48.78297795117556 ], [ 2.369500373739953, 48.782403140024748 ], [ 2.369971967091533, 48.78178233712913 ], [ 2.370920027074544, 48.780698147354585 ], [ 2.370876696415595, 48.780679931001899 ], [ 2.370634306608995, 48.780578819917793 ], [ 2.370043459412632, 48.780369741162687 ], [ 2.369851022222797, 48.780302170001875 ], [ 2.369695176333087, 48.780247383313856 ], [ 2.369491896742689, 48.780176156720884 ], [ 2.36937128140483, 48.780134147262423 ], [ 2.368803469789564, 48.779934177933846 ], [ 2.368695048710693, 48.779896729253736 ], [ 2.368452470851758, 48.779811802037351 ], [ 2.368311531758249, 48.77976248876702 ], [ 2.368109627668569, 48.779690367633364 ], [ 2.367606862083825, 48.779514121182324 ], [ 2.367377852425498, 48.7794328611986 ], [ 2.367363640404561, 48.779707106396117 ], [ 2.367258168292242, 48.780885675364104 ], [ 2.367186097023253, 48.780880796616962 ], [ 2.367081430483146, 48.780870348703075 ], [ 2.366782378779507, 48.780840882451564 ], [ 2.366687271183674, 48.780827786619895 ], [ 2.366588102882165, 48.780812870363924 ], [ 2.366418431894707, 48.780775994332188 ], [ 2.366326089914741, 48.780759315234846 ], [ 2.366127863080677, 48.780720488513523 ], [ 2.366031449640224, 48.780702888175838 ], [ 2.365936429907105, 48.780682596924279 ], [ 2.365838655743003, 48.780664989208532 ], [ 2.36574088164488, 48.780647381412507 ], [ 2.365644490335747, 48.780627982056266 ], [ 2.365546727307023, 48.780609474748182 ], [ 2.36544894247519, 48.780592766065013 ], [ 2.365349851539794, 48.780571553309954 ], [ 2.365253471455677, 48.78055125428434 ], [ 2.365154325972112, 48.78053453812953 ], [ 2.365059317829527, 48.780513346824804 ], [ 2.364964276930429, 48.780494853502027 ], [ 2.364899076357422, 48.780484613422544 ], [ 2.364774217229973, 48.78045606792351 ], [ 2.364681996785196, 48.780429494671552 ], [ 2.364591115383616, 48.780404727290367 ], [ 2.364498862265142, 48.78038085195395 ], [ 2.364403887531103, 48.780356962067117 ], [ 2.364311656494275, 48.780331287879697 ], [ 2.364218075656953, 48.780304707026367 ], [ 2.364124483955978, 48.780279025451847 ], [ 2.364030859465338, 48.780256041861612 ], [ 2.363937256981578, 48.780231259492076 ], [ 2.36384638724246, 48.780205592187365 ], [ 2.363724305878173, 48.780172563311652 ], [ 2.363667325854255, 48.780157869275548 ], [ 2.363575084563264, 48.780133093867896 ], [ 2.363458479824218, 48.780097395655083 ], [ 2.363396078529422, 48.780080873782367 ], [ 2.361140550834215, 48.779451838147686 ], [ 2.359991939436607, 48.779229831916048 ], [ 2.359989228826669, 48.77922891798363 ], [ 2.359244115399386, 48.779063929415678 ], [ 2.359225108154318, 48.779060229827358 ], [ 2.359234954109365, 48.779034199671322 ], [ 2.359257610553775, 48.778962368178256 ], [ 2.358716149294073, 48.778837143000032 ], [ 2.358082354940616, 48.778695229855678 ], [ 2.357968909835714, 48.778956349395315 ], [ 2.357862345159136, 48.779211209866141 ], [ 2.354888938387478, 48.778756278458232 ], [ 2.354836738500742, 48.778795570767251 ], [ 2.353831475560447, 48.779639183861264 ], [ 2.35316895623064, 48.780168051037855 ], [ 2.353035616405352, 48.78027525854435 ], [ 2.353505256282488, 48.78048556483148 ], [ 2.35261277010641, 48.781010485828347 ], [ 2.350541365540092, 48.781012735446787 ], [ 2.349898446709171, 48.781602850638677 ], [ 2.349656275314289, 48.781814693206861 ], [ 2.347538198157213, 48.782172803736124 ], [ 2.34815673303436, 48.783973201602578 ], [ 2.347604629500589, 48.784043940013376 ], [ 2.347641150540683, 48.784170956158547 ], [ 2.347705431560961, 48.784472609235394 ], [ 2.347748319494287, 48.784634737010776 ], [ 2.34779137631581, 48.78478337453295 ], [ 2.347829225571987, 48.78491309600939 ], [ 2.347170348508581, 48.785031817679354 ], [ 2.346739280062342, 48.785109509165359 ], [ 2.346587896890163, 48.785133864896032 ], [ 2.346304161213685, 48.785184478713006 ], [ 2.346055889227372, 48.785228990085173 ], [ 2.34579943968802, 48.785274355579759 ], [ 2.345508908879218, 48.785324030898828 ], [ 2.34467019128153, 48.785456144157621 ], [ 2.345120832357598, 48.786747466761703 ], [ 2.345218059948658, 48.787025916517848 ], [ 2.345317931642116, 48.787310676458219 ], [ 2.345516373662478, 48.787875691695348 ], [ 2.345550745526171, 48.787956826552438 ], [ 2.34624729337044, 48.789614646930175 ], [ 2.345648403128239, 48.789937853201415 ], [ 2.344857629383484, 48.790365234997324 ], [ 2.344222790281675, 48.790731408344996 ], [ 2.344242458986419, 48.79100763346873 ], [ 2.344302328897231, 48.791334445737213 ], [ 2.344475466077277, 48.792072007334546 ], [ 2.344697474673954, 48.79303738508824 ], [ 2.344905760500853, 48.793903752120578 ], [ 2.344955510931059, 48.794278176013194 ], [ 2.344976416733885, 48.794673127904133 ], [ 2.344954966596629, 48.795080439126934 ], [ 2.344898440055445, 48.79546237471812 ], [ 2.344822295863885, 48.795780345177242 ], [ 2.344727307771651, 48.796081123583193 ], [ 2.344580002941782, 48.796428383758112 ], [ 2.344465519869522, 48.796655304096817 ], [ 2.344255298801597, 48.797025603006979 ], [ 2.344045719347092, 48.797344639198066 ], [ 2.343810272656465, 48.797663532932525 ], [ 2.344442046964049, 48.79733152390051 ], [ 2.345226134605138, 48.796903210849933 ], [ 2.345797033769346, 48.797081720029169 ], [ 2.345862127283653, 48.79710186309768 ], [ 2.345992314463078, 48.797142149127282 ], [ 2.345972963307605, 48.797165427620591 ], [ 2.34579403368134, 48.797320943841747 ], [ 2.345668983105671, 48.797413796817757 ], [ 2.345276962597535, 48.79773453427908 ], [ 2.345245144717527, 48.797774832933655 ], [ 2.345905640343216, 48.797974518365805 ], [ 2.346744067491288, 48.798207551064813 ], [ 2.347026331295139, 48.798280145945469 ], [ 2.347655935582099, 48.798664928785925 ], [ 2.347609211868801, 48.798699750286225 ], [ 2.347563883165278, 48.798731881188402 ], [ 2.347503467305901, 48.798772923690109 ], [ 2.347470491683453, 48.79879702741087 ], [ 2.34740179518494, 48.798847018630909 ], [ 2.347511297959964, 48.798908775523643 ], [ 2.347727682828676, 48.799024180112475 ], [ 2.347484330289692, 48.799105596416339 ], [ 2.347272445332584, 48.799174592506226 ], [ 2.347199934241754, 48.799202977222023 ], [ 2.347111019454983, 48.799236668676869 ], [ 2.346061843355961, 48.799632064367422 ], [ 2.34731341629797, 48.801014082980664 ], [ 2.347555169912858, 48.801278925887019 ], [ 2.34781208130213, 48.801529460603305 ], [ 2.347926021894394, 48.80145453299717 ], [ 2.348288408664571, 48.80121816948968 ], [ 2.348510740148138, 48.80107637754714 ], [ 2.348765895183459, 48.801140725715207 ], [ 2.348955883644423, 48.801190328068415 ], [ 2.349003375204082, 48.801203178276559 ], [ 2.349329065898959, 48.80128859547326 ], [ 2.349444032880045, 48.801349480771151 ], [ 2.349559291707693, 48.801386983253863 ], [ 2.349636610981433, 48.801409888868207 ], [ 2.349948275318872, 48.801528505666724 ], [ 2.350681389588047, 48.801805906591682 ], [ 2.350795176971888, 48.801852393816212 ], [ 2.351094537938767, 48.801975437702694 ], [ 2.350800885775678, 48.802268844729639 ], [ 2.350891608461827, 48.802308910802282 ], [ 2.350941734831818, 48.802328969686243 ], [ 2.351190905156388, 48.80243735040159 ], [ 2.351548476379668, 48.802587690847218 ], [ 2.351679841863199, 48.802644165881894 ], [ 2.351692061196057, 48.802646930340089 ], [ 2.352320514978516, 48.802912060987225 ], [ 2.35237472678945, 48.802932141390002 ], [ 2.352569735605262, 48.803016841438037 ], [ 2.352833910781528, 48.803123501108523 ], [ 2.352996614525715, 48.803178345530817 ], [ 2.353172474159914, 48.803050683942359 ], [ 2.353399163204341, 48.802886421893056 ], [ 2.353827841910767, 48.802573052642003 ], [ 2.354076510061097, 48.802392718974716 ], [ 2.35486595304306, 48.802852075822649 ], [ 2.354940520580168, 48.802877661282672 ], [ 2.355047384587754, 48.802934000353602 ], [ 2.355067672714538, 48.802944902545981 ], [ 2.355083887654596, 48.802954883364848 ], [ 2.355474631780916, 48.803176442996353 ], [ 2.355538752995538, 48.803165995996196 ], [ 2.355686099991085, 48.803141607297555 ], [ 2.355821116116863, 48.803123447721873 ], [ 2.355863376373585, 48.803119178490853 ], [ 2.355931626187279, 48.803105155953226 ], [ 2.356295819416628, 48.803051355328371 ], [ 2.356378956093268, 48.803044607852584 ], [ 2.356760559004559, 48.803455886029191 ], [ 2.358236725995146, 48.803213789134695 ], [ 2.359618398937938, 48.803015238112536 ], [ 2.359568437442264, 48.803092318276938 ], [ 2.359007922277777, 48.803721587286894 ], [ 2.358798128159433, 48.803952505472616 ], [ 2.358670737873946, 48.804014779563936 ], [ 2.358672565110837, 48.804087640178771 ], [ 2.358670352174334, 48.804156881542212 ], [ 2.35866563745086, 48.804208121626758 ], [ 2.35865533306871, 48.804271023822281 ], [ 2.358541960045261, 48.804854121119533 ], [ 2.3584843258918, 48.805111937338538 ], [ 2.35845106458948, 48.805270051798594 ], [ 2.358425241166608, 48.80537694082237 ], [ 2.358402472535651, 48.80545686447801 ], [ 2.358375752077575, 48.805525974213765 ], [ 2.358336612018531, 48.805608508147429 ], [ 2.358274005272705, 48.80571699844095 ], [ 2.358211597459956, 48.805809300716028 ], [ 2.358142381848327, 48.80590156639866 ], [ 2.358053750529857, 48.806022508291385 ], [ 2.358152599098109, 48.8060671092476 ], [ 2.358591375832712, 48.806261034656004 ], [ 2.358644187777267, 48.806284702177003 ], [ 2.358997523317775, 48.806451185880562 ], [ 2.35907341535144, 48.806480373307814 ], [ 2.36012497627406, 48.806892531173339 ], [ 2.360188560535967, 48.806926148945578 ], [ 2.361371174811229, 48.807423539576895 ], [ 2.361702413585101, 48.807171680723137 ], [ 2.362113531576898, 48.806845597795856 ], [ 2.362783023257276, 48.80710369575128 ], [ 2.362933759580605, 48.807136877183332 ], [ 2.363135049130976, 48.807155937518111 ], [ 2.363167627589208, 48.807052681237579 ], [ 2.363356377553889, 48.807095058537698 ], [ 2.364515939541844, 48.807363850108842 ], [ 2.36459315372056, 48.807396638571298 ], [ 2.365016710842707, 48.80750141953596 ], [ 2.365130917532595, 48.807515516955078 ], [ 2.365516462386013, 48.807611100355111 ], [ 2.366169056343205, 48.807805232724156 ], [ 2.367036106765535, 48.808056259266145 ], [ 2.367151414886489, 48.808091945900529 ], [ 2.367251791773226, 48.808011532243896 ], [ 2.367474842331974, 48.807808551363138 ], [ 2.367666215421567, 48.807635082323316 ], [ 2.36788651784407, 48.80743388486583 ], [ 2.367932026872756, 48.807386457867523 ], [ 2.368115663418723, 48.807176971578897 ], [ 2.368192977894406, 48.807089240062375 ], [ 2.368375130999144, 48.806889638776347 ], [ 2.368424821747146, 48.806834139160678 ], [ 2.36868131247464, 48.806567475862664 ], [ 2.368750238207788, 48.806497687443013 ], [ 2.369052134662342, 48.806191689886134 ], [ 2.369315480986439, 48.805920564342635 ], [ 2.369722182260956, 48.805504492837372 ], [ 2.369826949831388, 48.805398017703467 ], [ 2.369955079770582, 48.805273677792314 ], [ 2.370198990695277, 48.805145450839902 ], [ 2.370392232019736, 48.805041240069137 ], [ 2.370289442460043, 48.804984037005177 ], [ 2.370605402629218, 48.804639435475465 ], [ 2.370699144597536, 48.804543694155996 ], [ 2.371006724493244, 48.804216135779342 ], [ 2.371195544875238, 48.80402645818873 ] ] ] ] } },
{ "type": "Feature", "properties": { "id_projet": "ecs-2025-34", "lib_com": "Clichy", "insee_com": "92024", "dispositif": "Financement projet alimentation et biodéchet", "thematique": "Alimentation et biodéchets", "nom_projet": "Acquisition de tables de tri connectées pour la restauration scolaire", "nom_projet_carto": "Tables de tri biodéchets", "description": "Acquisition de 10 tables de tri connectées pour la restauration scolaire", "annee": "2025", "deliberation": "BM/2025/12/21", "nom_beneficaire": "Clichy", "cat_beneficiaire": "Commune", "type_aide": "Financement", "representation_carto": "Zone (surface)", "intermediaire": "Non", "financement_fim": "Non", "trophee_ECS": "Non", "lib_carto": "Clichy", "competence": "Développement et d’aménagement économique, social et culturel" }, "geometry": { "type": "MultiPolygon", "coordinates": [ [ [ [ 2.299254844381231, 48.910126305187596 ], [ 2.300040865547823, 48.910418680603037 ], [ 2.300616439939178, 48.910635179364412 ], [ 2.301274997075129, 48.910870145576226 ], [ 2.302267890089905, 48.91120238289669 ], [ 2.304227955629284, 48.911548326936 ], [ 2.307509377810326, 48.912156389006356 ], [ 2.309141955034125, 48.912612772107359 ], [ 2.309787719715326, 48.912788262541731 ], [ 2.3105111114211, 48.912974987955771 ], [ 2.310955431024855, 48.913114239362123 ], [ 2.311728573905537, 48.913357000600143 ], [ 2.313767501815612, 48.914044977143092 ], [ 2.314500546088103, 48.913086914131533 ], [ 2.314725768180871, 48.912768948087503 ], [ 2.315214688143712, 48.912111651019643 ], [ 2.315584388281004, 48.911596660805458 ], [ 2.316011770041505, 48.911052321377674 ], [ 2.316596384412446, 48.910274157243627 ], [ 2.316503958578316, 48.910247549909663 ], [ 2.316269114742934, 48.910157177949998 ], [ 2.316758948443071, 48.909634775161102 ], [ 2.316800359089169, 48.909598139587388 ], [ 2.317950734642926, 48.908433791351172 ], [ 2.318010431758325, 48.908354991778616 ], [ 2.318051981888335, 48.908307564788039 ], [ 2.318322731104059, 48.9080519025649 ], [ 2.318360553237984, 48.907976575556866 ], [ 2.317998659411549, 48.907899872711717 ], [ 2.318540847621318, 48.907231171836699 ], [ 2.319286878986859, 48.906413441414564 ], [ 2.320205196659273, 48.905354768233593 ], [ 2.320851271000658, 48.904665960969588 ], [ 2.320865615882906, 48.904612083409873 ], [ 2.320584968040772, 48.903747149090641 ], [ 2.320461502248534, 48.903486546407329 ], [ 2.320262339561942, 48.902963812926572 ], [ 2.320245170584548, 48.902920548301253 ], [ 2.319609480099527, 48.901354825019183 ], [ 2.319659711867307, 48.90116445498775 ], [ 2.319707744904218, 48.901037923995617 ], [ 2.319887174744137, 48.900459782095609 ], [ 2.318520205834404, 48.899638128146883 ], [ 2.315106047800935, 48.898594326922037 ], [ 2.312451445254302, 48.897782317983861 ], [ 2.312318530256448, 48.897724897591431 ], [ 2.31067321092082, 48.897130879416956 ], [ 2.309534485272156, 48.896703436671956 ], [ 2.308675362659436, 48.896381019365691 ], [ 2.307687317214232, 48.896010186370226 ], [ 2.30571501881114, 48.895089551773232 ], [ 2.303774362351613, 48.894153778954411 ], [ 2.302579534070871, 48.894868984407978 ], [ 2.300986004505527, 48.895816574730667 ], [ 2.299284993158229, 48.896840856353961 ], [ 2.298984013801224, 48.897009067053808 ], [ 2.298167620311571, 48.897467436939735 ], [ 2.295818869763579, 48.898772955976156 ], [ 2.295253995191523, 48.899087094027379 ], [ 2.293932744747562, 48.899853628007179 ], [ 2.292857684980471, 48.900468716354233 ], [ 2.288816556268771, 48.902816296517173 ], [ 2.28869967900362, 48.902883950759822 ], [ 2.28864192227844, 48.902917781887489 ], [ 2.288607550847396, 48.902937362773336 ], [ 2.288529173563746, 48.902982762521923 ], [ 2.288464547224837, 48.903020150033562 ], [ 2.287394727524698, 48.903641514697227 ], [ 2.287756643353827, 48.903810940723638 ], [ 2.288642733255474, 48.904255973415616 ], [ 2.288897484590852, 48.90438159206785 ], [ 2.290347758750403, 48.905071876425836 ], [ 2.291014657783971, 48.905386989596458 ], [ 2.292076027752171, 48.905887891615571 ], [ 2.292306522323333, 48.905992675085557 ], [ 2.293187566628208, 48.906613908970179 ], [ 2.293567360168867, 48.906976775135242 ], [ 2.294027179053966, 48.907475008918865 ], [ 2.294352565374003, 48.90772603650683 ], [ 2.295004650696694, 48.908131869866821 ], [ 2.29507098401635, 48.908170031465865 ], [ 2.296829725365967, 48.909066192949666 ], [ 2.298166064889041, 48.909724233484475 ], [ 2.298383285873976, 48.909803746190583 ], [ 2.299254844381231, 48.910126305187596 ] ] ] ] } }
]
}
