{
"type": "FeatureCollection",
"name": "data_suivi_ecs_ept",
"crs": { "type": "name", "properties": { "name": "urn:ogc:def:crs:OGC:1.3:CRS84" } },
"features": [
{ "type": "Feature", "properties": { "id_projet": "ecs-2025-03", "lib_ept": "Plaine Commune", "territoire": "T06", "dispositif": "BTP match", "thematique": "BTP Construction et aménagement circulaire", "nom_projet": "Convention d'engagements réciproques BTP Match", "nom_projet_carto": "Outil BTP Match", "description": "Convention d'engagements réciproques pour la mise à disposition et l'utilisation de l'outil BTP Match", "annee": "2025", "deliberation": "BM2025/02/04/16", "nom_beneficaire": "EPT Plaine Commune", "cat_beneficiaire": "EPT", "type_aide": "Accompagnement", "representation_carto": "Zone (surface)", "intermediaire": "Non", "financement_fim": "Non", "trophee_ECS": null, "competence": "Développement et d’aménagement économique, social et culturel" }, "geometry": { "type": "MultiPolygon", "coordinates": [ [ [ [ 2.343207699250373, 48.901311191220103 ], [ 2.342325356115516, 48.90129285963495 ], [ 2.34216033386627, 48.901290154723526 ], [ 2.341382974518393, 48.90127599003808 ], [ 2.340814297287777, 48.901263868346646 ], [ 2.340746131097112, 48.901260795206952 ], [ 2.340720226352346, 48.90125975329908 ], [ 2.340031516874216, 48.901246967101102 ], [ 2.339953768500651, 48.901246538656203 ], [ 2.339771003032622, 48.901244631983104 ], [ 2.338656815520173, 48.901222297140599 ], [ 2.338615906773837, 48.90122117192697 ], [ 2.337938121802098, 48.901207534695743 ], [ 2.337838572298443, 48.901205185730454 ], [ 2.337699455215793, 48.90120351720374 ], [ 2.337542651851239, 48.901198153427089 ], [ 2.337509927177314, 48.901197073102281 ], [ 2.33740901370817, 48.901194716235082 ], [ 2.337239911460498, 48.901191082653114 ], [ 2.336791234132827, 48.901182303775137 ], [ 2.336718953357932, 48.901181004189645 ], [ 2.33617210231542, 48.901168981315784 ], [ 2.335641619568376, 48.901157046739662 ], [ 2.335547514800855, 48.901155625387133 ], [ 2.335273407514963, 48.901149607802758 ], [ 2.335171130235882, 48.901147241479613 ], [ 2.335111125578976, 48.901146009066487 ], [ 2.334827458882609, 48.901140836708571 ], [ 2.334742913679456, 48.90113856849861 ], [ 2.33461063987714, 48.901135135760434 ], [ 2.331996389498469, 48.9010783155789 ], [ 2.331711359479877, 48.901073128232845 ], [ 2.331527254017838, 48.901069402864259 ], [ 2.331401777506932, 48.901067803151534 ], [ 2.331317232571728, 48.901065532523319 ], [ 2.331171307623033, 48.901062919084382 ], [ 2.330988566236084, 48.901059200504768 ], [ 2.330421234665915, 48.901048835588547 ], [ 2.330147116964154, 48.901043705523954 ], [ 2.329862087319424, 48.901038513776889 ], [ 2.329814358909923, 48.901037347396944 ], [ 2.329737986512134, 48.901036020700808 ], [ 2.329342496173721, 48.901028410859467 ], [ 2.328979718744675, 48.901022781628875 ], [ 2.328724708902852, 48.901016856043 ], [ 2.328316931267592, 48.901010073262484 ], [ 2.327926897327697, 48.901002489344641 ], [ 2.32785461702422, 48.901001184409402 ], [ 2.327733244398635, 48.900998704565609 ], [ 2.327630956144454, 48.900997231055378 ], [ 2.32726138237015, 48.900989759828846 ], [ 2.326534487849562, 48.900976681487627 ], [ 2.325836365736299, 48.90095386820078 ], [ 2.323269608756063, 48.900812588877962 ], [ 2.323081377762778, 48.900811525160243 ], [ 2.322553606246627, 48.900801346533925 ], [ 2.322174486647894, 48.90079380560298 ], [ 2.322073094515995, 48.900828305132805 ], [ 2.321803094208922, 48.900821380629033 ], [ 2.321331316873052, 48.90080611776667 ], [ 2.320498222854939, 48.9007780118461 ], [ 2.320434138736962, 48.900775849612145 ], [ 2.32030415835598, 48.90070136793792 ], [ 2.319887174744137, 48.900459782095609 ], [ 2.319707744904218, 48.901037923995617 ], [ 2.319659711867307, 48.90116445498775 ], [ 2.319609480099527, 48.901354825019183 ], [ 2.320245170584548, 48.902920548301253 ], [ 2.320262339561942, 48.902963812926572 ], [ 2.320461502248534, 48.903486546407329 ], [ 2.320584968040772, 48.903747149090641 ], [ 2.320865615882906, 48.904612083409873 ], [ 2.320851271000658, 48.904665960969588 ], [ 2.320205196659273, 48.905354768233593 ], [ 2.319286878986859, 48.906413441414564 ], [ 2.318540847621318, 48.907231171836699 ], [ 2.317998659411549, 48.907899872711717 ], [ 2.318360553237984, 48.907976575556866 ], [ 2.318322731104059, 48.9080519025649 ], [ 2.318051981888335, 48.908307564788039 ], [ 2.318010431758325, 48.908354991778616 ], [ 2.317950734642926, 48.908433791351172 ], [ 2.316800359089169, 48.909598139587388 ], [ 2.316758948443071, 48.909634775161102 ], [ 2.316269114742934, 48.910157177949998 ], [ 2.316503958578316, 48.910247549909663 ], [ 2.316596384412446, 48.910274157243627 ], [ 2.316011770041505, 48.911052321377674 ], [ 2.315584388281004, 48.911596660805458 ], [ 2.315214688143712, 48.912111651019643 ], [ 2.314725768180871, 48.912768948087503 ], [ 2.314500546088103, 48.913086914131533 ], [ 2.313767501815612, 48.914044977143092 ], [ 2.314060812153327, 48.914151875924262 ], [ 2.316355864518598, 48.914874548112358 ], [ 2.317288111612532, 48.915162246620937 ], [ 2.318840264511579, 48.915626130690896 ], [ 2.319818622413776, 48.915937453262622 ], [ 2.320194672219063, 48.916397334158042 ], [ 2.321052969316958, 48.917650436169943 ], [ 2.321155860592347, 48.917817390460264 ], [ 2.321269691524996, 48.917982607999654 ], [ 2.321540415598108, 48.91825483179236 ], [ 2.322015312685547, 48.91867119966016 ], [ 2.32213948428466, 48.918776221424139 ], [ 2.3227060798992, 48.919172421103546 ], [ 2.32386635831008, 48.919772514064931 ], [ 2.324804926444667, 48.920213968325221 ], [ 2.325537175957082, 48.920466299764662 ], [ 2.325866538037633, 48.920639020597434 ], [ 2.325953226208402, 48.920688969875407 ], [ 2.326443178954134, 48.921106302933111 ], [ 2.326529484392224, 48.921185926537397 ], [ 2.326983968444251, 48.921603057773858 ], [ 2.327510443867981, 48.922046670858485 ], [ 2.328449672778646, 48.922759687346293 ], [ 2.328828156377974, 48.923040590712901 ], [ 2.32992161677155, 48.923966692978894 ], [ 2.330918412874688, 48.924983972857902 ], [ 2.331944228978156, 48.925976224771723 ], [ 2.332766585230977, 48.926660674318271 ], [ 2.333627462202485, 48.927535982389422 ], [ 2.334498518645078, 48.928684725265221 ], [ 2.335292964143959, 48.930064153659899 ], [ 2.336028133367174, 48.931599723068736 ], [ 2.336205613362225, 48.931917256675732 ], [ 2.3363866623396, 48.932276177043633 ], [ 2.336642172797707, 48.933004218114462 ], [ 2.336775527668999, 48.933357477759849 ], [ 2.336839699989623, 48.933570065196058 ], [ 2.336905237693859, 48.933782660107632 ], [ 2.336913992160202, 48.934166704985998 ], [ 2.336903398644351, 48.934676543079135 ], [ 2.336960328685079, 48.935350424922397 ], [ 2.336899598586291, 48.935617177424724 ], [ 2.336727371807253, 48.936385115175774 ], [ 2.33661963586776, 48.936912400322363 ], [ 2.336432844657378, 48.938072344811687 ], [ 2.336386825174841, 48.938362559277984 ], [ 2.335852686096147, 48.939997198486743 ], [ 2.335775439652747, 48.940166735144302 ], [ 2.335439789215532, 48.94090138806515 ], [ 2.334912655466455, 48.941556739678767 ], [ 2.334029298157509, 48.942310829683969 ], [ 2.333203509850461, 48.942938434293509 ], [ 2.332110289150912, 48.943552852537671 ], [ 2.330928308948104, 48.944060650041976 ], [ 2.329467167688094, 48.944617234306996 ], [ 2.327991053960776, 48.945062205914503 ], [ 2.325945910785544, 48.945588493406781 ], [ 2.324149588407876, 48.945980357737817 ], [ 2.322336698321755, 48.946279475646001 ], [ 2.322195826458923, 48.946298463386448 ], [ 2.320446500123754, 48.94653766035421 ], [ 2.318969667335717, 48.946818847781529 ], [ 2.317068086105395, 48.947109288714095 ], [ 2.315573525872683, 48.947282419757784 ], [ 2.313659467504263, 48.947584426107206 ], [ 2.311668101190334, 48.947948907674636 ], [ 2.311544921257935, 48.947971581618916 ], [ 2.310574018679188, 48.948189023415537 ], [ 2.308608669199316, 48.948647128915809 ], [ 2.307455588640619, 48.948906660090842 ], [ 2.306364089110818, 48.949154845862296 ], [ 2.306216125426417, 48.949192658687728 ], [ 2.306088724412636, 48.949224295396462 ], [ 2.304050202878892, 48.949736758662155 ], [ 2.303113139035646, 48.949971422785509 ], [ 2.301650709771158, 48.95018233703037 ], [ 2.301160971348279, 48.950251425596427 ], [ 2.299188800067739, 48.950494409300227 ], [ 2.297928465686146, 48.950499625217724 ], [ 2.296886504830657, 48.950511504471841 ], [ 2.295639688757197, 48.950526667686468 ], [ 2.293398984828158, 48.950633086417483 ], [ 2.292456608478496, 48.950751629070879 ], [ 2.29080533850887, 48.951088095028361 ], [ 2.291433904775013, 48.951253681879557 ], [ 2.291824267341321, 48.951364801118871 ], [ 2.292214741721697, 48.951467826215776 ], [ 2.291938746764447, 48.951982382516583 ], [ 2.291889784772555, 48.952068424077694 ], [ 2.291847845210406, 48.952140118637722 ], [ 2.291811477087039, 48.952203752583983 ], [ 2.291664577120166, 48.95246277618336 ], [ 2.291565298065364, 48.952633951704513 ], [ 2.291215578212533, 48.953246990737512 ], [ 2.290962378541538, 48.953690635914128 ], [ 2.290923191668369, 48.953760547782238 ], [ 2.290878432817371, 48.953838520171956 ], [ 2.290744155459031, 48.954072437206833 ], [ 2.290730170464368, 48.954096634952265 ], [ 2.290611266817189, 48.954304563710721 ], [ 2.290486765674831, 48.954522351234466 ], [ 2.290352472517505, 48.954757166885408 ], [ 2.290125839323359, 48.955154204641765 ], [ 2.290099233578036, 48.955202608021779 ], [ 2.290046083322976, 48.955294918741394 ], [ 2.290001346391385, 48.955371092285866 ], [ 2.289957987027835, 48.955446374691135 ], [ 2.289871218804389, 48.95560053625065 ], [ 2.289846051701945, 48.955643552423773 ], [ 2.289721544148906, 48.955861338881164 ], [ 2.289627775374862, 48.956028048597609 ], [ 2.289428956121036, 48.956387479863004 ], [ 2.289337940938318, 48.956552407050744 ], [ 2.289314126094997, 48.956596330369145 ], [ 2.289192332653827, 48.95681503147204 ], [ 2.289134898369383, 48.956920805391704 ], [ 2.289108278504317, 48.956970107673854 ], [ 2.288856211431023, 48.957428142180561 ], [ 2.28882120142245, 48.95749178300472 ], [ 2.288774996935449, 48.957575141446284 ], [ 2.288718963342724, 48.957678225587806 ], [ 2.288693781980694, 48.957722140636832 ], [ 2.288657356887716, 48.957789370099313 ], [ 2.288611127269117, 48.957874526856479 ], [ 2.288573324173602, 48.957942647383469 ], [ 2.288482315859465, 48.958106674481812 ], [ 2.288417891264806, 48.958224097024619 ], [ 2.288329674499352, 48.958383644168634 ], [ 2.288778986766027, 48.959180368262366 ], [ 2.288800306193335, 48.959219163443265 ], [ 2.288844335262135, 48.959294963488595 ], [ 2.288925726020439, 48.959434833430961 ], [ 2.288933759310414, 48.959446571612297 ], [ 2.288991161232319, 48.959543134153073 ], [ 2.289228915113506, 48.959933029317234 ], [ 2.289696584175559, 48.960687591709693 ], [ 2.289742030488223, 48.960759802615968 ], [ 2.289770080824487, 48.960805831597746 ], [ 2.289826218491887, 48.960895191940132 ], [ 2.289891706540637, 48.960999895229492 ], [ 2.289905042909699, 48.961023355254689 ], [ 2.290015966077966, 48.961201168459517 ], [ 2.29010816480412, 48.961350094013667 ], [ 2.290154941015913, 48.961425010397313 ], [ 2.290253833423334, 48.96158386740435 ], [ 2.290329990135852, 48.96170751820263 ], [ 2.290648387736174, 48.961893752529342 ], [ 2.29075812964492, 48.961958249842013 ], [ 2.290912580773028, 48.962049090268145 ], [ 2.29114156405997, 48.962182636782309 ], [ 2.291317706793166, 48.962285295392242 ], [ 2.291931535723712, 48.962640535897371 ], [ 2.291964077699422, 48.962657814163755 ], [ 2.292091453378044, 48.962731407000945 ], [ 2.292210843831398, 48.962789664984676 ], [ 2.292227121030071, 48.962797854481309 ], [ 2.29224475160761, 48.962806951232736 ], [ 2.292252884091459, 48.962811495577562 ], [ 2.292463171579131, 48.962914353934615 ], [ 2.292562188704138, 48.962964397922512 ], [ 2.292646306538226, 48.963005361248534 ], [ 2.292723633098412, 48.963043586651004 ], [ 2.293891079496447, 48.963665566405489 ], [ 2.294910746334245, 48.964209328432247 ], [ 2.294964970000552, 48.964239323076484 ], [ 2.294981248086876, 48.96424751218818 ], [ 2.295085659639474, 48.964302981321943 ], [ 2.295191424880421, 48.964359357584371 ], [ 2.295198204398821, 48.964362994500377 ], [ 2.295314809826182, 48.96442572923295 ], [ 2.29541922209255, 48.964481198067062 ], [ 2.295426001642772, 48.964484834969767 ], [ 2.295516855017899, 48.964533029910328 ], [ 2.295530401962304, 48.964541202900001 ], [ 2.29607686722983, 48.964832177396509 ], [ 2.296127043907387, 48.964858550665788 ], [ 2.296914867351543, 48.965279532762281 ], [ 2.296956899440378, 48.965302260850756 ], [ 2.297012503267136, 48.965331363349236 ], [ 2.297097921176062, 48.965377726640455 ], [ 2.297934585325203, 48.965824167452837 ], [ 2.298001030827207, 48.965859627805017 ], [ 2.298561071622174, 48.96615876331964 ], [ 2.298875962416975, 48.966305386488585 ], [ 2.299219558863101, 48.966146426186171 ], [ 2.300073106007813, 48.965848358203658 ], [ 2.300460276903742, 48.965698641288959 ], [ 2.30049669083149, 48.965733025804482 ], [ 2.301154374941992, 48.965475173733296 ], [ 2.301323562717468, 48.965386232912614 ], [ 2.301502720438028, 48.965266774862911 ], [ 2.301901797072154, 48.964941765629327 ], [ 2.303104861028085, 48.96403870482942 ], [ 2.303539990993984, 48.963671633824291 ], [ 2.304906481592308, 48.96239001203039 ], [ 2.305084904147607, 48.962221983638109 ], [ 2.306766681149082, 48.962996994907421 ], [ 2.307136118871923, 48.962740140879987 ], [ 2.307522792118993, 48.962932119906654 ], [ 2.308383822628048, 48.963295896656156 ], [ 2.308939580384329, 48.963508629891898 ], [ 2.309036211242238, 48.963328434003387 ], [ 2.309127199696468, 48.963161694514753 ], [ 2.309182048170071, 48.963042407924654 ], [ 2.309238441212675, 48.962909641180914 ], [ 2.309350485861844, 48.962699857902109 ], [ 2.309617786651736, 48.962419926252714 ], [ 2.309743620735242, 48.962302846527514 ], [ 2.309841748346039, 48.962215283052068 ], [ 2.310183960798438, 48.961950169457808 ], [ 2.3102809480501, 48.961845512942993 ], [ 2.310371047331483, 48.961745313071731 ], [ 2.310566809848541, 48.961812984601387 ], [ 2.310690315668541, 48.961871247789411 ], [ 2.310789252990599, 48.961928470372904 ], [ 2.310893450309058, 48.962001010657161 ], [ 2.310978810750902, 48.962155276008076 ], [ 2.31162506948284, 48.962237223894732 ], [ 2.311775059591856, 48.962255170904285 ], [ 2.311960472194709, 48.962279615848026 ], [ 2.312256344284551, 48.96231638454244 ], [ 2.312287693719329, 48.962321060672366 ], [ 2.313004873082046, 48.962410601931133 ], [ 2.313010905815348, 48.962367471644342 ], [ 2.3130551398326, 48.962327258001991 ], [ 2.313402039060402, 48.96211971533419 ], [ 2.314047321806701, 48.961758305485773 ], [ 2.314369277023143, 48.961577595309741 ], [ 2.314868788100288, 48.961291785184635 ], [ 2.315604852565819, 48.960879627132343 ], [ 2.31628059621052, 48.96048420665516 ], [ 2.317245148918569, 48.959933954216403 ], [ 2.317948261014656, 48.959532385076841 ], [ 2.318486038182141, 48.959241381598098 ], [ 2.3187033934656, 48.959120316067875 ], [ 2.318839534264531, 48.95904824865567 ], [ 2.31891888752555, 48.95903700890026 ], [ 2.319090825648814, 48.958942662775314 ], [ 2.319371945323052, 48.958749117214978 ], [ 2.319608978395187, 48.958584996736988 ], [ 2.319770201474556, 48.958474401947768 ], [ 2.319866092616904, 48.958451564869641 ], [ 2.319977380533358, 48.958400038384731 ], [ 2.320352231430704, 48.95824389209006 ], [ 2.320617311802549, 48.958127589882423 ], [ 2.32079555449136, 48.958072844892371 ], [ 2.322692672791019, 48.957525129024546 ], [ 2.322772966763542, 48.957546265782369 ], [ 2.322986668207776, 48.957599630286467 ], [ 2.323177156868145, 48.957652863378804 ], [ 2.323798961143906, 48.957827233028681 ], [ 2.3239581504241, 48.957872194911317 ], [ 2.325331017664505, 48.95825852013099 ], [ 2.325434340700745, 48.958294172971463 ], [ 2.325514427019758, 48.958331493554475 ], [ 2.325541492118342, 48.958350530461161 ], [ 2.325624262958498, 48.958391463147052 ], [ 2.325737319896096, 48.958413681417767 ], [ 2.326019526488319, 48.958555554059998 ], [ 2.326415668779688, 48.958757417882651 ], [ 2.326518783906216, 48.958809255442659 ], [ 2.32684846196289, 48.958976572214986 ], [ 2.326981421540638, 48.959043864475781 ], [ 2.327023473366273, 48.959065682953437 ], [ 2.32706553686474, 48.959086602212146 ], [ 2.327159152808699, 48.959133889542976 ], [ 2.327212070796481, 48.95916026526919 ], [ 2.327292113190793, 48.959201181449423 ], [ 2.327918964264277, 48.959515843527136 ], [ 2.327971412384485, 48.95947297258752 ], [ 2.32799761316915, 48.959453335515533 ], [ 2.327999025186739, 48.95944974635416 ], [ 2.328533048200808, 48.95902198820302 ], [ 2.32863928464346, 48.958938051775945 ], [ 2.328767624377034, 48.958834455063808 ], [ 2.329020147761445, 48.958631734295643 ], [ 2.329224389301157, 48.958466512197496 ], [ 2.329589251171054, 48.958235641941783 ], [ 2.329753287250628, 48.958116956120882 ], [ 2.330023183941725, 48.957943106888969 ], [ 2.330250459152913, 48.957791500716809 ], [ 2.330402179795786, 48.957674543724785 ], [ 2.330803482289034, 48.957370133009441 ], [ 2.330985611112756, 48.957224568306628 ], [ 2.332144527932292, 48.956302981797094 ], [ 2.332693688982799, 48.955860900210936 ], [ 2.333362935446441, 48.955317866020998 ], [ 2.333441161808965, 48.955393839742598 ], [ 2.333644057075522, 48.95565125987784 ], [ 2.333987572899618, 48.956124386541958 ], [ 2.33402380650769, 48.956174047698447 ], [ 2.334268490730846, 48.95604771004885 ], [ 2.3343886224354, 48.956157188771897 ], [ 2.334501996451005, 48.956261234229018 ], [ 2.334528994715059, 48.95628566438463 ], [ 2.33455329662663, 48.956307381756965 ], [ 2.335064397489605, 48.956811110850822 ], [ 2.335112487650755, 48.956787996504758 ], [ 2.335320079250841, 48.956999576665538 ], [ 2.335351082739026, 48.95703122297752 ], [ 2.335514937082128, 48.957139144260864 ], [ 2.335638070829389, 48.957120941913587 ], [ 2.335690818749844, 48.957160802040335 ], [ 2.336046091647046, 48.95746402518747 ], [ 2.33621983956321, 48.957652934479015 ], [ 2.336282032097293, 48.957701839297542 ], [ 2.336360759801015, 48.957739145098223 ], [ 2.336367047850048, 48.957781445556257 ], [ 2.336387105570921, 48.957814829528438 ], [ 2.336511147333871, 48.958046628130745 ], [ 2.336803790615077, 48.958443026098365 ], [ 2.336900318175989, 48.958583845844842 ], [ 2.336986506909631, 48.958678745635993 ], [ 2.33778060691913, 48.959697508105414 ], [ 2.337845099299904, 48.959780596862593 ], [ 2.337972879421206, 48.959934177857278 ], [ 2.337988773670599, 48.959972934101209 ], [ 2.338077640555297, 48.96007234408286 ], [ 2.33798548783787, 48.960231005633617 ], [ 2.337912151681892, 48.960306139162604 ], [ 2.337828420437514, 48.96044686172408 ], [ 2.337636525307256, 48.960716481200599 ], [ 2.337455172612838, 48.960908821644111 ], [ 2.33766183945439, 48.961195030786726 ], [ 2.337850962076385, 48.961464955820738 ], [ 2.337971723763071, 48.961633785317311 ], [ 2.338423159381545, 48.962218101589343 ], [ 2.338933183307638, 48.962921441725449 ], [ 2.339152917578596, 48.962825532253767 ], [ 2.339393443808628, 48.962705456766386 ], [ 2.339618433200576, 48.96262576214955 ], [ 2.339870665694147, 48.962551612670985 ], [ 2.340461905850243, 48.963421756888572 ], [ 2.340486053885618, 48.963456061732984 ], [ 2.340680468124265, 48.963741298195501 ], [ 2.34069922228089, 48.963770177746632 ], [ 2.341211408272485, 48.964522079016852 ], [ 2.341294518814611, 48.964645734594853 ], [ 2.341373635254527, 48.964761274796622 ], [ 2.34144603756696, 48.964867785433349 ], [ 2.341491650513628, 48.964932782828086 ], [ 2.342062732482924, 48.965781223940823 ], [ 2.342282748478815, 48.966095373919352 ], [ 2.342556281410211, 48.96649794439724 ], [ 2.342953181422673, 48.967081941468784 ], [ 2.343073870463073, 48.967258857726129 ], [ 2.343865039207028, 48.968421435849834 ], [ 2.344449272262018, 48.968233088417477 ], [ 2.344658767019886, 48.968191968140722 ], [ 2.345082199072944, 48.968190684124359 ], [ 2.34549625594461, 48.96806614887187 ], [ 2.345908650921506, 48.967964983877188 ], [ 2.346190969595018, 48.967889186947716 ], [ 2.346615800513353, 48.967776396936358 ], [ 2.346910454075963, 48.967697068471928 ], [ 2.347077595187286, 48.967656612583028 ], [ 2.347134764713793, 48.967672211231289 ], [ 2.347171301221286, 48.967699387918046 ], [ 2.347194451241132, 48.967704909490578 ], [ 2.34721760126589, 48.967710431058663 ], [ 2.347287344902276, 48.967703616576728 ], [ 2.348319454668795, 48.967523082559559 ], [ 2.348498626653732, 48.967503373045091 ], [ 2.349160218307169, 48.967352292528666 ], [ 2.349708292367009, 48.967213182527338 ], [ 2.350004382453251, 48.967127559431347 ], [ 2.350141225862826, 48.967106718783626 ], [ 2.350198699162996, 48.967098037600834 ], [ 2.350516493483083, 48.967024221218416 ], [ 2.350585094683301, 48.966999413431608 ], [ 2.350771699049258, 48.966931180722483 ], [ 2.351090108842293, 48.966807906836152 ], [ 2.351302828960748, 48.966726325696591 ], [ 2.35152105617244, 48.966641176914074 ], [ 2.351575943079197, 48.96662079070115 ], [ 2.351576001698853, 48.966506584942337 ], [ 2.351595987834054, 48.966327740150732 ], [ 2.351637331784872, 48.966188578270227 ], [ 2.351734108934497, 48.966094679060674 ], [ 2.351774196616765, 48.966056227534402 ], [ 2.352013701577444, 48.965907345305212 ], [ 2.352234745221982, 48.965815016313499 ], [ 2.352317124248266, 48.965780390068637 ], [ 2.352422574466679, 48.965757578743414 ], [ 2.352511591394552, 48.965738275645641 ], [ 2.35257048447573, 48.965725104685724 ], [ 2.353221575678563, 48.965646785159493 ], [ 2.353276293083558, 48.965639886160474 ], [ 2.35346633754799, 48.965623824911169 ], [ 2.353518716410143, 48.965695148903052 ], [ 2.353649545895651, 48.965828045451566 ], [ 2.353890770077106, 48.96576010222654 ], [ 2.353924968475967, 48.965755790164721 ], [ 2.35416024639825, 48.966056511281771 ], [ 2.354803953525511, 48.966903482201836 ], [ 2.355357324880947, 48.967437021138998 ], [ 2.355566741532766, 48.967621595499452 ], [ 2.355662873935097, 48.967689556457032 ], [ 2.356533258479216, 48.968434319466141 ], [ 2.356642639644062, 48.96853562321224 ], [ 2.356761303523254, 48.968659458088652 ], [ 2.356929158326536, 48.968781758083139 ], [ 2.356559348172399, 48.968974913603752 ], [ 2.356552519242988, 48.9689748769663 ], [ 2.356448582546808, 48.969095719111515 ], [ 2.35642399834414, 48.969095587192214 ], [ 2.356567299750384, 48.969325666804551 ], [ 2.356697222597234, 48.969533192993886 ], [ 2.356764199735968, 48.969639664601431 ], [ 2.356868251656754, 48.969840756981945 ], [ 2.356923549032345, 48.969897706693303 ], [ 2.357506229661173, 48.970827063923551 ], [ 2.357550602095386, 48.970883954759501 ], [ 2.357614939938579, 48.970983217551833 ], [ 2.357661955417788, 48.971047316541757 ], [ 2.357928082565906, 48.971397652812726 ], [ 2.358202952782491, 48.971814580045219 ], [ 2.358240541915618, 48.971867837245689 ], [ 2.358354775536334, 48.972019523304972 ], [ 2.358498526322502, 48.972214531348911 ], [ 2.358587220352386, 48.972332808097157 ], [ 2.358678591072413, 48.972455595350809 ], [ 2.358689329503749, 48.972470940100024 ], [ 2.358796813990998, 48.972616294768997 ], [ 2.35881830208752, 48.972646085045149 ], [ 2.358925820566029, 48.972788741988957 ], [ 2.358984932694929, 48.972869091568725 ], [ 2.359290767166723, 48.972770009169871 ], [ 2.359530761093944, 48.972693055792597 ], [ 2.359571937023145, 48.972677089076207 ], [ 2.359787443907567, 48.97259191114081 ], [ 2.360000351177579, 48.972495927887962 ], [ 2.360092053240501, 48.972481129839942 ], [ 2.360168088651587, 48.972518404918127 ], [ 2.360212930264363, 48.972537528465736 ], [ 2.360282213901575, 48.972568472671504 ], [ 2.360375806881651, 48.972622027838327 ], [ 2.360419216395701, 48.972646539195956 ], [ 2.36049516378473, 48.972691007624739 ], [ 2.360646461727296, 48.972828500883359 ], [ 2.360807034227861, 48.972989423963774 ], [ 2.36088235227462, 48.973085146258697 ], [ 2.360918700781743, 48.973128504131765 ], [ 2.360949674198955, 48.973164639321602 ], [ 2.361122265493663, 48.973348107299657 ], [ 2.361164133249567, 48.973386998214679 ], [ 2.361289792136932, 48.973499174889227 ], [ 2.361419987292142, 48.973686912867336 ], [ 2.361501883004404, 48.973803352547158 ], [ 2.361562333052145, 48.973886405635 ], [ 2.361610302296431, 48.973984679563763 ], [ 2.361628961346026, 48.974022547508362 ], [ 2.361722550501894, 48.973965493364069 ], [ 2.362009020593082, 48.97388608465473 ], [ 2.362266926973768, 48.973796631606234 ], [ 2.362542115143824, 48.973745937743374 ], [ 2.362672174464943, 48.973722349046177 ], [ 2.362653845519029, 48.973657505407971 ], [ 2.363297508303184, 48.973523338127507 ], [ 2.36370165045511, 48.973427464137252 ], [ 2.365291736135425, 48.973086079337477 ], [ 2.365465153410312, 48.973426914722836 ], [ 2.365522537298235, 48.97353782644393 ], [ 2.365561648781989, 48.973690906373825 ], [ 2.36562021252476, 48.973817111560471 ], [ 2.365741943332, 48.974028180510771 ], [ 2.365918366383269, 48.974011128231695 ], [ 2.365966228406374, 48.974006884977214 ], [ 2.366037541351283, 48.973983881344601 ], [ 2.36615276098149, 48.973944923149951 ], [ 2.366281694419451, 48.973901541036085 ], [ 2.366337927195703, 48.973882953812954 ], [ 2.36656561164224, 48.973806820690314 ], [ 2.366931822025468, 48.97368465719876 ], [ 2.366935941660947, 48.973682880436144 ], [ 2.367167733029573, 48.973605868588699 ], [ 2.367171841703722, 48.973604991013147 ], [ 2.367366599675008, 48.973540372927886 ], [ 2.367823338725979, 48.973387210294462 ], [ 2.367843914759638, 48.973380124715462 ], [ 2.368820455929212, 48.973054342351368 ], [ 2.368882172293017, 48.973033984279851 ], [ 2.369353283583051, 48.972933947372283 ], [ 2.369425861277197, 48.972919041648638 ], [ 2.371016454547935, 48.972644128506921 ], [ 2.371250553706208, 48.972601292488037 ], [ 2.371702197266607, 48.972529021165251 ], [ 2.37253737125274, 48.972368829802562 ], [ 2.375463806551267, 48.972096342393776 ], [ 2.375726334464835, 48.972074328508548 ], [ 2.376274933073071, 48.972003443840521 ], [ 2.377779810025445, 48.97180892815426 ], [ 2.378719662754574, 48.971687904705497 ], [ 2.38087840700317, 48.971412205562032 ], [ 2.381015206475262, 48.971394926565551 ], [ 2.381295634406506, 48.971360403332554 ], [ 2.381595226669042, 48.971322381242892 ], [ 2.382277854897985, 48.971235973567715 ], [ 2.382440508419151, 48.971226919384748 ], [ 2.382530729195128, 48.971221089118735 ], [ 2.38270295424143, 48.971211184602375 ], [ 2.382856046674786, 48.971202080647252 ], [ 2.383144454021525, 48.971185579228447 ], [ 2.383419192047321, 48.971169906099824 ], [ 2.383483440190695, 48.971165740101995 ], [ 2.383774578830177, 48.971149251209056 ], [ 2.384042487242048, 48.971133541564427 ], [ 2.384158680060371, 48.971126044947539 ], [ 2.384220417641443, 48.970987876865863 ], [ 2.384256888134159, 48.970907131266131 ], [ 2.384293379814147, 48.97082458725081 ], [ 2.384321452716001, 48.970760884334972 ], [ 2.384588051369248, 48.97016334931542 ], [ 2.385436737610971, 48.969431211522981 ], [ 2.385555386926437, 48.969331102886528 ], [ 2.385559548092608, 48.969325728674804 ], [ 2.385738929473538, 48.969171975667834 ], [ 2.385795564509871, 48.969118310411766 ], [ 2.385861940562687, 48.969049407669011 ], [ 2.385892253540675, 48.969027081506916 ], [ 2.385937749512508, 48.968991344246369 ], [ 2.386014945322075, 48.968931489362831 ], [ 2.38609908669524, 48.968861778170677 ], [ 2.386206966412186, 48.96874812489083 ], [ 2.386246966943075, 48.968715057147577 ], [ 2.386357333467628, 48.968622099323973 ], [ 2.387556231148895, 48.967606672926195 ], [ 2.387615551741065, 48.967556617489947 ], [ 2.387657043308423, 48.967512765786104 ], [ 2.387695697397087, 48.967477892143506 ], [ 2.387738406323648, 48.967446636214 ], [ 2.387770104489608, 48.967422518111483 ], [ 2.387859788760445, 48.967345639854258 ], [ 2.387894038318108, 48.967336822100464 ], [ 2.387996088062787, 48.967253712052582 ], [ 2.388027521367531, 48.967252073941182 ], [ 2.388883291281073, 48.966606275079101 ], [ 2.388990864322995, 48.966517796745947 ], [ 2.390242228258294, 48.965561960323399 ], [ 2.390658168919981, 48.965265520841363 ], [ 2.390717178251462, 48.965241540691011 ], [ 2.390986037374661, 48.965025285894598 ], [ 2.391128623618197, 48.965095252787577 ], [ 2.391158910968292, 48.965074723621093 ], [ 2.391502395809476, 48.964900212371873 ], [ 2.39156568028189, 48.964860966102044 ], [ 2.391780199514119, 48.964736158121298 ], [ 2.391837831529968, 48.964713069686233 ], [ 2.391959976378066, 48.964662431328186 ], [ 2.392206965173707, 48.964563865690224 ], [ 2.392238522858548, 48.964551436009032 ], [ 2.39224814564906, 48.964546089225792 ], [ 2.392494629258958, 48.96437378122944 ], [ 2.392526396891029, 48.964343367362957 ], [ 2.392846960004394, 48.964025753931402 ], [ 2.393213804464173, 48.963720963383622 ], [ 2.393300627575346, 48.963653958237863 ], [ 2.393334190136876, 48.963586683597391 ], [ 2.393561389243752, 48.963427764623852 ], [ 2.393969414523164, 48.963104295434391 ], [ 2.39442774303397, 48.962799963274655 ], [ 2.394564008335822, 48.962708926825123 ], [ 2.394549112099572, 48.962698060499299 ], [ 2.39432018586515, 48.962536836200357 ], [ 2.395414178595531, 48.961826545660884 ], [ 2.396116733106079, 48.961422720669063 ], [ 2.39623528093164, 48.961327995967764 ], [ 2.396541259877953, 48.961086735728649 ], [ 2.396673377212784, 48.961117076137974 ], [ 2.397360004887117, 48.960671797540243 ], [ 2.397491099372146, 48.960554653072066 ], [ 2.397840682677748, 48.960320802573122 ], [ 2.398421455646996, 48.959934337330886 ], [ 2.39890316274489, 48.959611220220125 ], [ 2.399073394551985, 48.959533837653268 ], [ 2.399187316541887, 48.959484049838785 ], [ 2.399308149125491, 48.959427102436713 ], [ 2.399832557034196, 48.959189625315801 ], [ 2.400216939793359, 48.959015293183299 ], [ 2.402536899245647, 48.957963946688643 ], [ 2.403293370661569, 48.958088214837488 ], [ 2.40481670978859, 48.957429432002336 ], [ 2.405204133229488, 48.957225423143719 ], [ 2.406234509758478, 48.956681979162944 ], [ 2.407067018986258, 48.956244560279281 ], [ 2.407286824786688, 48.95612874270352 ], [ 2.407355517741701, 48.956092212420813 ], [ 2.407293588300235, 48.956014569576034 ], [ 2.40730860597562, 48.955895041651502 ], [ 2.407326692687897, 48.955745853153253 ], [ 2.407332431186612, 48.955721601375913 ], [ 2.407316671043721, 48.955666668333805 ], [ 2.407260304242534, 48.955460458079259 ], [ 2.407093500107276, 48.955119711205867 ], [ 2.407036129915739, 48.955001623763167 ], [ 2.407030893797914, 48.95498181403358 ], [ 2.40702823472488, 48.954975506026557 ], [ 2.40702560641434, 48.954966500375932 ], [ 2.406935988011615, 48.954682788543941 ], [ 2.406912333526448, 48.954601737643223 ], [ 2.406991361966306, 48.954496914466617 ], [ 2.407071171073519, 48.954443353233003 ], [ 2.407171645684924, 48.954373707343073 ], [ 2.407244412127313, 48.954338995747833 ], [ 2.407868639279683, 48.954321397089331 ], [ 2.407862774738417, 48.954236837148997 ], [ 2.407861696034423, 48.954211652380252 ], [ 2.407736085726611, 48.954090530340835 ], [ 2.407730122713101, 48.953774858512425 ], [ 2.407826304417803, 48.953722276892563 ], [ 2.407873054846764, 48.953334024724924 ], [ 2.407925215792394, 48.953310002124653 ], [ 2.408039177088949, 48.95325481031584 ], [ 2.408199816846773, 48.953177367145123 ], [ 2.408213542257849, 48.953171140026456 ], [ 2.408199970346129, 48.953163878903538 ], [ 2.407877222079846, 48.952968043774767 ], [ 2.407560787987175, 48.952697599766239 ], [ 2.407444329722368, 48.952612493138687 ], [ 2.407116597878439, 48.952375264901697 ], [ 2.406790021183458, 48.952396131187818 ], [ 2.406707021641138, 48.952370541004946 ], [ 2.406423982015282, 48.952285508169808 ], [ 2.406303995090826, 48.952270525787888 ], [ 2.406282180227107, 48.952267719958549 ], [ 2.405832240198035, 48.952210635656463 ], [ 2.405503663176622, 48.952167640522191 ], [ 2.405243251353613, 48.952133975330277 ], [ 2.405145079857764, 48.952121797805241 ], [ 2.404925567226583, 48.952093730443714 ], [ 2.404331109354829, 48.952017937737786 ], [ 2.404048884417401, 48.951981463757981 ], [ 2.404033886221287, 48.951979590669204 ], [ 2.403972394121891, 48.951983781325218 ], [ 2.403861522772687, 48.952007510327384 ], [ 2.403825910363302, 48.95201722519456 ], [ 2.403773913774374, 48.95202685857349 ], [ 2.403732943048694, 48.952027554086428 ], [ 2.40363747186529, 48.952018086556485 ], [ 2.403528398819098, 48.952004054940907 ], [ 2.403464454460178, 48.951983952900314 ], [ 2.403378726521528, 48.951958346816753 ], [ 2.403327152918288, 48.951931112117158 ], [ 2.403249792614703, 48.951890260024911 ], [ 2.403363157395588, 48.95188722716081 ], [ 2.403536617900542, 48.951882694645199 ], [ 2.403606322600059, 48.951876746529805 ], [ 2.403632305369387, 48.951873278704014 ], [ 2.40371326272884, 48.951838609919747 ], [ 2.403790505399124, 48.951770649685912 ], [ 2.403907837435911, 48.95165972385216 ], [ 2.404031542223479, 48.95158839737902 ], [ 2.404119490403758, 48.95153937477216 ], [ 2.404174289227656, 48.951523460289707 ], [ 2.404402788431907, 48.951362727340637 ], [ 2.404705631408119, 48.951148406987997 ], [ 2.404749671730775, 48.951118050521686 ], [ 2.405907267153566, 48.950304558416256 ], [ 2.406046292378219, 48.950206327643734 ], [ 2.406170175595942, 48.950118812935102 ], [ 2.406164427236738, 48.95002436117673 ], [ 2.406111509335944, 48.949995322426012 ], [ 2.405901203614801, 48.949879173947387 ], [ 2.405819799840517, 48.949833807044826 ], [ 2.40577773271736, 48.949811116805023 ], [ 2.40579225892207, 48.94973475088198 ], [ 2.406036605519705, 48.949500353033592 ], [ 2.406837217125765, 48.948737239491166 ], [ 2.407590741737183, 48.948030541574511 ], [ 2.407815682459892, 48.947820324231429 ], [ 2.408062700467976, 48.947589532207168 ], [ 2.408174481418574, 48.947484869348223 ], [ 2.408211721171545, 48.947451780144881 ], [ 2.408277876179308, 48.947397251141354 ], [ 2.408312784330664, 48.947329078808316 ], [ 2.408372419835687, 48.947247539423266 ], [ 2.408441120753987, 48.947209209774414 ], [ 2.40853566872047, 48.947179101056179 ], [ 2.408614007764424, 48.94713362468584 ], [ 2.408669291322144, 48.947074545465057 ], [ 2.408694754690399, 48.946996434426381 ], [ 2.408706627184779, 48.946912860711585 ], [ 2.408772182437561, 48.946790883064949 ], [ 2.408800396372355, 48.946710987006064 ], [ 2.40884094818083, 48.946626655417155 ], [ 2.408882435813887, 48.946580097850713 ], [ 2.409051949907599, 48.946440647145693 ], [ 2.409123638801561, 48.946259347524858 ], [ 2.409132126238992, 48.946233310461302 ], [ 2.409216530288238, 48.94601430397902 ], [ 2.409231945726381, 48.945979308320005 ], [ 2.409315630767889, 48.945943749796122 ], [ 2.409526931485536, 48.94585126642302 ], [ 2.411539701302982, 48.944973581436464 ], [ 2.411873103511981, 48.944827736815419 ], [ 2.412289869783634, 48.94467420653487 ], [ 2.412342385764457, 48.944617809770207 ], [ 2.412589104428992, 48.944410387551649 ], [ 2.412629282721847, 48.944358426560122 ], [ 2.412899465320634, 48.944007234822813 ], [ 2.412906392511082, 48.943998276011023 ], [ 2.413183498462793, 48.943638124700918 ], [ 2.413885692429219, 48.943110988283507 ], [ 2.413907716647933, 48.943094909028147 ], [ 2.41463029148549, 48.942575061903362 ], [ 2.415118613170254, 48.942368813780831 ], [ 2.416230105699384, 48.941982148019882 ], [ 2.416607810245344, 48.941656650642216 ], [ 2.41690613871081, 48.941470153634427 ], [ 2.417160767545098, 48.941406644161361 ], [ 2.417247018829185, 48.941384581625819 ], [ 2.417308618210022, 48.941369593399337 ], [ 2.417353237188156, 48.941286177647505 ], [ 2.417958233996378, 48.940166820206009 ], [ 2.417661461157476, 48.940093436613488 ], [ 2.417408259450442, 48.940030156106047 ], [ 2.417559812775355, 48.939905893146864 ], [ 2.417554382859018, 48.939903168930911 ], [ 2.417455390210171, 48.939844234857937 ], [ 2.417136704207361, 48.93965563596047 ], [ 2.417090585616307, 48.939629332649808 ], [ 2.417007873493777, 48.939579470133189 ], [ 2.416752923069265, 48.939428949788081 ], [ 2.416861813893129, 48.939213653011606 ], [ 2.416912063138654, 48.939114976935024 ], [ 2.416959541862437, 48.939019884463491 ], [ 2.416992997458807, 48.938957997034485 ], [ 2.417015351535972, 48.938912242597532 ], [ 2.417060039417724, 48.938822532162945 ], [ 2.417114473595721, 48.938715782821355 ], [ 2.417069992929875, 48.938665206935809 ], [ 2.417036301315635, 48.93862637412051 ], [ 2.416987766128768, 48.938572181367171 ], [ 2.416559123723341, 48.938086283905548 ], [ 2.415918662734823, 48.937379029251261 ], [ 2.415840464224548, 48.937292317349872 ], [ 2.416051469296888, 48.936857195057904 ], [ 2.41648591458956, 48.935972620942721 ], [ 2.416571101439685, 48.93580127310485 ], [ 2.416632499237808, 48.935681967664785 ], [ 2.416478051474141, 48.935700100702626 ], [ 2.416299004759411, 48.935720811585313 ], [ 2.415910832138191, 48.935766582368188 ], [ 2.41517685815543, 48.935852931241371 ], [ 2.414691652452904, 48.935909015934506 ], [ 2.413956410813316, 48.935986358346852 ], [ 2.413660268831928, 48.93573850706089 ], [ 2.413353078527471, 48.935502291546506 ], [ 2.413612567854659, 48.935368669254807 ], [ 2.414115082638382, 48.935108536724286 ], [ 2.414229037996716, 48.93504974117252 ], [ 2.41430865795515, 48.935009662631032 ], [ 2.415059182485944, 48.934664406799151 ], [ 2.415199190045508, 48.934594946079905 ], [ 2.415245849041105, 48.934572691701725 ], [ 2.41584927869091, 48.934319339085832 ], [ 2.415919422871608, 48.934272019019225 ], [ 2.416264715334717, 48.934154096814126 ], [ 2.416626455339694, 48.934029958696591 ], [ 2.416723734614129, 48.93399715874159 ], [ 2.417485555760154, 48.933737374317353 ], [ 2.417710259869283, 48.933661128009113 ], [ 2.41725564841183, 48.933425105005554 ], [ 2.416544263549602, 48.933082614352017 ], [ 2.416256673372229, 48.933046141890188 ], [ 2.415376880351017, 48.932994191412298 ], [ 2.41478937819457, 48.933046180330976 ], [ 2.414335247445659, 48.933011587764888 ], [ 2.413539530107172, 48.933008595899388 ], [ 2.413471277503218, 48.933009161173295 ], [ 2.413464493809879, 48.933005530841712 ], [ 2.413325948477456, 48.932945500032083 ], [ 2.412905742916933, 48.932807650539416 ], [ 2.412832528505165, 48.932764126263251 ], [ 2.412497904385706, 48.932662665903877 ], [ 2.412659133812868, 48.93252676508979 ], [ 2.413287549438882, 48.93211437418401 ], [ 2.413583419664238, 48.931899994172028 ], [ 2.414032058041331, 48.931573050653434 ], [ 2.41431400072927, 48.931382881336965 ], [ 2.414452787461582, 48.931299926085899 ], [ 2.415592929091606, 48.930650812253738 ], [ 2.41589665721783, 48.930464342479539 ], [ 2.416035307762409, 48.930393075390327 ], [ 2.41609275976703, 48.93038166462803 ], [ 2.417078232303928, 48.930377469330431 ], [ 2.417206723158952, 48.930360108564606 ], [ 2.417304005277208, 48.930326408791387 ], [ 2.418382620619501, 48.929926070947793 ], [ 2.418556679924415, 48.929861267771017 ], [ 2.418643082296105, 48.929823916975486 ], [ 2.418892544488673, 48.929728903377622 ], [ 2.41889939843979, 48.929726238757041 ], [ 2.419017280264131, 48.929680946762538 ], [ 2.41903372770686, 48.929674731502367 ], [ 2.419157098460984, 48.929626768123065 ], [ 2.41917079626947, 48.929622338087412 ], [ 2.419784866860553, 48.929387002151763 ], [ 2.419919184349105, 48.929336393125404 ], [ 2.420155480712697, 48.929565055902444 ], [ 2.420239153889948, 48.92964999354502 ], [ 2.420397877024071, 48.929613890625831 ], [ 2.420477143352176, 48.929604381836519 ], [ 2.420498999558887, 48.929602688957971 ], [ 2.420612394881308, 48.929592445826628 ], [ 2.420735193301657, 48.929595737318834 ], [ 2.420880982472388, 48.929618024779487 ], [ 2.421158713469553, 48.929680517983549 ], [ 2.42151526153454, 48.929773966719509 ], [ 2.421815905360184, 48.929862648248921 ], [ 2.421889183156268, 48.929900771733642 ], [ 2.422123314133355, 48.929956757342268 ], [ 2.422296250553266, 48.929992663241215 ], [ 2.422601380508508, 48.930046292293277 ], [ 2.422459676534404, 48.929901723902404 ], [ 2.422277509691385, 48.929713794583975 ], [ 2.422116930606665, 48.929548451180942 ], [ 2.422045417471983, 48.92947436492414 ], [ 2.421804233827791, 48.929193523756638 ], [ 2.421776848876664, 48.929201485194667 ], [ 2.421291670130059, 48.928647881036746 ], [ 2.421403708480047, 48.928636731319372 ], [ 2.421262301750392, 48.928466083427992 ], [ 2.421190881355346, 48.928383903446409 ], [ 2.421114092325451, 48.9282936039044 ], [ 2.421099280441904, 48.928275546626296 ], [ 2.420926737304836, 48.928082265692439 ], [ 2.420526690601219, 48.927484104778003 ], [ 2.420446160523166, 48.927362311582385 ], [ 2.420393938888372, 48.927272130294526 ], [ 2.420361797193406, 48.927217118307802 ], [ 2.420292175455952, 48.927096277026223 ], [ 2.420269436539424, 48.927054799802583 ], [ 2.420207692739974, 48.926961874475303 ], [ 2.420093608271252, 48.926789558517711 ], [ 2.420073428629852, 48.926763381518761 ], [ 2.420037093298294, 48.926717341997403 ], [ 2.419638572960866, 48.926228897806588 ], [ 2.419635873707388, 48.926226186869208 ], [ 2.419560495356909, 48.926132295802844 ], [ 2.419414947278375, 48.925967020944746 ], [ 2.419214844241689, 48.925676480368139 ], [ 2.419144916029589, 48.925583514689535 ], [ 2.418908573054002, 48.925238840470634 ], [ 2.418892438331731, 48.925217179289909 ], [ 2.418867012236825, 48.925172091531074 ], [ 2.418807902015703, 48.925088170961622 ], [ 2.418747296754117, 48.925015933863044 ], [ 2.418604594180229, 48.924840779442917 ], [ 2.41860057060887, 48.924834464895156 ], [ 2.41855176529107, 48.924805450821921 ], [ 2.418512452168977, 48.924781878527753 ], [ 2.418447211045201, 48.924758180386753 ], [ 2.418129019084609, 48.92441130848033 ], [ 2.417886505369513, 48.924131350730718 ], [ 2.417745802776045, 48.924021853014281 ], [ 2.417826757703114, 48.923982677599618 ], [ 2.417706206757921, 48.923779751537893 ], [ 2.417440112027358, 48.923412446912423 ], [ 2.417294940819761, 48.923214796358948 ], [ 2.417098883445072, 48.922930566114353 ], [ 2.416900008363859, 48.922654415373785 ], [ 2.416867842982586, 48.922602099942665 ], [ 2.416716135593376, 48.922379236545893 ], [ 2.416509057101344, 48.922104843645137 ], [ 2.416454209204084, 48.922006553728252 ], [ 2.416290032666421, 48.921800715473864 ], [ 2.415970246211113, 48.921477210565158 ], [ 2.415684173292084, 48.921189840808147 ], [ 2.415431711735035, 48.920947598908604 ], [ 2.415261306395438, 48.920810974179055 ], [ 2.414919588862084, 48.920497251304162 ], [ 2.413559112604396, 48.919405152523112 ], [ 2.413506373738415, 48.919362627543258 ], [ 2.413325368723999, 48.919440879275157 ], [ 2.413315959205389, 48.919428243080695 ], [ 2.413274197284419, 48.919380375982456 ], [ 2.41262154240996, 48.918810622552947 ], [ 2.412076372305803, 48.918390675706704 ], [ 2.411636723437238, 48.918052181017664 ], [ 2.411494452079942, 48.917963351298795 ], [ 2.411227606841587, 48.91766886983406 ], [ 2.411192558560193, 48.917630927164133 ], [ 2.411137287872094, 48.917571301987074 ], [ 2.411075256157336, 48.917506247770469 ], [ 2.411037519922623, 48.917464694651301 ], [ 2.410979541065628, 48.917403257485326 ], [ 2.410925594584952, 48.917347235890851 ], [ 2.410839135892604, 48.917270370579345 ], [ 2.410806705040285, 48.917242332910511 ], [ 2.410764886090122, 48.917199860319009 ], [ 2.410692031470763, 48.917126658980408 ], [ 2.410254449480964, 48.916727916013301 ], [ 2.410204475444521, 48.916682705167979 ], [ 2.410128760993787, 48.916621180225363 ], [ 2.410086127615888, 48.916650647107943 ], [ 2.409699614586684, 48.916923028858683 ], [ 2.409268986481273, 48.917234760850711 ], [ 2.409092776542285, 48.917371484242629 ], [ 2.40898162382341, 48.917426692347775 ], [ 2.408463013641961, 48.917675036565811 ], [ 2.407621026185204, 48.918041386424292 ], [ 2.406084449854813, 48.916616487765964 ], [ 2.406026405944655, 48.91656134287998 ], [ 2.405894089246999, 48.916438382374217 ], [ 2.405761773174597, 48.916315421708418 ], [ 2.405451215475409, 48.916028803586762 ], [ 2.404529062117862, 48.915173487646761 ], [ 2.404415647943428, 48.915068605241139 ], [ 2.404389992350313, 48.915045095930139 ], [ 2.404778322323402, 48.914853676691415 ], [ 2.405550675184283, 48.914488798988543 ], [ 2.407385106213666, 48.913954710643438 ], [ 2.40748641611793, 48.913924635572307 ], [ 2.407810878487435, 48.913708609421732 ], [ 2.407934610479705, 48.913626485430591 ], [ 2.40864949311282, 48.913152488219048 ], [ 2.408921703288264, 48.912971273714149 ], [ 2.40923376261579, 48.912765074684025 ], [ 2.409459357604581, 48.912603413631885 ], [ 2.409584540492133, 48.91251320132853 ], [ 2.409779720822042, 48.912386462460567 ], [ 2.409856723675057, 48.912333783093068 ], [ 2.410229344812037, 48.912080216780879 ], [ 2.410332431445971, 48.912013276697913 ], [ 2.410699346436675, 48.91178126400434 ], [ 2.410817571408985, 48.911702707048292 ], [ 2.411018294432493, 48.911567899649455 ], [ 2.411274035312716, 48.911393793051744 ], [ 2.411309710077354, 48.911375982347295 ], [ 2.41150197036083, 48.91126541365432 ], [ 2.410055344285236, 48.909857185904421 ], [ 2.410028365245189, 48.909830073960592 ], [ 2.408708148468999, 48.908470113313612 ], [ 2.40845192354038, 48.908207150843836 ], [ 2.408366980759709, 48.908118599543769 ], [ 2.408337305775845, 48.908088775939362 ], [ 2.408309950314051, 48.908094935947339 ], [ 2.408259383075098, 48.908102779893923 ], [ 2.406770771321301, 48.908358913043671 ], [ 2.406107789209365, 48.908473436697335 ], [ 2.406053118393662, 48.908482158672072 ], [ 2.405826844003874, 48.908584456460957 ], [ 2.405655424664148, 48.908661845494571 ], [ 2.405493595383142, 48.90873568466062 ], [ 2.405193281257254, 48.908869988692217 ], [ 2.404967003491574, 48.908972284820507 ], [ 2.40489979695698, 48.909003426588718 ], [ 2.404820271234089, 48.909038104324736 ], [ 2.404307377231362, 48.909269373787147 ], [ 2.404076962119814, 48.909375244853102 ], [ 2.4039768688651, 48.909418812736199 ], [ 2.403935715416261, 48.909438392639899 ], [ 2.402944198834067, 48.909884905040862 ], [ 2.402467637614244, 48.910158614847496 ], [ 2.402394836827673, 48.910201418223572 ], [ 2.400814057095882, 48.911108112471297 ], [ 2.400403383688417, 48.911345272026033 ], [ 2.400360182606414, 48.911305486495209 ], [ 2.400159071189354, 48.911116525485205 ], [ 2.399565150272455, 48.910562277610858 ], [ 2.398840333261878, 48.909884165067943 ], [ 2.398297886015738, 48.909364341999577 ], [ 2.398075222017528, 48.909152786216673 ], [ 2.398037450217128, 48.909115724943874 ], [ 2.397641823509983, 48.908760309598613 ], [ 2.397258375888978, 48.90841394713447 ], [ 2.396357797502087, 48.907603634803657 ], [ 2.396341594198169, 48.907589164259775 ], [ 2.395889509565353, 48.907163312118463 ], [ 2.394542775780072, 48.905892087507247 ], [ 2.394184922004968, 48.905577319209151 ], [ 2.39403502180363, 48.905446161383658 ], [ 2.393910852176373, 48.905331321088283 ], [ 2.393754289887253, 48.905186639548411 ], [ 2.393690825796874, 48.905130561236241 ], [ 2.393593583747375, 48.905046433340466 ], [ 2.393420727233996, 48.904895373667671 ], [ 2.393397778400257, 48.904874573364502 ], [ 2.393165531414061, 48.904669254012205 ], [ 2.392763308650454, 48.904300297721093 ], [ 2.392440774870038, 48.904000091643191 ], [ 2.392270705834414, 48.903844547726052 ], [ 2.392242354094453, 48.903819223218058 ], [ 2.392046673353196, 48.903637469025924 ], [ 2.392034522699167, 48.903626615641457 ], [ 2.391873920557456, 48.903478313622365 ], [ 2.391857730289929, 48.903462943161351 ], [ 2.39164852716406, 48.903271227182408 ], [ 2.391344871691727, 48.902990898504804 ], [ 2.391074963137076, 48.902741317081876 ], [ 2.39073625913869, 48.902425735402133 ], [ 2.390458277502236, 48.902167118258788 ], [ 2.390250469837102, 48.901973608038311 ], [ 2.390053417886918, 48.901793641853047 ], [ 2.390002143319272, 48.901745717244921 ], [ 2.389651239399106, 48.901424674140564 ], [ 2.389536521140195, 48.901319769377864 ], [ 2.389458357466269, 48.901238432935763 ], [ 2.389377160116284, 48.901183160999707 ], [ 2.389332400904479, 48.901161349320645 ], [ 2.389265395555089, 48.901175396644831 ], [ 2.388185332320258, 48.90138212175605 ], [ 2.385581611347943, 48.901930862589026 ], [ 2.385436663122644, 48.901960695504691 ], [ 2.385053788837778, 48.902038768999773 ], [ 2.384871915446143, 48.902076505440185 ], [ 2.384530045616337, 48.902147593358407 ], [ 2.383840066784666, 48.902125160249298 ], [ 2.383624527854534, 48.902125849847373 ], [ 2.383565863671847, 48.902126447243297 ], [ 2.383385842920003, 48.902122822653844 ], [ 2.38334493250573, 48.902121712718767 ], [ 2.383238559044115, 48.902119366375914 ], [ 2.383121273309046, 48.902116963735857 ], [ 2.383043533950848, 48.902115664006217 ], [ 2.382960349114634, 48.902113436860965 ], [ 2.382791240731128, 48.902109867595158 ], [ 2.382608492020509, 48.902106227778901 ], [ 2.382226626258509, 48.902098862883797 ], [ 2.382113443394347, 48.902095581107304 ], [ 2.382005706007042, 48.90209322663258 ], [ 2.381837951110512, 48.902090562315067 ], [ 2.381720665505001, 48.902088158303435 ], [ 2.381378356992869, 48.902080994896593 ], [ 2.381018326826202, 48.902072839614924 ], [ 2.3809733244, 48.902071707721596 ], [ 2.380817856626233, 48.902068206167314 ], [ 2.380616001028826, 48.902065363842482 ], [ 2.380427807195331, 48.902060793226838 ], [ 2.380371892524332, 48.902059604658376 ], [ 2.380350078692644, 48.902058592492835 ], [ 2.380268247390567, 48.902057269790845 ], [ 2.379856384301887, 48.902048842804959 ], [ 2.379775917060789, 48.902047526829193 ], [ 2.378720359464076, 48.902024969160159 ], [ 2.378709447205109, 48.902024912555433 ], [ 2.378071209021053, 48.902010808378918 ], [ 2.377807993861652, 48.902005844062685 ], [ 2.377416592050434, 48.901997514973779 ], [ 2.377349765264714, 48.901996268270935 ], [ 2.376618784463551, 48.901980774865535 ], [ 2.376564233996425, 48.901979591618904 ], [ 2.375345017135831, 48.901954353568641 ], [ 2.373859880662741, 48.901922317346951 ], [ 2.372706118136581, 48.901899193208784 ], [ 2.372582024082345, 48.901895845272101 ], [ 2.372163343377751, 48.901887356103835 ], [ 2.372073339233641, 48.901885085645795 ], [ 2.372017414094196, 48.901884792432497 ], [ 2.371864675537415, 48.901881293560017 ], [ 2.371846954028905, 48.901880301306399 ], [ 2.37184149791834, 48.901880272691066 ], [ 2.371646474533445, 48.901876551763017 ], [ 2.370961863164969, 48.901862166385143 ], [ 2.370535009708819, 48.901852729285601 ], [ 2.370301804653317, 48.901847906181665 ], [ 2.370007218452391, 48.90184275977537 ], [ 2.369979948807782, 48.90184171702181 ], [ 2.369937663990351, 48.901841494587302 ], [ 2.369767182472126, 48.901838799011848 ], [ 2.369103054303868, 48.901822712158655 ], [ 2.369021212759209, 48.901822281027542 ], [ 2.368937974485929, 48.901824540419362 ], [ 2.368883380747902, 48.901826950695408 ], [ 2.368749728027094, 48.901824447729986 ], [ 2.36831057722793, 48.901816736510803 ], [ 2.367964169356938, 48.901810412438046 ], [ 2.367666877395987, 48.901803447368962 ], [ 2.366830905114833, 48.901784641905351 ], [ 2.366369952440561, 48.901775009683469 ], [ 2.366177668838696, 48.901770395027675 ], [ 2.365619903608482, 48.901757549610579 ], [ 2.365340322639594, 48.901752471196481 ], [ 2.364009288677851, 48.901724726500554 ], [ 2.363766525654217, 48.901720739224601 ], [ 2.363601511934121, 48.901717164601159 ], [ 2.362408212914534, 48.901692831815517 ], [ 2.36229364613247, 48.901691322557028 ], [ 2.361150806042094, 48.901668145203679 ], [ 2.359457013639583, 48.90163301852467 ], [ 2.35940381688157, 48.9016327340115 ], [ 2.359291989425712, 48.901630337218158 ], [ 2.359158337671853, 48.901627823549461 ], [ 2.359120156203542, 48.901626719936218 ], [ 2.359086055722877, 48.901626537462825 ], [ 2.359038326122735, 48.9016253827292 ], [ 2.358972875349337, 48.901623233817844 ], [ 2.358895126260151, 48.901622817668674 ], [ 2.3588064871724, 48.901620544541956 ], [ 2.358702843883926, 48.901618191012155 ], [ 2.358573284246299, 48.901615698601013 ], [ 2.358518734573329, 48.90161450713525 ], [ 2.35843417648961, 48.90161315490419 ], [ 2.358409624151637, 48.901613023383703 ], [ 2.357731840008278, 48.901598598915243 ], [ 2.357641825897836, 48.901597216866442 ], [ 2.357403167112322, 48.901592339384656 ], [ 2.357214965931256, 48.901588631548627 ], [ 2.357044497008982, 48.901585018609133 ], [ 2.356865844004007, 48.901581361480766 ], [ 2.356621729293644, 48.901576453144038 ], [ 2.356448532417543, 48.90157282470188 ], [ 2.356261695392359, 48.901569122697055 ], [ 2.356046225156755, 48.90156436714112 ], [ 2.355788459304857, 48.901560283022015 ], [ 2.355527976592667, 48.90155528441462 ], [ 2.355238871856176, 48.901548332533835 ], [ 2.355047931814116, 48.901545505860852 ], [ 2.354979742130544, 48.901544239331258 ], [ 2.354835189819927, 48.901540762816389 ], [ 2.354638804910826, 48.901537006846688 ], [ 2.354513337718506, 48.901534532092924 ], [ 2.354411047659315, 48.901533081454495 ], [ 2.354259675337649, 48.901529567482946 ], [ 2.354153304404188, 48.901527195307871 ], [ 2.354078283528921, 48.901526790742402 ], [ 2.354021017179394, 48.901524683261641 ], [ 2.35390099494807, 48.901523136547674 ], [ 2.353806900185464, 48.901520830287929 ], [ 2.353749622689757, 48.901519621931492 ], [ 2.353669156931066, 48.901518288415915 ], [ 2.353505508562931, 48.901514707243187 ], [ 2.353314579909617, 48.90151097855275 ], [ 2.353155023634652, 48.901507418995607 ], [ 2.352983191245182, 48.901503792908812 ], [ 2.352848176106213, 48.901501264829832 ], [ 2.352604050967088, 48.901497247558211 ], [ 2.352490860100926, 48.901494837041668 ], [ 2.352419942516375, 48.901493554306143 ], [ 2.351983536160428, 48.901484898717442 ], [ 2.351919438674256, 48.901483652585455 ], [ 2.348300009855397, 48.901410953403989 ], [ 2.348077709681768, 48.901407045655773 ], [ 2.347714950134089, 48.901399674667331 ], [ 2.346634833599941, 48.901379398262485 ], [ 2.34571429581239, 48.901360883292121 ], [ 2.345415645397359, 48.901353855538765 ], [ 2.34517697756419, 48.901349852947597 ], [ 2.344984697418347, 48.901345204266981 ], [ 2.344505997924759, 48.901337189426322 ], [ 2.344128257927194, 48.901327926949563 ], [ 2.34410916179737, 48.901327822375343 ], [ 2.344055965436121, 48.901327531045389 ], [ 2.343914131142865, 48.90132495554333 ], [ 2.343792768335564, 48.901321592721168 ], [ 2.343755951427352, 48.90132049168308 ], [ 2.343363207588415, 48.90131114458152 ], [ 2.343269090987228, 48.901310628549346 ], [ 2.343207699250373, 48.901311191220103 ] ] ] ] } },
{ "type": "Feature", "properties": { "id_projet": "ecs-2025-04", "lib_ept": "Est Ensemble", "territoire": "T08", "dispositif": "BTP match", "thematique": "BTP Construction et aménagement circulaire", "nom_projet": "Convention d'engagements réciproques BTP Match", "nom_projet_carto": "Outil BTP Match", "description": "Convention d'engagements réciproques pour la mise à disposition et l'utilisation de l'outil BTP Match", "annee": "2025", "deliberation": "BM2025/02/04/16", "nom_beneficaire": "EPT Est Ensemble", "cat_beneficiaire": "EPT", "type_aide": "Accompagnement", "representation_carto": "Zone (surface)", "intermediaire": "Non", "financement_fim": "Non", "trophee_ECS": null, "competence": "Développement et d’aménagement économique, social et culturel" }, "geometry": { "type": "MultiPolygon", "coordinates": [ [ [ [ 2.419003508190376, 48.849391537265895 ], [ 2.418829087718946, 48.849390690152532 ], [ 2.417894674788962, 48.849352871635617 ], [ 2.417787074981873, 48.849347851328602 ], [ 2.41764441792118, 48.849309384297257 ], [ 2.417537049418504, 48.849283679811052 ], [ 2.416695289876827, 48.849247202287323 ], [ 2.416455543009338, 48.849238838395628 ], [ 2.416341130298895, 48.849233783557054 ], [ 2.416325962628902, 48.849371310324457 ], [ 2.41632160268741, 48.849395571540278 ], [ 2.416309956010981, 48.849462066716647 ], [ 2.416305626273584, 48.849483630023656 ], [ 2.416295473172902, 48.849538440914635 ], [ 2.416292566526906, 48.849554615055425 ], [ 2.416292395280993, 48.849569903189824 ], [ 2.416289448338903, 48.84958967453808 ], [ 2.416287995013767, 48.849597761608052 ], [ 2.416282181708712, 48.849630109887244 ], [ 2.416276408690785, 48.849658860957447 ], [ 2.416266154787504, 48.84972266485628 ], [ 2.416202227882441, 48.850076697205225 ], [ 2.416157072995074, 48.850336389210653 ], [ 2.41604752505516, 48.85099148096694 ], [ 2.416002207346146, 48.851265561510509 ], [ 2.415997857174139, 48.851288923372628 ], [ 2.415987602609048, 48.851352727154122 ], [ 2.415986159266819, 48.851359914907093 ], [ 2.415842449810515, 48.852144345428471 ], [ 2.415476353848527, 48.85416519193268 ], [ 2.415442850796509, 48.854357488617232 ], [ 2.415437076791709, 48.854386239524686 ], [ 2.415418129624173, 48.854495867330385 ], [ 2.415370655098158, 48.854718673482807 ], [ 2.415367717605381, 48.854737545419063 ], [ 2.415286455935682, 48.855177828333709 ], [ 2.415121455219413, 48.856157309442082 ], [ 2.415117043674978, 48.856186066948794 ], [ 2.414946756430613, 48.857271643839319 ], [ 2.414865052972925, 48.857750595161065 ], [ 2.414777613619787, 48.858254699816335 ], [ 2.41475298984724, 48.858384084958864 ], [ 2.414739673209084, 48.858477551619934 ], [ 2.414711878934123, 48.858646492357373 ], [ 2.414701692063774, 48.858704000544719 ], [ 2.414419985069012, 48.860242298110329 ], [ 2.414370428780845, 48.86064945777057 ], [ 2.414265538788356, 48.862098683375947 ], [ 2.414244353802721, 48.862285642638952 ], [ 2.414245595466344, 48.862296440808677 ], [ 2.414136707359646, 48.863373317846879 ], [ 2.414120439789225, 48.863486555066096 ], [ 2.414117481122137, 48.863507225403659 ], [ 2.4141053834727, 48.863613288301345 ], [ 2.414094840973361, 48.863702271343378 ], [ 2.414020883147006, 48.864218130237376 ], [ 2.414012057473055, 48.864275644750677 ], [ 2.413994203750113, 48.864408659562578 ], [ 2.413985388130426, 48.86446527477424 ], [ 2.413951255837118, 48.864712425919947 ], [ 2.413975532755114, 48.864977849794734 ], [ 2.413977335687162, 48.865181109189784 ], [ 2.413979138633278, 48.865384368547495 ], [ 2.414003064371064, 48.866044599988847 ], [ 2.414003527142931, 48.866124643334281 ], [ 2.414009854516087, 48.866289253144679 ], [ 2.414009328487379, 48.866336016134156 ], [ 2.414009710343824, 48.866423253763848 ], [ 2.414011728438983, 48.866486217281597 ], [ 2.413996810038715, 48.866721770678105 ], [ 2.413999182197129, 48.866753259103021 ], [ 2.413999020337852, 48.866767647709345 ], [ 2.413995798413295, 48.866811699467 ], [ 2.413994394833126, 48.866815289944405 ], [ 2.413981727024356, 48.867093123136051 ], [ 2.41396064494842, 48.867513010284192 ], [ 2.413956477652905, 48.86921633249775 ], [ 2.41393808585335, 48.8693970088529 ], [ 2.413930460508066, 48.869468918336686 ], [ 2.413932458389641, 48.869533680253639 ], [ 2.413932326856992, 48.869545370966819 ], [ 2.41392629738481, 48.86959660354718 ], [ 2.413918823766366, 48.869655023734303 ], [ 2.413868647460327, 48.870116136835712 ], [ 2.413837163536687, 48.87049100516856 ], [ 2.413832679230656, 48.870526057249563 ], [ 2.413812498274288, 48.870744496650978 ], [ 2.41378770426994, 48.870888268687928 ], [ 2.413720181761154, 48.871557941672947 ], [ 2.41370496704437, 48.871819573181654 ], [ 2.413699048431472, 48.87186091352428 ], [ 2.413691675458419, 48.871910340740705 ], [ 2.413660280284812, 48.872277114867821 ], [ 2.41365847160794, 48.872316676657888 ], [ 2.413649310091611, 48.872403867071654 ], [ 2.413646198880088, 48.872438026479635 ], [ 2.413431063629795, 48.873140250511511 ], [ 2.413149061161166, 48.874089462137746 ], [ 2.412940718869718, 48.874792616936809 ], [ 2.412820223511261, 48.875201221469133 ], [ 2.412719624294485, 48.875537976920349 ], [ 2.412668536044865, 48.875715793676385 ], [ 2.412453090020586, 48.876443193702109 ], [ 2.412208384325075, 48.876742368492479 ], [ 2.411648466507144, 48.877425806124585 ], [ 2.410820319151064, 48.878436175815359 ], [ 2.410682196515709, 48.878592878384545 ], [ 2.409929745359619, 48.879537962728428 ], [ 2.409415210652019, 48.88018204176997 ], [ 2.409359835767224, 48.88025551338977 ], [ 2.408440118802962, 48.880436233717219 ], [ 2.408354026028353, 48.88045289549202 ], [ 2.408280224879402, 48.880467819304016 ], [ 2.408068396152382, 48.880509939827526 ], [ 2.407856546632826, 48.880553858526945 ], [ 2.407411010438594, 48.880643385367279 ], [ 2.407174586520526, 48.880689879199572 ], [ 2.407077544145842, 48.880710083143043 ], [ 2.406917638313954, 48.8807425661781 ], [ 2.406761832965058, 48.880774169991717 ], [ 2.405612426937696, 48.881006790497217 ], [ 2.40457585141299, 48.881268739620431 ], [ 2.403965958291773, 48.881539999356278 ], [ 2.403709676262498, 48.881652937617481 ], [ 2.403654858139889, 48.881676946383926 ], [ 2.403494493982592, 48.88174899291014 ], [ 2.403467089977939, 48.881760547608877 ], [ 2.403232724957176, 48.881864600778812 ], [ 2.403158703907277, 48.881898406182081 ], [ 2.403047703077028, 48.881946416375527 ], [ 2.402905145386394, 48.882011356278944 ], [ 2.402629666381499, 48.882133189719454 ], [ 2.402540583986402, 48.882172315540629 ], [ 2.402247274312454, 48.882303052367817 ], [ 2.402025238063836, 48.882401768746711 ], [ 2.401737410896383, 48.882529833716305 ], [ 2.401507160545186, 48.882631206054434 ], [ 2.401343288081369, 48.882770681539832 ], [ 2.401008650422905, 48.883055892590313 ], [ 2.400979747165697, 48.883079130439512 ], [ 2.400581844136197, 48.883410788589721 ], [ 2.400508810029977, 48.883476972966669 ], [ 2.400492240382726, 48.883494876497572 ], [ 2.400106665255306, 48.883821198754852 ], [ 2.399964639527468, 48.884075895243299 ], [ 2.399893615779397, 48.884204142674697 ], [ 2.399797518782036, 48.884378129899865 ], [ 2.399745978178278, 48.884472300560702 ], [ 2.399686131518929, 48.884577221436118 ], [ 2.399523191633704, 48.884871382635431 ], [ 2.399498118211743, 48.884917122401198 ], [ 2.399486970997726, 48.884937750940963 ], [ 2.399467486685998, 48.884971827520566 ], [ 2.399280885994179, 48.885307238504232 ], [ 2.399251617609398, 48.885361950390411 ], [ 2.399247479471483, 48.885484237619025 ], [ 2.399241811713725, 48.885620906332051 ], [ 2.399232171719419, 48.885865473875171 ], [ 2.399227597744506, 48.886025530426309 ], [ 2.399224082004894, 48.886093861329805 ], [ 2.399220265375465, 48.886188271082034 ], [ 2.399215712086219, 48.886346529044403 ], [ 2.399206829247257, 48.886525449678821 ], [ 2.399208130623514, 48.886530852144155 ], [ 2.399202078751087, 48.886700793729169 ], [ 2.399196286232862, 48.88684825353171 ], [ 2.399189611731324, 48.887072151271887 ], [ 2.399183788008383, 48.887222308833813 ], [ 2.399174313465041, 48.887452487699981 ], [ 2.399171860301647, 48.887546904176567 ], [ 2.399169562774805, 48.887627831601051 ], [ 2.399139498914749, 48.888460452292485 ], [ 2.399135941386649, 48.888532380117411 ], [ 2.399119799374466, 48.888631224412109 ], [ 2.399111305942041, 48.888658161415044 ], [ 2.398941654577953, 48.889532348767588 ], [ 2.398903121545698, 48.889680543151641 ], [ 2.398772315958186, 48.890260847025381 ], [ 2.398769474282695, 48.890270725272352 ], [ 2.398236114786816, 48.892640448596261 ], [ 2.397999442600821, 48.893528683843947 ], [ 2.397882252664049, 48.893873432313917 ], [ 2.397770121226809, 48.894252380029876 ], [ 2.397667826349162, 48.894606196143954 ], [ 2.397609202840062, 48.89472191303625 ], [ 2.397390853554831, 48.895085936727469 ], [ 2.39719202218758, 48.895413186229725 ], [ 2.397044568009203, 48.895661554263434 ], [ 2.397007087405705, 48.895718022408651 ], [ 2.396943120266673, 48.895823819498531 ], [ 2.396919496928808, 48.895861471771859 ], [ 2.396806731051419, 48.896058753152687 ], [ 2.396738494301982, 48.896179816952134 ], [ 2.396703678235644, 48.89624169429036 ], [ 2.396700898365535, 48.89624617686043 ], [ 2.396539383644063, 48.896530445858595 ], [ 2.396015721245966, 48.897462193503173 ], [ 2.395985193446681, 48.89750700523259 ], [ 2.395964379956462, 48.89753747692793 ], [ 2.395962901268385, 48.89754736192188 ], [ 2.395932258596785, 48.897602065506909 ], [ 2.39590580153408, 48.897648696371121 ], [ 2.395866808247499, 48.897717746831816 ], [ 2.395840361503268, 48.897763478415605 ], [ 2.395838966272525, 48.897766169318025 ], [ 2.395794454489601, 48.897840587790881 ], [ 2.395786062202647, 48.897858531722477 ], [ 2.395761000117235, 48.897902471642297 ], [ 2.39571642547791, 48.89798228564176 ], [ 2.395713634991735, 48.897987667442607 ], [ 2.395669185473697, 48.898056690289359 ], [ 2.395613354583406, 48.898166124780452 ], [ 2.395610584956598, 48.898169708056692 ], [ 2.39551809460183, 48.898264568471149 ], [ 2.39505542823846, 48.898522133856886 ], [ 2.394629782616, 48.898762797606949 ], [ 2.394390875859686, 48.898897386012258 ], [ 2.393878739782337, 48.899185273228603 ], [ 2.39343385155966, 48.899437526313058 ], [ 2.392789745940771, 48.899811973628928 ], [ 2.392723865964705, 48.899846712778235 ], [ 2.392637421313149, 48.899890340726031 ], [ 2.3924465794339, 48.89999639091716 ], [ 2.392379314021242, 48.90003292146951 ], [ 2.392198039985451, 48.900137221172812 ], [ 2.391967367584054, 48.900266450554867 ], [ 2.3917723049084, 48.90038326996315 ], [ 2.391672092544934, 48.90043761902448 ], [ 2.391492232236025, 48.900537428257152 ], [ 2.391441406994441, 48.900567746616382 ], [ 2.391379606639099, 48.900603405052451 ], [ 2.39133010320764, 48.90063732732699 ], [ 2.391249196196808, 48.900673787903202 ], [ 2.391196964614367, 48.900707696254777 ], [ 2.391132383335479, 48.900747836982504 ], [ 2.39107744463727, 48.90077993289507 ], [ 2.391007512366607, 48.900811053232751 ], [ 2.390837239618766, 48.900907312964584 ], [ 2.390648764868562, 48.900927038368962 ], [ 2.389418534011639, 48.901144701539103 ], [ 2.389332400904479, 48.901161349320645 ], [ 2.389377160116284, 48.901183160999707 ], [ 2.389458357466269, 48.901238432935763 ], [ 2.389536521140195, 48.901319769377864 ], [ 2.389651239399106, 48.901424674140564 ], [ 2.390002143319272, 48.901745717244921 ], [ 2.390053417886918, 48.901793641853047 ], [ 2.390250469837102, 48.901973608038311 ], [ 2.390458277502236, 48.902167118258788 ], [ 2.39073625913869, 48.902425735402133 ], [ 2.391074963137076, 48.902741317081876 ], [ 2.391344871691727, 48.902990898504804 ], [ 2.39164852716406, 48.903271227182408 ], [ 2.391857730289929, 48.903462943161351 ], [ 2.391873920557456, 48.903478313622365 ], [ 2.392034522699167, 48.903626615641457 ], [ 2.392046673353196, 48.903637469025924 ], [ 2.392242354094453, 48.903819223218058 ], [ 2.392270705834414, 48.903844547726052 ], [ 2.392440774870038, 48.904000091643191 ], [ 2.392763308650454, 48.904300297721093 ], [ 2.393165531414061, 48.904669254012205 ], [ 2.393397778400257, 48.904874573364502 ], [ 2.393420727233996, 48.904895373667671 ], [ 2.393593583747375, 48.905046433340466 ], [ 2.393690825796874, 48.905130561236241 ], [ 2.393754289887253, 48.905186639548411 ], [ 2.393910852176373, 48.905331321088283 ], [ 2.39403502180363, 48.905446161383658 ], [ 2.394184922004968, 48.905577319209151 ], [ 2.394542775780072, 48.905892087507247 ], [ 2.395889509565353, 48.907163312118463 ], [ 2.396341594198169, 48.907589164259775 ], [ 2.396357797502087, 48.907603634803657 ], [ 2.397258375888978, 48.90841394713447 ], [ 2.397641823509983, 48.908760309598613 ], [ 2.398037450217128, 48.909115724943874 ], [ 2.398075222017528, 48.909152786216673 ], [ 2.398297886015738, 48.909364341999577 ], [ 2.398840333261878, 48.909884165067943 ], [ 2.399565150272455, 48.910562277610858 ], [ 2.400159071189354, 48.911116525485205 ], [ 2.400360182606414, 48.911305486495209 ], [ 2.400403383688417, 48.911345272026033 ], [ 2.400814057095882, 48.911108112471297 ], [ 2.402394836827673, 48.910201418223572 ], [ 2.402467637614244, 48.910158614847496 ], [ 2.402944198834067, 48.909884905040862 ], [ 2.403935715416261, 48.909438392639899 ], [ 2.4039768688651, 48.909418812736199 ], [ 2.404076962119814, 48.909375244853102 ], [ 2.404307377231362, 48.909269373787147 ], [ 2.404820271234089, 48.909038104324736 ], [ 2.40489979695698, 48.909003426588718 ], [ 2.404967003491574, 48.908972284820507 ], [ 2.405193281257254, 48.908869988692217 ], [ 2.405493595383142, 48.90873568466062 ], [ 2.405655424664148, 48.908661845494571 ], [ 2.405826844003874, 48.908584456460957 ], [ 2.406053118393662, 48.908482158672072 ], [ 2.406107789209365, 48.908473436697335 ], [ 2.406770771321301, 48.908358913043671 ], [ 2.408259383075098, 48.908102779893923 ], [ 2.408309950314051, 48.908094935947339 ], [ 2.408337305775845, 48.908088775939362 ], [ 2.408366980759709, 48.908118599543769 ], [ 2.40845192354038, 48.908207150843836 ], [ 2.408708148468999, 48.908470113313612 ], [ 2.410028365245189, 48.909830073960592 ], [ 2.410055344285236, 48.909857185904421 ], [ 2.41150197036083, 48.91126541365432 ], [ 2.411309710077354, 48.911375982347295 ], [ 2.411274035312716, 48.911393793051744 ], [ 2.411018294432493, 48.911567899649455 ], [ 2.410817571408985, 48.911702707048292 ], [ 2.410699346436675, 48.91178126400434 ], [ 2.410332431445971, 48.912013276697913 ], [ 2.410229344812037, 48.912080216780879 ], [ 2.409856723675057, 48.912333783093068 ], [ 2.409779720822042, 48.912386462460567 ], [ 2.409584540492133, 48.91251320132853 ], [ 2.409459357604581, 48.912603413631885 ], [ 2.40923376261579, 48.912765074684025 ], [ 2.408921703288264, 48.912971273714149 ], [ 2.40864949311282, 48.913152488219048 ], [ 2.407934610479705, 48.913626485430591 ], [ 2.407810878487435, 48.913708609421732 ], [ 2.40748641611793, 48.913924635572307 ], [ 2.407385106213666, 48.913954710643438 ], [ 2.405550675184283, 48.914488798988543 ], [ 2.404778322323402, 48.914853676691415 ], [ 2.404389992350313, 48.915045095930139 ], [ 2.404415647943428, 48.915068605241139 ], [ 2.404529062117862, 48.915173487646761 ], [ 2.405451215475409, 48.916028803586762 ], [ 2.405761773174597, 48.916315421708418 ], [ 2.405894089246999, 48.916438382374217 ], [ 2.406026405944655, 48.91656134287998 ], [ 2.406084449854813, 48.916616487765964 ], [ 2.407621026185204, 48.918041386424292 ], [ 2.408463013641961, 48.917675036565811 ], [ 2.40898162382341, 48.917426692347775 ], [ 2.409092776542285, 48.917371484242629 ], [ 2.409268986481273, 48.917234760850711 ], [ 2.409699614586684, 48.916923028858683 ], [ 2.410086127615888, 48.916650647107943 ], [ 2.410128760993787, 48.916621180225363 ], [ 2.410204475444521, 48.916682705167979 ], [ 2.410254449480964, 48.916727916013301 ], [ 2.410692031470763, 48.917126658980408 ], [ 2.410764886090122, 48.917199860319009 ], [ 2.410806705040285, 48.917242332910511 ], [ 2.410839135892604, 48.917270370579345 ], [ 2.410925594584952, 48.917347235890851 ], [ 2.410979541065628, 48.917403257485326 ], [ 2.411037519922623, 48.917464694651301 ], [ 2.411075256157336, 48.917506247770469 ], [ 2.411137287872094, 48.917571301987074 ], [ 2.411192558560193, 48.917630927164133 ], [ 2.411227606841587, 48.91766886983406 ], [ 2.411494452079942, 48.917963351298795 ], [ 2.411636723437238, 48.918052181017664 ], [ 2.412076372305803, 48.918390675706704 ], [ 2.41262154240996, 48.918810622552947 ], [ 2.413274197284419, 48.919380375982456 ], [ 2.413315959205389, 48.919428243080695 ], [ 2.413325368723999, 48.919440879275157 ], [ 2.413506373738415, 48.919362627543258 ], [ 2.413923751589604, 48.919136249133366 ], [ 2.414317484338446, 48.918949322620037 ], [ 2.414531385396141, 48.918857740702627 ], [ 2.414860296026759, 48.918731647646204 ], [ 2.41494663202295, 48.918698795359361 ], [ 2.415050726279903, 48.918664231121575 ], [ 2.415572549860284, 48.918492314461083 ], [ 2.416139528479134, 48.918308924740131 ], [ 2.416350442635116, 48.918239807369289 ], [ 2.416486028570506, 48.918195503039087 ], [ 2.416872177053649, 48.918075078949499 ], [ 2.417199611902397, 48.91795796520109 ], [ 2.417522861334106, 48.917848923861364 ], [ 2.417728313986626, 48.917779777501487 ], [ 2.418029730041562, 48.917670628675346 ], [ 2.418114677719895, 48.917639565938828 ], [ 2.418813217061385, 48.917403743966709 ], [ 2.418891261304698, 48.917379841551991 ], [ 2.419234940053718, 48.917273592543317 ], [ 2.419748248469691, 48.917128595203508 ], [ 2.420276452561759, 48.916993559989621 ], [ 2.420982459612425, 48.916820712161076 ], [ 2.421470919186306, 48.916700767614564 ], [ 2.421528424853728, 48.916683059369298 ], [ 2.421942524019592, 48.916623905955568 ], [ 2.422549833538042, 48.916491040951847 ], [ 2.422850833100044, 48.916417849784402 ], [ 2.422874087996879, 48.916412566033245 ], [ 2.423025946858143, 48.916376426329556 ], [ 2.423304994907997, 48.916313919853813 ], [ 2.423482826816264, 48.916273408110662 ], [ 2.424350072125312, 48.916077934508976 ], [ 2.424761732652679, 48.915991780754915 ], [ 2.424842421346718, 48.91597508152244 ], [ 2.425017482352828, 48.915938151382335 ], [ 2.425686263318358, 48.915797471811693 ], [ 2.426230722014248, 48.915670581907214 ], [ 2.426338895904848, 48.915636027369409 ], [ 2.428306578052154, 48.915252440585327 ], [ 2.42844605153409, 48.915225227869485 ], [ 2.428641583091489, 48.915187490794587 ], [ 2.428723613934567, 48.915172593941612 ], [ 2.428794719795863, 48.915158544240789 ], [ 2.428930089756003, 48.915132210692981 ], [ 2.429096899548612, 48.91510063103852 ], [ 2.429292420304603, 48.915063792146611 ], [ 2.429348507819509, 48.915050569869727 ], [ 2.429490768122414, 48.915017973432626 ], [ 2.429540004070433, 48.915007416327995 ], [ 2.429665842320007, 48.914979237968637 ], [ 2.429877843111635, 48.914932584312368 ], [ 2.429999656811144, 48.91489809137353 ], [ 2.430158436491941, 48.914852083288366 ], [ 2.430632409117087, 48.914680772540407 ], [ 2.430840609752848, 48.914607120213255 ], [ 2.430943330732685, 48.91457163630659 ], [ 2.431473404127207, 48.914385300628958 ], [ 2.431504902356549, 48.914374658538541 ], [ 2.431922652663438, 48.91422825616354 ], [ 2.432218502086945, 48.914124440912225 ], [ 2.433397775360636, 48.91371095164601 ], [ 2.433610123978035, 48.913756920640068 ], [ 2.433650956529852, 48.913766106653611 ], [ 2.433769380795383, 48.913791846762798 ], [ 2.433971382533259, 48.9137856069676 ], [ 2.434035526437642, 48.913784111421378 ], [ 2.434071009257789, 48.913783379748175 ], [ 2.434295612685724, 48.913706201691795 ], [ 2.434301089617773, 48.913704428959626 ], [ 2.434410510908655, 48.913679765276626 ], [ 2.434749737738216, 48.913601328867934 ], [ 2.434923458441326, 48.913560780730599 ], [ 2.43496859888348, 48.913550202074617 ], [ 2.435020580538758, 48.913537857070551 ], [ 2.436103925648073, 48.913285762224191 ], [ 2.436268113386443, 48.913243368667942 ], [ 2.436310544092293, 48.913230978159746 ], [ 2.436885198812401, 48.913082598722625 ], [ 2.437008671882465, 48.913146129873567 ], [ 2.438297643692688, 48.913814063119545 ], [ 2.439308493834239, 48.914337692494193 ], [ 2.439349201910678, 48.914358566823431 ], [ 2.439575791755388, 48.914476535522937 ], [ 2.439678912392544, 48.914530076343183 ], [ 2.439814603878021, 48.914599956703796 ], [ 2.439821387009963, 48.914603585605285 ], [ 2.439874307085661, 48.914630811922464 ], [ 2.439881090225785, 48.914634440820464 ], [ 2.440014053509616, 48.914704308190558 ], [ 2.440174178887227, 48.914785993182569 ], [ 2.440326157188523, 48.91486404270897 ], [ 2.440385851332772, 48.914895796915843 ], [ 2.440452338436984, 48.914930280706102 ], [ 2.440456412235913, 48.914932098324478 ], [ 2.440488973634026, 48.914949337018193 ], [ 2.440493047435726, 48.914951154635304 ], [ 2.440545958549343, 48.914979279897622 ], [ 2.440651800278265, 48.915033731848936 ], [ 2.440688435621164, 48.915052788098251 ], [ 2.440896036404362, 48.915160773293088 ], [ 2.440917750633494, 48.915171666174231 ], [ 2.44098288371606, 48.915205244043754 ], [ 2.440988312281672, 48.915207967260407 ], [ 2.441105012093881, 48.915267865232053 ], [ 2.441266540819778, 48.915219157419912 ], [ 2.441285709806449, 48.91521295174941 ], [ 2.441414377133766, 48.915174882026342 ], [ 2.441418479940959, 48.91517400186018 ], [ 2.441549895142208, 48.915134146211948 ], [ 2.441689544676105, 48.91508983231553 ], [ 2.44188939071323, 48.915030510675443 ], [ 2.441929092775562, 48.915018105485501 ], [ 2.442055020749539, 48.914980921606976 ], [ 2.442067338732919, 48.914977381791118 ], [ 2.442090610314813, 48.914970295801787 ], [ 2.442116629929155, 48.914961424013441 ], [ 2.442321961407217, 48.914899429306246 ], [ 2.442582050454403, 48.914820602416576 ], [ 2.44259436836399, 48.914817062545957 ], [ 2.442619013809166, 48.914809083550139 ], [ 2.44293111178903, 48.914715209833119 ], [ 2.443188460629343, 48.914637268176222 ], [ 2.443228162082032, 48.914624862551364 ], [ 2.443297985480911, 48.914602704635222 ], [ 2.44330346220063, 48.914600931492977 ], [ 2.443671698649395, 48.914488431478759 ], [ 2.443753820200545, 48.914464531812904 ], [ 2.443767511923961, 48.914460098904158 ], [ 2.443774352979296, 48.91445833207478 ], [ 2.443803110393935, 48.914448573333885 ], [ 2.44391946587606, 48.914413141638548 ], [ 2.444024867856831, 48.914381256181002 ], [ 2.444249372677378, 48.914312152769043 ], [ 2.444254849334106, 48.91431037958283 ], [ 2.444364372789531, 48.914275815056548 ], [ 2.444371213800377, 48.914274048192823 ], [ 2.444742193534538, 48.914159759006964 ], [ 2.44480927735508, 48.914138486805008 ], [ 2.444818866235192, 48.914134934057842 ], [ 2.444885930808937, 48.914115460315742 ], [ 2.445002294398842, 48.914079128306227 ], [ 2.445126863136741, 48.914041035594494 ], [ 2.445464999264274, 48.913935584998889 ], [ 2.445470466258361, 48.913934711008281 ], [ 2.445714135193239, 48.91385939847229 ], [ 2.44582364715496, 48.913825731849556 ], [ 2.44595095295705, 48.913786751642618 ], [ 2.446203912575402, 48.913735762073465 ], [ 2.446279104795841, 48.913721720897961 ], [ 2.44632286915479, 48.913712030911448 ], [ 2.446385753488589, 48.913700630674192 ], [ 2.446393958702237, 48.913698869998854 ], [ 2.446585388030294, 48.913660185419829 ], [ 2.446720745088004, 48.913633831734472 ], [ 2.446726212029307, 48.913632957686332 ], [ 2.446808254360493, 48.913616249925525 ], [ 2.446824664732039, 48.913612728516156 ], [ 2.446843803790828, 48.913609219703851 ], [ 2.446883455802343, 48.913601309116963 ], [ 2.447310057637857, 48.913516046236154 ], [ 2.447385249242428, 48.913502004363572 ], [ 2.447500102178273, 48.913479152399383 ], [ 2.447614945468804, 48.91345719957701 ], [ 2.448118100462, 48.913357898031734 ], [ 2.448232962291801, 48.913334146109428 ], [ 2.448376522751902, 48.91330602974292 ], [ 2.448589816647385, 48.913263845449677 ], [ 2.448673222133893, 48.913247142685819 ], [ 2.448738843586463, 48.913234854513462 ], [ 2.448808586583922, 48.913219887378858 ], [ 2.44906425979481, 48.913169803550844 ], [ 2.44930744419052, 48.913139446292753 ], [ 2.449318368367225, 48.913138597212154 ], [ 2.449427657680044, 48.913125610087292 ], [ 2.449638059661217, 48.913098698678475 ], [ 2.449653076818977, 48.91309786837072 ], [ 2.449747339302939, 48.913086610514362 ], [ 2.449766468463987, 48.913084000486286 ], [ 2.449949535968837, 48.913061459463563 ], [ 2.450442717606568, 48.912872172702379 ], [ 2.451256360385616, 48.912569242233921 ], [ 2.451409770642493, 48.91251238984794 ], [ 2.452182255205598, 48.912229948389879 ], [ 2.452337273787059, 48.912149720437938 ], [ 2.452722128693171, 48.912010289578625 ], [ 2.452775582361639, 48.911987152038193 ], [ 2.453201845700316, 48.9118020446112 ], [ 2.453411565493318, 48.911709474755064 ], [ 2.453610313550548, 48.911622250269964 ], [ 2.454104005858768, 48.911381690676585 ], [ 2.454362075681057, 48.911231784403057 ], [ 2.45439089531633, 48.91121572830847 ], [ 2.454627003105331, 48.911078311588639 ], [ 2.455036062961741, 48.910840959941481 ], [ 2.455189699323055, 48.910761621245108 ], [ 2.455520548880147, 48.910566179189722 ], [ 2.455565974140342, 48.910527715825985 ], [ 2.455943573496542, 48.910427810651868 ], [ 2.456438726267038, 48.91095974495844 ], [ 2.456745272207279, 48.910870306438575 ], [ 2.457860565301645, 48.910548014607656 ], [ 2.458250626059487, 48.910954463258712 ], [ 2.458428773629282, 48.911141423363141 ], [ 2.458485455939493, 48.91120103323253 ], [ 2.458537886485213, 48.91127591190844 ], [ 2.458636255308366, 48.911262867028483 ], [ 2.458789186103847, 48.91125096787966 ], [ 2.458903823386036, 48.911247888548083 ], [ 2.460640186583654, 48.911686482176904 ], [ 2.460686460827755, 48.911697482072526 ], [ 2.460740883601436, 48.911712115818204 ], [ 2.460837506457736, 48.911735932443783 ], [ 2.461266217596145, 48.91183858240484 ], [ 2.461286635557085, 48.91184317070811 ], [ 2.461358803865779, 48.911856984672212 ], [ 2.461366989668992, 48.911857021478035 ], [ 2.461458341975779, 48.911862827966942 ], [ 2.461503345290626, 48.911864828864132 ], [ 2.461577008229048, 48.911866059262131 ], [ 2.461679684233731, 48.911832347424841 ], [ 2.461813385628064, 48.911832948158136 ], [ 2.461839298028929, 48.911833963864417 ], [ 2.462116250933029, 48.91183520770597 ], [ 2.462536158201233, 48.911865869847524 ], [ 2.462944910288296, 48.911919862213352 ], [ 2.463085080912466, 48.911954663792812 ], [ 2.463109564160149, 48.911961967893397 ], [ 2.463162632863331, 48.911975695166127 ], [ 2.463637486767901, 48.912102824357007 ], [ 2.463644261967866, 48.912107351172601 ], [ 2.463680838801416, 48.912132695224678 ], [ 2.464004556128012, 48.912362565256501 ], [ 2.464009976340481, 48.912366186691536 ], [ 2.464658654493471, 48.91283851961073 ], [ 2.464937764332867, 48.913028618591675 ], [ 2.465099666932217, 48.913073407068573 ], [ 2.465213993684485, 48.91310089634198 ], [ 2.465329666415219, 48.913130190102805 ], [ 2.465375952171507, 48.913140288918356 ], [ 2.46544939533663, 48.913163099030591 ], [ 2.465503793276032, 48.913180428354877 ], [ 2.465517325812188, 48.913191280273665 ], [ 2.465693064654268, 48.913350340146721 ], [ 2.465789046688383, 48.913437100512134 ], [ 2.465868795341462, 48.913510298992556 ], [ 2.466662135668631, 48.913982366021578 ], [ 2.466755806388381, 48.914028647011513 ], [ 2.466761236179543, 48.914031369063125 ], [ 2.466980418931038, 48.914079107761502 ], [ 2.467049853922927, 48.914093805381526 ], [ 2.467259505084614, 48.914139702572839 ], [ 2.467289180456529, 48.914173108420016 ], [ 2.467205475661794, 48.914219499488695 ], [ 2.467120480014077, 48.914258690402214 ], [ 2.467005145869254, 48.914329221579145 ], [ 2.467102569927543, 48.914408792859227 ], [ 2.467283091999206, 48.914501323704798 ], [ 2.467527777046299, 48.914590542287243 ], [ 2.467650119884443, 48.914635151388332 ], [ 2.467656923358201, 48.914636980207518 ], [ 2.467684192445434, 48.91463889996254 ], [ 2.46774965481718, 48.914641888693772 ], [ 2.46778646533467, 48.914644750108934 ], [ 2.467884599151097, 48.914655078252949 ], [ 2.467941838532488, 48.914661627530712 ], [ 2.468079511716672, 48.914674828988801 ], [ 2.46808496002645, 48.914675752472846 ], [ 2.46816394675555, 48.914690491842819 ], [ 2.468434933966799, 48.914742954264298 ], [ 2.468707276922556, 48.914796321373871 ], [ 2.468723621924049, 48.914799091739255 ], [ 2.468740113802238, 48.914787474055451 ], [ 2.46880330659443, 48.914745487462177 ], [ 2.46884594186581, 48.914712402629895 ], [ 2.468955706756188, 48.914652636551423 ], [ 2.469057420190551, 48.914713340048301 ], [ 2.469129053337386, 48.914780205221547 ], [ 2.46913446498535, 48.914784725669655 ], [ 2.469229366158628, 48.914844499531171 ], [ 2.469492369168535, 48.915011134440377 ], [ 2.469536999710391, 48.915050001678495 ], [ 2.469612956214105, 48.91509440334675 ], [ 2.4698639295276, 48.915236703217545 ], [ 2.469965718431575, 48.915290211889811 ], [ 2.470620612455358, 48.915696889987153 ], [ 2.470640950431622, 48.915709569950742 ], [ 2.470678888460959, 48.915735817063087 ], [ 2.470693759705973, 48.915749372156704 ], [ 2.470715379813059, 48.915770151405574 ], [ 2.471048931697306, 48.91557467942242 ], [ 2.471179326317912, 48.91549881516648 ], [ 2.471217757863188, 48.91547650247626 ], [ 2.471257151773957, 48.915493762907715 ], [ 2.471395680897983, 48.915557324707507 ], [ 2.471399755826392, 48.915559141272489 ], [ 2.471831690724593, 48.915752595613007 ], [ 2.472203859319245, 48.915919705585303 ], [ 2.472353269543374, 48.915986911347851 ], [ 2.472480767526197, 48.916062114068929 ], [ 2.472494384301802, 48.916064871901291 ], [ 2.472552862629732, 48.916084014505302 ], [ 2.472559666465176, 48.916085843043618 ], [ 2.47277195912551, 48.916141634290987 ], [ 2.472901241478095, 48.916175476962358 ], [ 2.473008729767677, 48.916205626460389 ], [ 2.473758195107374, 48.916439139536024 ], [ 2.4739717640215, 48.916503927151496 ], [ 2.474042714060833, 48.916504238645864 ], [ 2.47420512592796, 48.916500455070931 ], [ 2.474471361105408, 48.916484536652547 ], [ 2.474525974360651, 48.916481179031848 ], [ 2.474677479812375, 48.916476447689071 ], [ 2.475485698754687, 48.916432326331261 ], [ 2.475442314500881, 48.916810738159533 ], [ 2.47542722892675, 48.916953659442598 ], [ 2.475434445651803, 48.917049915210264 ], [ 2.475445116424296, 48.917074242794293 ], [ 2.475477409775722, 48.917119348740584 ], [ 2.475500387739344, 48.9171410323248 ], [ 2.475694071293442, 48.917283968074706 ], [ 2.4756267060916, 48.917334033551306 ], [ 2.475560505836933, 48.917403888489012 ], [ 2.475519046754642, 48.917455865878331 ], [ 2.475462478932024, 48.917517669304281 ], [ 2.475158586425766, 48.917749254766449 ], [ 2.475109103181945, 48.917785009617191 ], [ 2.47494134191709, 48.917912873095716 ], [ 2.47493171810501, 48.91792002524452 ], [ 2.474476530796174, 48.91826965210096 ], [ 2.474388541668917, 48.918334914318045 ], [ 2.474369048491921, 48.918373498281632 ], [ 2.474476569415448, 48.918400948650699 ], [ 2.474603147698322, 48.918432978944629 ], [ 2.474675228824028, 48.918456676556779 ], [ 2.474977244122413, 48.918547030107966 ], [ 2.475128229489972, 48.918594454720996 ], [ 2.476052969607877, 48.918906958652059 ], [ 2.476034993142778, 48.919066054301439 ], [ 2.477028874903232, 48.920239472293574 ], [ 2.478341920646598, 48.92007163358371 ], [ 2.478783254401101, 48.920014201223815 ], [ 2.479176757156111, 48.919963753641923 ], [ 2.479406301576907, 48.919934175413019 ], [ 2.479478710790081, 48.919925497121085 ], [ 2.479410337963547, 48.919667104209694 ], [ 2.479387411144056, 48.9192308494342 ], [ 2.479380195767583, 48.918724518163934 ], [ 2.479442403730317, 48.918371367597402 ], [ 2.479847975929221, 48.918340754607634 ], [ 2.479893030489839, 48.918338252330351 ], [ 2.480543031133246, 48.918289812728403 ], [ 2.482028972504962, 48.918155956787444 ], [ 2.482184647137144, 48.918144039646094 ], [ 2.482206840961355, 48.918244856023129 ], [ 2.482260359702898, 48.918488794804318 ], [ 2.48294276154105, 48.918337963188016 ], [ 2.484416933299388, 48.918014276733963 ], [ 2.484671293640668, 48.917957816509066 ], [ 2.484924271167163, 48.917903148378421 ], [ 2.485338628008912, 48.917811402873539 ], [ 2.485481722577237, 48.917967594609266 ], [ 2.485704397333358, 48.91821765389227 ], [ 2.485840689515185, 48.918372017352901 ], [ 2.485970275588326, 48.918514661101703 ], [ 2.486122801040501, 48.918683482462811 ], [ 2.486297481415185, 48.91868153367529 ], [ 2.486902062378781, 48.918672433568773 ], [ 2.487027630195428, 48.918669374092666 ], [ 2.487712759586088, 48.918656118289668 ], [ 2.488109921109223, 48.918647923615332 ], [ 2.488681789153005, 48.91863507760695 ], [ 2.488685251479406, 48.918560451396203 ], [ 2.488791341123123, 48.9184565865704 ], [ 2.488982769494939, 48.918277545364006 ], [ 2.489132626921256, 48.918163075412032 ], [ 2.489608972909351, 48.917871937228817 ], [ 2.490089116157429, 48.9176104898185 ], [ 2.490262032783922, 48.917509605887084 ], [ 2.490375555299711, 48.917482210839381 ], [ 2.491328926865143, 48.91738554187657 ], [ 2.49138074076807, 48.917389359009533 ], [ 2.491427026577188, 48.917400346972535 ], [ 2.491441780671462, 48.917426489004058 ], [ 2.49155633911935, 48.917292981037242 ], [ 2.491824088837262, 48.91698206338927 ], [ 2.491872590510554, 48.91690582944193 ], [ 2.492023237404957, 48.916429844383231 ], [ 2.492123174302971, 48.91611641562735 ], [ 2.492166778683399, 48.915982606128651 ], [ 2.492131387545786, 48.915834073097727 ], [ 2.491942694568257, 48.915175891107268 ], [ 2.491925554465605, 48.915114666589588 ], [ 2.491812036745765, 48.914722993182608 ], [ 2.4916319508553, 48.914022579757059 ], [ 2.491612082779701, 48.913961343550469 ], [ 2.491432479036403, 48.913351759968492 ], [ 2.491367891511758, 48.912980077638032 ], [ 2.491326463255721, 48.912612090655834 ], [ 2.491268187291457, 48.912153203284106 ], [ 2.491254261059418, 48.912042530959525 ], [ 2.491244146512965, 48.911960652227329 ], [ 2.491210033718172, 48.911542335422077 ], [ 2.491208623762406, 48.911407435228959 ], [ 2.491216746252967, 48.911274374094788 ], [ 2.491210810971115, 48.911044129377224 ], [ 2.49120914438706, 48.910795916835674 ], [ 2.491198228500264, 48.910656479698616 ], [ 2.491113989494055, 48.9100625867639 ], [ 2.491091614845506, 48.909978857192783 ], [ 2.491032439392174, 48.909751983181685 ], [ 2.491006879223388, 48.909715003436666 ], [ 2.491000145926434, 48.909705981864889 ], [ 2.490922092625488, 48.909595936045591 ], [ 2.490892501452897, 48.909552644065286 ], [ 2.490831919825906, 48.909469651314915 ], [ 2.490806333545736, 48.909435369294599 ], [ 2.490674345141686, 48.909260344656843 ], [ 2.490619106728395, 48.909189065348222 ], [ 2.490602964746151, 48.909165614993967 ], [ 2.490450347011029, 48.909007588972379 ], [ 2.490682336077126, 48.908861990181748 ], [ 2.492229406976853, 48.907885626211169 ], [ 2.492265077933117, 48.907865093569356 ], [ 2.492274715047859, 48.907856141441528 ], [ 2.492296186757641, 48.907752813220057 ], [ 2.492300446003774, 48.907735744616197 ], [ 2.492326194382522, 48.907613549250826 ], [ 2.491488349151462, 48.907493985946978 ], [ 2.490160096541639, 48.90730128588509 ], [ 2.490179653137867, 48.907254605613815 ], [ 2.49034725576742, 48.906856929641762 ], [ 2.490448072507056, 48.906870848029754 ], [ 2.490561140458725, 48.906887516332901 ], [ 2.490567952525698, 48.906888444602849 ], [ 2.490587024554336, 48.90689122360881 ], [ 2.490674226081516, 48.906902386006884 ], [ 2.490900379930022, 48.906933923556117 ], [ 2.491053114762147, 48.906939968394774 ], [ 2.491118577582023, 48.9069420451168 ], [ 2.491290419706226, 48.906947271526612 ], [ 2.491308153984865, 48.906947346840802 ], [ 2.491558819662834, 48.906983483727856 ], [ 2.492113311140617, 48.907060477822874 ], [ 2.492229125940043, 48.907075357594771 ], [ 2.492445723456207, 48.907107751002414 ], [ 2.492456619355929, 48.907109595766777 ], [ 2.492994752083538, 48.907185617147945 ], [ 2.493001572992113, 48.907185646018213 ], [ 2.493335359850169, 48.907232023236546 ], [ 2.493479770725813, 48.907252418533993 ], [ 2.493697751435811, 48.907283016919024 ], [ 2.493696064365817, 48.907035702817112 ], [ 2.493695373720923, 48.906966453935972 ], [ 2.49369547868694, 48.906955662800748 ], [ 2.4936954003448, 48.906823465619645 ], [ 2.493694700956461, 48.906755115986464 ], [ 2.493692873574724, 48.90666248052225 ], [ 2.493693485875317, 48.906599532214486 ], [ 2.493692209180513, 48.906590533832649 ], [ 2.493693066400869, 48.90650240619501 ], [ 2.493692043375807, 48.906467329224093 ], [ 2.493692340778509, 48.906436754326776 ], [ 2.493692681916471, 48.906401683119917 ], [ 2.493692043767218, 48.906327038627779 ], [ 2.493689980232459, 48.906258683197301 ], [ 2.493690758727081, 48.906178648890062 ], [ 2.493687437223708, 48.905678624555449 ], [ 2.493761074670694, 48.905681633695053 ], [ 2.49399292642935, 48.905688009157466 ], [ 2.494107479447466, 48.905692090221351 ], [ 2.494601211810031, 48.90570316746291 ], [ 2.494738972800822, 48.905705547244423 ], [ 2.49490537208533, 48.905708946932407 ], [ 2.495021306812502, 48.905711234349788 ], [ 2.495120871829434, 48.905713452657487 ], [ 2.495246346860034, 48.905716679368268 ], [ 2.495404561351827, 48.905720043871717 ], [ 2.49561052089296, 48.905723609226492 ], [ 2.495620069898784, 48.905723649436261 ], [ 2.495838289343333, 48.905729064621362 ], [ 2.495865572220511, 48.905729179452514 ], [ 2.496060609971446, 48.905733597364055 ], [ 2.496146542339381, 48.905734858164124 ], [ 2.496177908948347, 48.905735889401136 ], [ 2.496658009418377, 48.905746001522672 ], [ 2.496840769998856, 48.905750366571823 ], [ 2.496938979714482, 48.905751678375388 ], [ 2.497229490399211, 48.905758293913003 ], [ 2.497256773294774, 48.905758408427296 ], [ 2.497288139939923, 48.905759439373547 ], [ 2.497272542608792, 48.905538146342792 ], [ 2.497177547077653, 48.905062917543162 ], [ 2.497134320315948, 48.904736290286891 ], [ 2.497539498091339, 48.904734393454945 ], [ 2.498913571908286, 48.904697882594732 ], [ 2.499294324961783, 48.904682388150889 ], [ 2.4993460032638, 48.90484088090534 ], [ 2.499900623543181, 48.904619272223094 ], [ 2.49987948889506, 48.904547239999779 ], [ 2.499872953449831, 48.904517535818478 ], [ 2.499859770258421, 48.904469817881328 ], [ 2.499853191632334, 48.904444610015766 ], [ 2.499846561169748, 48.904424797732098 ], [ 2.499837392586956, 48.904385190251155 ], [ 2.499800415951819, 48.904258234544336 ], [ 2.49977404121581, 48.904163697891981 ], [ 2.499760858204683, 48.904115979928505 ], [ 2.499755557352613, 48.904099770387134 ], [ 2.499754271029193, 48.904091671313417 ], [ 2.49971211498028, 48.903935916302572 ], [ 2.49969093765509, 48.903868380322194 ], [ 2.499676425273933, 48.903817059581527 ], [ 2.499672445355427, 48.903805352051563 ], [ 2.499661878347159, 48.903769335894005 ], [ 2.499623521199543, 48.90364417289166 ], [ 2.499618272304021, 48.903622567750531 ], [ 2.499611685257553, 48.903598259116627 ], [ 2.4996050636392, 48.90357754753974 ], [ 2.499579941304192, 48.903494706923759 ], [ 2.49956801033821, 48.903458685048541 ], [ 2.499544269493184, 48.903374051586027 ], [ 2.499542948638378, 48.903369549563244 ], [ 2.499517843794538, 48.903284910389026 ], [ 2.499392294855687, 48.902864412135834 ], [ 2.499293357026431, 48.902372080703515 ], [ 2.499288108396203, 48.902350475522759 ], [ 2.499222838269647, 48.902045339345626 ], [ 2.499263252018804, 48.901956477421649 ], [ 2.499520390880392, 48.90202679842502 ], [ 2.499450973634076, 48.901869130497033 ], [ 2.499436280457044, 48.901836694217536 ], [ 2.499357497070078, 48.901660101715393 ], [ 2.499341474568478, 48.901624062652104 ], [ 2.499317440857674, 48.90157000405091 ], [ 2.499245357325479, 48.901406029669886 ], [ 2.499078444556457, 48.90103212113123 ], [ 2.49905172662083, 48.900973554704805 ], [ 2.499037051253102, 48.900939319816537 ], [ 2.499034383793219, 48.900933013539579 ], [ 2.49899166124972, 48.900836609428623 ], [ 2.498963441015555, 48.900792425534 ], [ 2.498920112808392, 48.900758970059925 ], [ 2.498913561074197, 48.900731064256831 ], [ 2.49887269636117, 48.900583407580378 ], [ 2.498862035334945, 48.900557283182209 ], [ 2.49882738490924, 48.900472603693977 ], [ 2.498795427972845, 48.900391532673495 ], [ 2.498685588708252, 48.900182434587052 ], [ 2.498664292999077, 48.900127487934874 ], [ 2.49861508094654, 48.89999688291141 ], [ 2.498463406300869, 48.899599654884618 ], [ 2.49794458957343, 48.899649640782101 ], [ 2.497488801661669, 48.899670211873485 ], [ 2.497195431923443, 48.899680671558365 ], [ 2.497182565096351, 48.899600579482986 ], [ 2.497150229062125, 48.899559075734643 ], [ 2.497085982828141, 48.899432004090116 ], [ 2.497061778716533, 48.899395930282935 ], [ 2.497045610804681, 48.899375178389889 ], [ 2.496988132789828, 48.899253530918422 ], [ 2.496885305534776, 48.899025574977891 ], [ 2.496815396139801, 48.898920062641842 ], [ 2.496569348518841, 48.898410022083901 ], [ 2.49635165556839, 48.898353349888531 ], [ 2.496188703813206, 48.898278022177152 ], [ 2.496131731300464, 48.898245407507687 ], [ 2.496108683452294, 48.89823092165453 ], [ 2.496072074488467, 48.898208284988797 ], [ 2.495993409579838, 48.898162089393907 ], [ 2.495886415461044, 48.898083399509503 ], [ 2.495815986813928, 48.898031842627113 ], [ 2.495806508892402, 48.898024608282498 ], [ 2.495788925708345, 48.898009246064426 ], [ 2.495786241372945, 48.898004738235819 ], [ 2.495652326288927, 48.897889063257303 ], [ 2.495592905474379, 48.897827660226916 ], [ 2.495586155494223, 48.897820437352564 ], [ 2.495522660459204, 48.897757218511558 ], [ 2.495812894594507, 48.897646926815597 ], [ 2.496116853829922, 48.897527699099783 ], [ 2.49581421109032, 48.897088463344311 ], [ 2.495788679870339, 48.897048786382221 ], [ 2.495700264188739, 48.896882941741644 ], [ 2.495650600919672, 48.896799996411993 ], [ 2.495611561562889, 48.896746772914845 ], [ 2.495723706923539, 48.896715769454595 ], [ 2.496236286122757, 48.896602815461286 ], [ 2.496895069994086, 48.89646259505858 ], [ 2.497220373243158, 48.896392016678448 ], [ 2.497668721400142, 48.896291377164879 ], [ 2.498339807171648, 48.896147603180836 ], [ 2.49842729559259, 48.896127285576725 ], [ 2.498436860167397, 48.89612552702124 ], [ 2.499587755760677, 48.895870441926199 ], [ 2.499924049109619, 48.895790909047165 ], [ 2.500126240665774, 48.895756680205203 ], [ 2.500152301217381, 48.895741500761815 ], [ 2.499355914547315, 48.894732748362294 ], [ 2.498971992557608, 48.894234724647873 ], [ 2.498539525695115, 48.893679839721067 ], [ 2.498093429911735, 48.893124895791409 ], [ 2.498054460169812, 48.893064478728014 ], [ 2.497993051407779, 48.892926626972027 ], [ 2.497829581017214, 48.892623773547044 ], [ 2.497782845521113, 48.892520156928441 ], [ 2.497727491878173, 48.892320277969503 ], [ 2.497702464716981, 48.892228443370968 ], [ 2.497658110354565, 48.89216080905706 ], [ 2.497574995957957, 48.89201117487422 ], [ 2.497348483831994, 48.891599239418575 ], [ 2.497344470644586, 48.891591128777264 ], [ 2.497284142744742, 48.891482958248055 ], [ 2.497062977335189, 48.891082735524748 ], [ 2.497192604034875, 48.891076085403128 ], [ 2.497846825187893, 48.890977208513618 ], [ 2.498208740952033, 48.890924766995802 ], [ 2.498193181888763, 48.890841065859817 ], [ 2.498173600956743, 48.890750153370611 ], [ 2.498125569165789, 48.890498144892966 ], [ 2.49810999302741, 48.890416242263989 ], [ 2.498094364927621, 48.890339735278395 ], [ 2.4980930705341, 48.890332535360315 ], [ 2.498081603049355, 48.89024885131294 ], [ 2.49807640815613, 48.890221850187849 ], [ 2.498064923384787, 48.890139964681254 ], [ 2.497730322369812, 48.89018892310861 ], [ 2.497551133484551, 48.890102736740751 ], [ 2.497454742295294, 48.890057366648399 ], [ 2.497197925848058, 48.889960062177352 ], [ 2.497169721715093, 48.889914978145846 ], [ 2.497142716349036, 48.889886986068376 ], [ 2.496734450358287, 48.889655946273663 ], [ 2.496649005254031, 48.889607024263512 ], [ 2.496533445426199, 48.889569666633612 ], [ 2.49635111569485, 48.889526632192876 ], [ 2.496255872835638, 48.88950374874301 ], [ 2.496072249472271, 48.889453513931329 ], [ 2.495913269119084, 48.889393490140861 ], [ 2.495883319607955, 48.889387968181119 ], [ 2.495826139328251, 48.889377834998847 ], [ 2.495762035992509, 48.889378464386496 ], [ 2.495526557559457, 48.889331607603296 ], [ 2.495506136697686, 48.889327924317747 ], [ 2.494953582552612, 48.889491967854958 ], [ 2.494815498002952, 48.889527357864026 ], [ 2.49406630998411, 48.889716647609916 ], [ 2.493191320834139, 48.889939574142026 ], [ 2.492563712473352, 48.890106886179844 ], [ 2.492115355072784, 48.890212902798716 ], [ 2.492004576533621, 48.890244808124301 ], [ 2.491859406007601, 48.890307144018024 ], [ 2.491162919442814, 48.890823089378749 ], [ 2.491103847400461, 48.890866904619671 ], [ 2.489912282536214, 48.888458871124968 ], [ 2.489904267772816, 48.888441750021151 ], [ 2.489922112005919, 48.888290741319601 ], [ 2.489855247323149, 48.888294953032677 ], [ 2.489349011000042, 48.888324271144349 ], [ 2.489246681538036, 48.888329230580027 ], [ 2.488797754749776, 48.888355193550296 ], [ 2.488605359941179, 48.888366063086075 ], [ 2.488333818103219, 48.888381990013947 ], [ 2.487957210148584, 48.888403762274528 ], [ 2.48743893749777, 48.888408739369183 ], [ 2.487411654861913, 48.88840952189291 ], [ 2.487365590173906, 48.888240253652015 ], [ 2.487106484150735, 48.887270582350034 ], [ 2.48704859149932, 48.887056297384035 ], [ 2.487042552797906, 48.886977131784143 ], [ 2.486822730151692, 48.88700406861571 ], [ 2.486762649678368, 48.887011904937559 ], [ 2.486374902254964, 48.887057905968881 ], [ 2.483997930287713, 48.88747306207442 ], [ 2.48378617898253, 48.887510819897159 ], [ 2.483579899872289, 48.887546802316969 ], [ 2.483313520970512, 48.88759241752016 ], [ 2.483189204111375, 48.8876143638809 ], [ 2.482346176140102, 48.887776196177803 ], [ 2.481092040139728, 48.888000092979169 ], [ 2.48087614872138, 48.888042324287618 ], [ 2.480688822482111, 48.888091873616197 ], [ 2.480582051763721, 48.888131879660854 ], [ 2.480499665666287, 48.888188179071143 ], [ 2.480290501650903, 48.888239431655485 ], [ 2.479556019292056, 48.88845477493134 ], [ 2.479368411576428, 48.888532199712159 ], [ 2.479190412119488, 48.888603370786868 ], [ 2.478968692944632, 48.888682445191527 ], [ 2.478876956354397, 48.888718917865852 ], [ 2.478271265193264, 48.889009456740638 ], [ 2.478157419861383, 48.889074610575577 ], [ 2.477882178875827, 48.889186724304381 ], [ 2.477870374408977, 48.889139908501733 ], [ 2.477840634371682, 48.889113698708876 ], [ 2.47779731141819, 48.88908203378746 ], [ 2.477743160055335, 48.88904222779373 ], [ 2.477693063804047, 48.889006036718776 ], [ 2.477663278827326, 48.88898432325292 ], [ 2.477634839534979, 48.888964414278092 ], [ 2.477466633831316, 48.888874648254692 ], [ 2.477364744439259, 48.888835533061645 ], [ 2.477304877082457, 48.888821782025957 ], [ 2.477180961076158, 48.888803254751181 ], [ 2.476965677403571, 48.888784328281417 ], [ 2.476592132687218, 48.888771904253609 ], [ 2.476411073591333, 48.888333146437397 ], [ 2.476365811554944, 48.888223232094333 ], [ 2.476324532222184, 48.888124126920864 ], [ 2.476277906872583, 48.88801420655961 ], [ 2.476237982502341, 48.887916006577576 ], [ 2.476199222940684, 48.887837596604058 ], [ 2.47605884233075, 48.887558194651753 ], [ 2.476037476124044, 48.887513135380999 ], [ 2.476000026529646, 48.88744012693747 ], [ 2.475818225691975, 48.887076007627122 ], [ 2.475741891771789, 48.886937178768683 ], [ 2.475628037253453, 48.886732535449042 ], [ 2.475581151979378, 48.886648693699193 ], [ 2.475558368576857, 48.886609023992939 ], [ 2.47553424874153, 48.88656665047791 ], [ 2.475508792480419, 48.886521573152912 ], [ 2.47548332720514, 48.886477395097423 ], [ 2.475380193503422, 48.886291684059884 ], [ 2.475247603986376, 48.886322579120744 ], [ 2.474948397084126, 48.886377924373711 ], [ 2.474826861287252, 48.886394478375323 ], [ 2.47457428938056, 48.886423047736734 ], [ 2.474546980368902, 48.886426525160807 ], [ 2.474396798893576, 48.886443852328263 ], [ 2.474316253572646, 48.886452491893699 ], [ 2.474146971948, 48.886470634205658 ], [ 2.474041862909818, 48.886480964337764 ], [ 2.473882153818029, 48.886496450374956 ], [ 2.473752471930322, 48.886509370226456 ], [ 2.473449435155926, 48.886538614724337 ], [ 2.473116370678495, 48.886570424274865 ], [ 2.472997661242646, 48.886577096376826 ], [ 2.472960815669218, 48.886579632148226 ], [ 2.472168057980642, 48.886623803805691 ], [ 2.472001529688199, 48.886639257275299 ], [ 2.471787246479821, 48.886657197801227 ], [ 2.471035176650308, 48.886723125050054 ], [ 2.470592798577226, 48.886776028210591 ], [ 2.470409896446136, 48.886792306387484 ], [ 2.47032794969043, 48.886804534340214 ], [ 2.470316033637403, 48.886769408280948 ], [ 2.470257689174031, 48.886606373850576 ], [ 2.47007200520406, 48.886092042216383 ], [ 2.469699028247641, 48.885088551091059 ], [ 2.469574860679715, 48.884828098142769 ], [ 2.469511752027069, 48.884731591491082 ], [ 2.469427568357783, 48.884562146614869 ], [ 2.469372779254671, 48.884452186952998 ], [ 2.469253894999525, 48.884208843978499 ], [ 2.469203124027302, 48.884106096563045 ], [ 2.469165778133811, 48.884024092973398 ], [ 2.46914958944325, 48.884006934138036 ], [ 2.469082116816017, 48.883937387400707 ], [ 2.468883726507011, 48.883735060030133 ], [ 2.468847286327906, 48.883698026288613 ], [ 2.468658369347099, 48.883502935074112 ], [ 2.468324820586763, 48.883183095231352 ], [ 2.468192579392555, 48.883046710630914 ], [ 2.468060311333594, 48.882913023704809 ], [ 2.467785025203506, 48.882630313127393 ], [ 2.467407523434974, 48.882342650568617 ], [ 2.467256096239759, 48.88221607198507 ], [ 2.467048349805996, 48.881996612469372 ], [ 2.466997097530878, 48.881941525742477 ], [ 2.466859500974328, 48.88179612243529 ], [ 2.466718008040543, 48.881631815849907 ], [ 2.466693768775188, 48.881602030283361 ], [ 2.466643143545694, 48.881485792336797 ], [ 2.466636859799552, 48.881300504165274 ], [ 2.466638655762588, 48.881125144493701 ], [ 2.466677137052721, 48.880962538724596 ], [ 2.466707040613369, 48.880705465925558 ], [ 2.466713001031002, 48.880656029775452 ], [ 2.466710991746687, 48.880452774069006 ], [ 2.466685978938462, 48.88036542840873 ], [ 2.466649800551588, 48.880303214014141 ], [ 2.466590378736639, 48.880247191301372 ], [ 2.466579553850155, 48.880239049170932 ], [ 2.466440203317263, 48.880132308176158 ], [ 2.466376756017657, 48.880069972149656 ], [ 2.466320126203795, 48.880007666476295 ], [ 2.466285302751704, 48.879946357310708 ], [ 2.46620671950617, 48.879897443541317 ], [ 2.466037494370479, 48.879778877636532 ], [ 2.465960570157781, 48.87970119276995 ], [ 2.465855714554678, 48.879555034697994 ], [ 2.465772492065716, 48.879293859707744 ], [ 2.465686423589689, 48.87904436309411 ], [ 2.465650265767987, 48.878980349758613 ], [ 2.465316074982026, 48.878594846519078 ], [ 2.465185558425242, 48.878425190665013 ], [ 2.465027325380697, 48.878166377711167 ], [ 2.464949161742739, 48.878076995311872 ], [ 2.465206361221046, 48.877992708772211 ], [ 2.465564443106759, 48.877909771410401 ], [ 2.466283477720974, 48.877729517081001 ], [ 2.466377801589991, 48.87770565581085 ], [ 2.467320971143335, 48.877473333977726 ], [ 2.467491837557383, 48.877430926578072 ], [ 2.467728201958348, 48.877383414225385 ], [ 2.467933262918748, 48.877330366333986 ], [ 2.468179216144037, 48.87727839908537 ], [ 2.468292708483659, 48.877246527537821 ], [ 2.468376187660006, 48.877216321251318 ], [ 2.46833038307436, 48.877162158358303 ], [ 2.468273910163614, 48.877084565619093 ], [ 2.468067433078751, 48.876875904313515 ], [ 2.467452867542191, 48.876308395773492 ], [ 2.467866117787115, 48.876028744605165 ], [ 2.468052802620902, 48.875905467384655 ], [ 2.468244958359215, 48.875780415513994 ], [ 2.468271054928681, 48.875761645593968 ], [ 2.468770783598118, 48.875423919112471 ], [ 2.469138617074695, 48.875184531509952 ], [ 2.469263514986211, 48.875103246644699 ], [ 2.469466452460308, 48.874989931791632 ], [ 2.469569389521455, 48.874922938486989 ], [ 2.469638014081776, 48.874878276232451 ], [ 2.46978904262734, 48.874774623412492 ], [ 2.469838497814632, 48.874737970068921 ], [ 2.469955332571525, 48.874644957503236 ], [ 2.469969112261886, 48.874630629293179 ], [ 2.470099991494886, 48.874497209067535 ], [ 2.470149940204564, 48.874411994133375 ], [ 2.470237311179797, 48.874266689899343 ], [ 2.470262664901402, 48.874186762014112 ], [ 2.470291275623139, 48.874054687568382 ], [ 2.470315640806211, 48.873937882874436 ], [ 2.470342814793708, 48.873812996647537 ], [ 2.470418663351272, 48.87345989660745 ], [ 2.470513595722387, 48.87297288098943 ], [ 2.470588307133554, 48.872597292350747 ], [ 2.470596952922937, 48.872551464853665 ], [ 2.470634317299946, 48.872362771170543 ], [ 2.470638608168851, 48.872343004923451 ], [ 2.470664353313881, 48.872224407430302 ], [ 2.470705861817207, 48.872030336025702 ], [ 2.470816853537042, 48.871438169077869 ], [ 2.470875669755066, 48.871150643756408 ], [ 2.470992099015351, 48.870425399416824 ], [ 2.47100658052476, 48.870341825738308 ], [ 2.471022148747783, 48.870151236579993 ], [ 2.470996318421097, 48.870009927591354 ], [ 2.470976847586611, 48.869913613200929 ], [ 2.470907952313734, 48.869717254660628 ], [ 2.470814967748125, 48.869476722342633 ], [ 2.471553094530126, 48.869148130407311 ], [ 2.471714926012718, 48.869052616383108 ], [ 2.471824983486486, 48.868954175685992 ], [ 2.471887137938535, 48.868874409482139 ], [ 2.47192209253818, 48.868788227921407 ], [ 2.472090547899679, 48.868038928624543 ], [ 2.472198479301785, 48.867477322160127 ], [ 2.472345880550391, 48.867459985433058 ], [ 2.472420944276735, 48.867451323009931 ], [ 2.472749843033974, 48.867415000367501 ], [ 2.473594225245178, 48.86735936112175 ], [ 2.473872514013206, 48.867339900108384 ], [ 2.474014361890266, 48.867332429570546 ], [ 2.474292468848152, 48.867330953425338 ], [ 2.474370249262095, 48.867323201045558 ], [ 2.474409244864069, 48.86737643288815 ], [ 2.4744758571363, 48.867394712026531 ], [ 2.474543941447058, 48.867402205605309 ], [ 2.474616187750545, 48.867402522758447 ], [ 2.474694086114275, 48.867383079369546 ], [ 2.474900503400639, 48.867461327696269 ], [ 2.474996869384265, 48.867503119704423 ], [ 2.475021315283901, 48.867512220250603 ], [ 2.475161220452774, 48.867562297073633 ], [ 2.47574955136619, 48.86775463446763 ], [ 2.476473777068823, 48.867989831978292 ], [ 2.476988805058129, 48.868152164584068 ], [ 2.4770704320228, 48.868168709203559 ], [ 2.478550510713478, 48.868342442108421 ], [ 2.478809169750165, 48.868377743286764 ], [ 2.478975106949853, 48.868415338306825 ], [ 2.479121825183289, 48.868466339420706 ], [ 2.479247970329574, 48.868529841474754 ], [ 2.479310262554066, 48.8685714816935 ], [ 2.479354905574122, 48.868605850461449 ], [ 2.479400768023681, 48.868654613806086 ], [ 2.479463884505961, 48.868750217360343 ], [ 2.479473148146736, 48.868778136894875 ], [ 2.479532631045175, 48.868964556973346 ], [ 2.479559011601035, 48.869189504260142 ], [ 2.479671017356791, 48.869167507967894 ], [ 2.480209305597543, 48.869050235881055 ], [ 2.480345848037364, 48.869028345510287 ], [ 2.480836269723809, 48.868926151391669 ], [ 2.480446194979985, 48.868535048696472 ], [ 2.480292462627396, 48.868367105758161 ], [ 2.47972021172905, 48.867790846386164 ], [ 2.479905359118301, 48.867679234639404 ], [ 2.480016438194327, 48.867613166740938 ], [ 2.480086380383958, 48.867571202001145 ], [ 2.480611906974535, 48.867091441900264 ], [ 2.480838805867415, 48.867167070855778 ], [ 2.481095434592811, 48.867268908888022 ], [ 2.481214548618314, 48.867353962415272 ], [ 2.481660175203479, 48.867230886042748 ], [ 2.482180977488551, 48.867087448641037 ], [ 2.482176597685529, 48.866979509879158 ], [ 2.482258443140856, 48.866562573911949 ], [ 2.482384196647872, 48.865979451117092 ], [ 2.482451496664815, 48.865654183704578 ], [ 2.482487262460674, 48.865484364434231 ], [ 2.482491682269728, 48.865451108223482 ], [ 2.482545189354386, 48.865141968966952 ], [ 2.482565389002955, 48.865029639633015 ], [ 2.482605314667664, 48.864852643551615 ], [ 2.482632418730241, 48.864731350689986 ], [ 2.482663838424517, 48.864449995052752 ], [ 2.48266887751382, 48.864217089346219 ], [ 2.482682216624467, 48.864109226916526 ], [ 2.482717034085559, 48.864034732675471 ], [ 2.482776234539763, 48.863975632480049 ], [ 2.482824164447784, 48.863953356253795 ], [ 2.482758634023825, 48.863826266924598 ], [ 2.482721192037686, 48.86375325901566 ], [ 2.48270113929559, 48.863713601628021 ], [ 2.482659653002072, 48.863636079538168 ], [ 2.482654308007179, 48.863625264419149 ], [ 2.482594168036019, 48.863504493602555 ], [ 2.482574124418208, 48.863463936888699 ], [ 2.482499232655702, 48.86331882018716 ], [ 2.482092908153105, 48.862508560239156 ], [ 2.481972705206646, 48.862259823379212 ], [ 2.481888553094928, 48.862086786628673 ], [ 2.481848530688735, 48.861999377775888 ], [ 2.481791129395556, 48.861877718883768 ], [ 2.481761912846414, 48.861800249470981 ], [ 2.481591917991236, 48.861487443549876 ], [ 2.481455525178464, 48.861222447730036 ], [ 2.481427350226193, 48.861177358816839 ], [ 2.481401946030106, 48.861127785218741 ], [ 2.481325850120382, 48.86096737350536 ], [ 2.481192221769779, 48.860698791882804 ], [ 2.481132115434569, 48.860575322117839 ], [ 2.481088060327488, 48.860482499373134 ], [ 2.48099436439529, 48.860310319644981 ], [ 2.480899010447901, 48.860167810758107 ], [ 2.48080745012113, 48.86005499637271 ], [ 2.48064112585417, 48.860058771347703 ], [ 2.480397140523042, 48.860059510905693 ], [ 2.480161135459144, 48.860080070058729 ], [ 2.479542097091274, 48.860103460210638 ], [ 2.479124981255371, 48.860107041445247 ], [ 2.478990256301147, 48.860085770206283 ], [ 2.478402673169925, 48.860098499356319 ], [ 2.478188357214435, 48.860130840544116 ], [ 2.477948000788005, 48.860177457155295 ], [ 2.477276022294941, 48.860314820516926 ], [ 2.476993241108641, 48.860378337305995 ], [ 2.476786992483472, 48.86042150329218 ], [ 2.476527515927133, 48.860471630803815 ], [ 2.476362498745778, 48.860480801580714 ], [ 2.476222159390286, 48.860475690741403 ], [ 2.476069707193977, 48.860455237968729 ], [ 2.475890167891374, 48.860417578959911 ], [ 2.475737996524042, 48.86036924752473 ], [ 2.475516758457407, 48.860276545665677 ], [ 2.47544212208516, 48.860243842374345 ], [ 2.47535118474543, 48.860205671544513 ], [ 2.475262674539472, 48.860197189435574 ], [ 2.475119465198182, 48.860206454119307 ], [ 2.474394376058952, 48.860203271671161 ], [ 2.473860199806377, 48.860191031619891 ], [ 2.473614923498883, 48.860184556973898 ], [ 2.47340618326991, 48.860204323403117 ], [ 2.473332574915189, 48.860204898817329 ], [ 2.473207219948431, 48.860200749719162 ], [ 2.472610664428959, 48.860291653350941 ], [ 2.472557427381684, 48.860299512766701 ], [ 2.471753344981548, 48.860424571470929 ], [ 2.471088499558358, 48.86052865612853 ], [ 2.470964068625598, 48.860567676987181 ], [ 2.469953832522522, 48.860725087585024 ], [ 2.469865093544655, 48.8607390839204 ], [ 2.469443562538526, 48.860774088699614 ], [ 2.469315416463175, 48.860776218522425 ], [ 2.469198302359912, 48.860765806410484 ], [ 2.468358317473465, 48.86066764727115 ], [ 2.468104058930357, 48.86060626181613 ], [ 2.467901538268067, 48.860550501896952 ], [ 2.467727557432819, 48.860502962615527 ], [ 2.467210671321816, 48.860265935216297 ], [ 2.466751908674385, 48.860076829468952 ], [ 2.466796185580958, 48.860012274376125 ], [ 2.466931759921779, 48.859816822523563 ], [ 2.467054081073499, 48.859584438568476 ], [ 2.467104268819051, 48.859474942708403 ], [ 2.467132971444946, 48.859333874279436 ], [ 2.467150612465231, 48.859074943121151 ], [ 2.467121216905482, 48.859017254506114 ], [ 2.467100330040477, 48.858927227549842 ], [ 2.467091917886534, 48.858550366775226 ], [ 2.46705697908426, 48.858501646828536 ], [ 2.466947181902284, 48.858442700699818 ], [ 2.466975911985388, 48.858298934280157 ], [ 2.467035996268419, 48.858021305796285 ], [ 2.467280187767307, 48.857066394054684 ], [ 2.467355223686534, 48.856792429041818 ], [ 2.467408712945752, 48.856626288986185 ], [ 2.466565584491655, 48.85657576769151 ], [ 2.46593622268207, 48.856545980209688 ], [ 2.465719685860501, 48.856529724785965 ], [ 2.465371137094542, 48.856494892406594 ], [ 2.46499812212493, 48.856453654232986 ], [ 2.464683590146437, 48.856424367976402 ], [ 2.464222000332477, 48.856381831756266 ], [ 2.46299246069173, 48.856268399239276 ], [ 2.462706532143824, 48.856241034815639 ], [ 2.462003982313811, 48.856172226260838 ], [ 2.461934533065421, 48.856166517945589 ], [ 2.461437513908665, 48.856123811638909 ], [ 2.460720929401339, 48.856094503423563 ], [ 2.458899456532272, 48.85602422608406 ], [ 2.458768680104957, 48.856018238594928 ], [ 2.457813770474084, 48.855971646597823 ], [ 2.457657231456024, 48.855952950362223 ], [ 2.457583844257637, 48.855932832186745 ], [ 2.457568871788543, 48.855930965631195 ], [ 2.457176768611001, 48.855891415165758 ], [ 2.456723404156316, 48.855845289892827 ], [ 2.456312297683585, 48.855798455563722 ], [ 2.455763752690057, 48.855731209257392 ], [ 2.45549429761643, 48.855693110363667 ], [ 2.454724357404578, 48.855553803518085 ], [ 2.454463203358676, 48.85550404865301 ], [ 2.453966809220224, 48.855402856766538 ], [ 2.45359964903086, 48.855324736579782 ], [ 2.453024856859635, 48.855162027373183 ], [ 2.452787138679576, 48.855087194318067 ], [ 2.452690709568004, 48.855055276267812 ], [ 2.452381235986798, 48.854935146976736 ], [ 2.451835619547142, 48.854720403527125 ], [ 2.451336200684596, 48.854519359529988 ], [ 2.45114891131614, 48.854444754372622 ], [ 2.45096572034209, 48.854369268375308 ], [ 2.450756797999054, 48.854278375124949 ], [ 2.450362028014701, 48.854105686939747 ], [ 2.449752795707839, 48.853851070341697 ], [ 2.449470515584005, 48.853738253137642 ], [ 2.449176038258709, 48.853619083686063 ], [ 2.449060725419285, 48.853569088809657 ], [ 2.448958983455449, 48.853524552388585 ], [ 2.448822056959494, 48.853456470830821 ], [ 2.448620593431516, 48.85330535195353 ], [ 2.448515135262292, 48.853225723539083 ], [ 2.448259648756631, 48.853028488378513 ], [ 2.447894591077565, 48.852754302687927 ], [ 2.447738904029996, 48.852656454840478 ], [ 2.44753575981299, 48.852535904013216 ], [ 2.447596044767973, 48.852505604576265 ], [ 2.447784989894667, 48.852422837534725 ], [ 2.447894590554266, 48.852368483185053 ], [ 2.447768742090402, 48.852155656671123 ], [ 2.447140124141603, 48.851162572761581 ], [ 2.446597571647262, 48.851306658194467 ], [ 2.446273710283009, 48.851389698480737 ], [ 2.446105589634014, 48.851436585722901 ], [ 2.445322618263168, 48.851633512987902 ], [ 2.445251555675185, 48.851652069823459 ], [ 2.444763885198507, 48.851760427486283 ], [ 2.444490736199601, 48.851815818499702 ], [ 2.444309301771722, 48.85183296294904 ], [ 2.443803394136022, 48.851862089459843 ], [ 2.443631594436604, 48.851870284198625 ], [ 2.443068126791193, 48.851802010451394 ], [ 2.442995940766161, 48.851798077041252 ], [ 2.442919551204428, 48.851804916182395 ], [ 2.442472919885613, 48.8518981666871 ], [ 2.44254308907295, 48.851963246617707 ], [ 2.443048415153494, 48.852371205303719 ], [ 2.443291537133347, 48.852575589058468 ], [ 2.442806768996035, 48.85279367248053 ], [ 2.442656010206458, 48.852873012168338 ], [ 2.442284879130578, 48.852914451495394 ], [ 2.442062470826994, 48.852939495669482 ], [ 2.441572721152865, 48.852985775698286 ], [ 2.441387222342456, 48.853000198714611 ], [ 2.441117174593984, 48.853019622637923 ], [ 2.439748917799834, 48.853017720653739 ], [ 2.438823450661515, 48.853027773337111 ], [ 2.438770274060456, 48.853030221966691 ], [ 2.438718450525107, 48.853033576266213 ], [ 2.438588794765892, 48.853050954927298 ], [ 2.437653461540036, 48.85321743856619 ], [ 2.437344308619857, 48.85281937335715 ], [ 2.436350708673259, 48.853080903591326 ], [ 2.435594921268151, 48.853278794596015 ], [ 2.435232853178896, 48.853363423458319 ], [ 2.435065551697788, 48.852956128971989 ], [ 2.434846442047785, 48.852425378821295 ], [ 2.434826878786394, 48.852344345155089 ], [ 2.434721140669268, 48.851915756216911 ], [ 2.434634879088052, 48.851576294500582 ], [ 2.434587659089241, 48.851281085179032 ], [ 2.434569310112867, 48.850962629137257 ], [ 2.434577597086218, 48.850826866664214 ], [ 2.432730516924239, 48.851125700916107 ], [ 2.432617255572485, 48.851139553455575 ], [ 2.43249595502967, 48.851140776878253 ], [ 2.432349017749386, 48.851118495489878 ], [ 2.431648920680845, 48.850959584651946 ], [ 2.431552531778537, 48.850925850845563 ], [ 2.431163867313976, 48.850950984146863 ], [ 2.430820191315129, 48.850974531511604 ], [ 2.42957639250666, 48.85106124112729 ], [ 2.429511738514115, 48.850618453148485 ], [ 2.429507995023973, 48.850586958076313 ], [ 2.429453373281689, 48.850099250225277 ], [ 2.429400699975862, 48.849682600073635 ], [ 2.429377477940439, 48.849438765452192 ], [ 2.429311487432928, 48.848745051498383 ], [ 2.428504249744465, 48.848791561970955 ], [ 2.426506648325217, 48.848902516471803 ], [ 2.426435751031234, 48.848905774019705 ], [ 2.424882523822558, 48.849004441288905 ], [ 2.424043857660541, 48.849057965424969 ], [ 2.423164220589543, 48.849119380322584 ], [ 2.423097420707753, 48.849121756297748 ], [ 2.422148345877547, 48.849177432792374 ], [ 2.422020156588381, 48.849185807113017 ], [ 2.421032785184892, 48.849253880671675 ], [ 2.420829589434476, 48.84926728684033 ], [ 2.420389081167733, 48.84929842962719 ], [ 2.419709806722072, 48.849355393522892 ], [ 2.419550245388384, 48.849366311091437 ], [ 2.419003508190376, 48.849391537265895 ] ] ] ] } },
{ "type": "Feature", "properties": { "id_projet": "ecs-2025-05", "lib_ept": "Paris", "territoire": "T01", "dispositif": "BTP match", "thematique": "BTP Construction et aménagement circulaire", "nom_projet": "Convention d'engagements réciproques BTP Match", "nom_projet_carto": "Outil BTP Match", "description": "Convention d'engagements réciproques pour la mise à disposition et l'utilisation de l'outil BTP Match", "annee": "2025", "deliberation": "BM2025/02/04/16", "nom_beneficaire": "Ville de Paris", "cat_beneficiaire": "EPT", "type_aide": "Accompagnement", "representation_carto": "Zone (surface)", "intermediaire": "Non", "financement_fim": "Non", "trophee_ECS": null, "competence": "Développement et d’aménagement économique, social et culturel" }, "geometry": { "type": "MultiPolygon", "coordinates": [ [ [ [ 2.335171130235882, 48.901147241479613 ], [ 2.335273407514963, 48.901149607802758 ], [ 2.335547514800855, 48.901155625387133 ], [ 2.335641619568376, 48.901157046739662 ], [ 2.33617210231542, 48.901168981315784 ], [ 2.336718953357932, 48.901181004189645 ], [ 2.336791234132827, 48.901182303775137 ], [ 2.337239911460498, 48.901191082653114 ], [ 2.33740901370817, 48.901194716235082 ], [ 2.337509927177314, 48.901197073102281 ], [ 2.337542651851239, 48.901198153427089 ], [ 2.337699455215793, 48.90120351720374 ], [ 2.337838572298443, 48.901205185730454 ], [ 2.337938121802098, 48.901207534695743 ], [ 2.338615906773837, 48.90122117192697 ], [ 2.338656815520173, 48.901222297140599 ], [ 2.339771003032622, 48.901244631983104 ], [ 2.339953768500651, 48.901246538656203 ], [ 2.340031516874216, 48.901246967101102 ], [ 2.340720226352346, 48.90125975329908 ], [ 2.340746131097112, 48.901260795206952 ], [ 2.340814297287777, 48.901263868346646 ], [ 2.341382974518393, 48.90127599003808 ], [ 2.34216033386627, 48.901290154723526 ], [ 2.342325356115516, 48.90129285963495 ], [ 2.343207699250373, 48.901311191220103 ], [ 2.343269090987228, 48.901310628549346 ], [ 2.343363207588415, 48.90131114458152 ], [ 2.343755951427352, 48.90132049168308 ], [ 2.343792768335564, 48.901321592721168 ], [ 2.343914131142865, 48.90132495554333 ], [ 2.344055965436121, 48.901327531045389 ], [ 2.34410916179737, 48.901327822375343 ], [ 2.344128257927194, 48.901327926949563 ], [ 2.344505997924759, 48.901337189426322 ], [ 2.344984697418347, 48.901345204266981 ], [ 2.34517697756419, 48.901349852947597 ], [ 2.345415645397359, 48.901353855538765 ], [ 2.34571429581239, 48.901360883292121 ], [ 2.346634833599941, 48.901379398262485 ], [ 2.347714950134089, 48.901399674667331 ], [ 2.348077709681768, 48.901407045655773 ], [ 2.348300009855397, 48.901410953403989 ], [ 2.351919438674256, 48.901483652585455 ], [ 2.351983536160428, 48.901484898717442 ], [ 2.352419942516375, 48.901493554306143 ], [ 2.352490860100926, 48.901494837041668 ], [ 2.352604050967088, 48.901497247558211 ], [ 2.352848176106213, 48.901501264829832 ], [ 2.352983191245182, 48.901503792908812 ], [ 2.353155023634652, 48.901507418995607 ], [ 2.353314579909617, 48.90151097855275 ], [ 2.353505508562931, 48.901514707243187 ], [ 2.353669156931066, 48.901518288415915 ], [ 2.353749622689757, 48.901519621931492 ], [ 2.353806900185464, 48.901520830287929 ], [ 2.35390099494807, 48.901523136547674 ], [ 2.354021017179394, 48.901524683261641 ], [ 2.354078283528921, 48.901526790742402 ], [ 2.354153304404188, 48.901527195307871 ], [ 2.354259675337649, 48.901529567482946 ], [ 2.354411047659315, 48.901533081454495 ], [ 2.354513337718506, 48.901534532092924 ], [ 2.354638804910826, 48.901537006846688 ], [ 2.354835189819927, 48.901540762816389 ], [ 2.354979742130544, 48.901544239331258 ], [ 2.355047931814116, 48.901545505860852 ], [ 2.355238871856176, 48.901548332533835 ], [ 2.355527976592667, 48.90155528441462 ], [ 2.355788459304857, 48.901560283022015 ], [ 2.356046225156755, 48.90156436714112 ], [ 2.356261695392359, 48.901569122697055 ], [ 2.356448532417543, 48.90157282470188 ], [ 2.356621729293644, 48.901576453144038 ], [ 2.356865844004007, 48.901581361480766 ], [ 2.357044497008982, 48.901585018609133 ], [ 2.357214965931256, 48.901588631548627 ], [ 2.357403167112322, 48.901592339384656 ], [ 2.357641825897836, 48.901597216866442 ], [ 2.357731840008278, 48.901598598915243 ], [ 2.358409624151637, 48.901613023383703 ], [ 2.35843417648961, 48.90161315490419 ], [ 2.358518734573329, 48.90161450713525 ], [ 2.358573284246299, 48.901615698601013 ], [ 2.358702843883926, 48.901618191012155 ], [ 2.3588064871724, 48.901620544541956 ], [ 2.358895126260151, 48.901622817668674 ], [ 2.358972875349337, 48.901623233817844 ], [ 2.359038326122735, 48.9016253827292 ], [ 2.359086055722877, 48.901626537462825 ], [ 2.359120156203542, 48.901626719936218 ], [ 2.359158337671853, 48.901627823549461 ], [ 2.359291989425712, 48.901630337218158 ], [ 2.35940381688157, 48.9016327340115 ], [ 2.359457013639583, 48.90163301852467 ], [ 2.361150806042094, 48.901668145203679 ], [ 2.36229364613247, 48.901691322557028 ], [ 2.362408212914534, 48.901692831815517 ], [ 2.363601511934121, 48.901717164601159 ], [ 2.363766525654217, 48.901720739224601 ], [ 2.364009288677851, 48.901724726500554 ], [ 2.365340322639594, 48.901752471196481 ], [ 2.365619903608482, 48.901757549610579 ], [ 2.366177668838696, 48.901770395027675 ], [ 2.366369952440561, 48.901775009683469 ], [ 2.366830905114833, 48.901784641905351 ], [ 2.367666877395987, 48.901803447368962 ], [ 2.367964169356938, 48.901810412438046 ], [ 2.36831057722793, 48.901816736510803 ], [ 2.368749728027094, 48.901824447729986 ], [ 2.368883380747902, 48.901826950695408 ], [ 2.368937974485929, 48.901824540419362 ], [ 2.369021212759209, 48.901822281027542 ], [ 2.369103054303868, 48.901822712158655 ], [ 2.369767182472126, 48.901838799011848 ], [ 2.369937663990351, 48.901841494587302 ], [ 2.369979948807782, 48.90184171702181 ], [ 2.370007218452391, 48.90184275977537 ], [ 2.370301804653317, 48.901847906181665 ], [ 2.370535009708819, 48.901852729285601 ], [ 2.370961863164969, 48.901862166385143 ], [ 2.371646474533445, 48.901876551763017 ], [ 2.37184149791834, 48.901880272691066 ], [ 2.371846954028905, 48.901880301306399 ], [ 2.371864675537415, 48.901881293560017 ], [ 2.372017414094196, 48.901884792432497 ], [ 2.372073339233641, 48.901885085645795 ], [ 2.372163343377751, 48.901887356103835 ], [ 2.372582024082345, 48.901895845272101 ], [ 2.372706118136581, 48.901899193208784 ], [ 2.373859880662741, 48.901922317346951 ], [ 2.375345017135831, 48.901954353568641 ], [ 2.376564233996425, 48.901979591618904 ], [ 2.376618784463551, 48.901980774865535 ], [ 2.377349765264714, 48.901996268270935 ], [ 2.377416592050434, 48.901997514973779 ], [ 2.377807993861652, 48.902005844062685 ], [ 2.378071209021053, 48.902010808378918 ], [ 2.378709447205109, 48.902024912555433 ], [ 2.378720359464076, 48.902024969160159 ], [ 2.379775917060789, 48.902047526829193 ], [ 2.379856384301887, 48.902048842804959 ], [ 2.380268247390567, 48.902057269790845 ], [ 2.380350078692644, 48.902058592492835 ], [ 2.380371892524332, 48.902059604658376 ], [ 2.380427807195331, 48.902060793226838 ], [ 2.380616001028826, 48.902065363842482 ], [ 2.380817856626233, 48.902068206167314 ], [ 2.3809733244, 48.902071707721596 ], [ 2.381018326826202, 48.902072839614924 ], [ 2.381378356992869, 48.902080994896593 ], [ 2.381720665505001, 48.902088158303435 ], [ 2.381837951110512, 48.902090562315067 ], [ 2.382005706007042, 48.90209322663258 ], [ 2.382113443394347, 48.902095581107304 ], [ 2.382226626258509, 48.902098862883797 ], [ 2.382608492020509, 48.902106227778901 ], [ 2.382791240731128, 48.902109867595158 ], [ 2.382960349114634, 48.902113436860965 ], [ 2.383043533950848, 48.902115664006217 ], [ 2.383121273309046, 48.902116963735857 ], [ 2.383238559044115, 48.902119366375914 ], [ 2.38334493250573, 48.902121712718767 ], [ 2.383385842920003, 48.902122822653844 ], [ 2.383565863671847, 48.902126447243297 ], [ 2.383624527854534, 48.902125849847373 ], [ 2.383840066784666, 48.902125160249298 ], [ 2.384530045616337, 48.902147593358407 ], [ 2.384871915446143, 48.902076505440185 ], [ 2.385053788837778, 48.902038768999773 ], [ 2.385436663122644, 48.901960695504691 ], [ 2.385581611347943, 48.901930862589026 ], [ 2.388185332320258, 48.90138212175605 ], [ 2.389265395555089, 48.901175396644831 ], [ 2.389332400904479, 48.901161349320645 ], [ 2.389418534011639, 48.901144701539103 ], [ 2.390648764868562, 48.900927038368962 ], [ 2.390837239618766, 48.900907312964584 ], [ 2.391007512366607, 48.900811053232751 ], [ 2.39107744463727, 48.90077993289507 ], [ 2.391132383335479, 48.900747836982504 ], [ 2.391196964614367, 48.900707696254777 ], [ 2.391249196196808, 48.900673787903202 ], [ 2.39133010320764, 48.90063732732699 ], [ 2.391379606639099, 48.900603405052451 ], [ 2.391441406994441, 48.900567746616382 ], [ 2.391492232236025, 48.900537428257152 ], [ 2.391672092544934, 48.90043761902448 ], [ 2.3917723049084, 48.90038326996315 ], [ 2.391967367584054, 48.900266450554867 ], [ 2.392198039985451, 48.900137221172812 ], [ 2.392379314021242, 48.90003292146951 ], [ 2.3924465794339, 48.89999639091716 ], [ 2.392637421313149, 48.899890340726031 ], [ 2.392723865964705, 48.899846712778235 ], [ 2.392789745940771, 48.899811973628928 ], [ 2.39343385155966, 48.899437526313058 ], [ 2.393878739782337, 48.899185273228603 ], [ 2.394390875859686, 48.898897386012258 ], [ 2.394629782616, 48.898762797606949 ], [ 2.39505542823846, 48.898522133856886 ], [ 2.39551809460183, 48.898264568471149 ], [ 2.395610584956598, 48.898169708056692 ], [ 2.395613354583406, 48.898166124780452 ], [ 2.395669185473697, 48.898056690289359 ], [ 2.395713634991735, 48.897987667442607 ], [ 2.39571642547791, 48.89798228564176 ], [ 2.395761000117235, 48.897902471642297 ], [ 2.395786062202647, 48.897858531722477 ], [ 2.395794454489601, 48.897840587790881 ], [ 2.395838966272525, 48.897766169318025 ], [ 2.395840361503268, 48.897763478415605 ], [ 2.395866808247499, 48.897717746831816 ], [ 2.39590580153408, 48.897648696371121 ], [ 2.395932258596785, 48.897602065506909 ], [ 2.395962901268385, 48.89754736192188 ], [ 2.395964379956462, 48.89753747692793 ], [ 2.395985193446681, 48.89750700523259 ], [ 2.396015721245966, 48.897462193503173 ], [ 2.396539383644063, 48.896530445858595 ], [ 2.396700898365535, 48.89624617686043 ], [ 2.396703678235644, 48.89624169429036 ], [ 2.396738494301982, 48.896179816952134 ], [ 2.396806731051419, 48.896058753152687 ], [ 2.396919496928808, 48.895861471771859 ], [ 2.396943120266673, 48.895823819498531 ], [ 2.397007087405705, 48.895718022408651 ], [ 2.397044568009203, 48.895661554263434 ], [ 2.39719202218758, 48.895413186229725 ], [ 2.397390853554831, 48.895085936727469 ], [ 2.397609202840062, 48.89472191303625 ], [ 2.397667826349162, 48.894606196143954 ], [ 2.397770121226809, 48.894252380029876 ], [ 2.397882252664049, 48.893873432313917 ], [ 2.397999442600821, 48.893528683843947 ], [ 2.398236114786816, 48.892640448596261 ], [ 2.398769474282695, 48.890270725272352 ], [ 2.398772315958186, 48.890260847025381 ], [ 2.398903121545698, 48.889680543151641 ], [ 2.398941654577953, 48.889532348767588 ], [ 2.399111305942041, 48.888658161415044 ], [ 2.399119799374466, 48.888631224412109 ], [ 2.399135941386649, 48.888532380117411 ], [ 2.399139498914749, 48.888460452292485 ], [ 2.399169562774805, 48.887627831601051 ], [ 2.399171860301647, 48.887546904176567 ], [ 2.399174313465041, 48.887452487699981 ], [ 2.399183788008383, 48.887222308833813 ], [ 2.399189611731324, 48.887072151271887 ], [ 2.399196286232862, 48.88684825353171 ], [ 2.399202078751087, 48.886700793729169 ], [ 2.399208130623514, 48.886530852144155 ], [ 2.399206829247257, 48.886525449678821 ], [ 2.399215712086219, 48.886346529044403 ], [ 2.399220265375465, 48.886188271082034 ], [ 2.399224082004894, 48.886093861329805 ], [ 2.399227597744506, 48.886025530426309 ], [ 2.399232171719419, 48.885865473875171 ], [ 2.399241811713725, 48.885620906332051 ], [ 2.399247479471483, 48.885484237619025 ], [ 2.399251617609398, 48.885361950390411 ], [ 2.399280885994179, 48.885307238504232 ], [ 2.399467486685998, 48.884971827520566 ], [ 2.399486970997726, 48.884937750940963 ], [ 2.399498118211743, 48.884917122401198 ], [ 2.399523191633704, 48.884871382635431 ], [ 2.399686131518929, 48.884577221436118 ], [ 2.399745978178278, 48.884472300560702 ], [ 2.399797518782036, 48.884378129899865 ], [ 2.399893615779397, 48.884204142674697 ], [ 2.399964639527468, 48.884075895243299 ], [ 2.400106665255306, 48.883821198754852 ], [ 2.400492240382726, 48.883494876497572 ], [ 2.400508810029977, 48.883476972966669 ], [ 2.400581844136197, 48.883410788589721 ], [ 2.400979747165697, 48.883079130439512 ], [ 2.401008650422905, 48.883055892590313 ], [ 2.401343288081369, 48.882770681539832 ], [ 2.401507160545186, 48.882631206054434 ], [ 2.401737410896383, 48.882529833716305 ], [ 2.402025238063836, 48.882401768746711 ], [ 2.402247274312454, 48.882303052367817 ], [ 2.402540583986402, 48.882172315540629 ], [ 2.402629666381499, 48.882133189719454 ], [ 2.402905145386394, 48.882011356278944 ], [ 2.403047703077028, 48.881946416375527 ], [ 2.403158703907277, 48.881898406182081 ], [ 2.403232724957176, 48.881864600778812 ], [ 2.403467089977939, 48.881760547608877 ], [ 2.403494493982592, 48.88174899291014 ], [ 2.403654858139889, 48.881676946383926 ], [ 2.403709676262498, 48.881652937617481 ], [ 2.403965958291773, 48.881539999356278 ], [ 2.40457585141299, 48.881268739620431 ], [ 2.405612426937696, 48.881006790497217 ], [ 2.406761832965058, 48.880774169991717 ], [ 2.406917638313954, 48.8807425661781 ], [ 2.407077544145842, 48.880710083143043 ], [ 2.407174586520526, 48.880689879199572 ], [ 2.407411010438594, 48.880643385367279 ], [ 2.407856546632826, 48.880553858526945 ], [ 2.408068396152382, 48.880509939827526 ], [ 2.408280224879402, 48.880467819304016 ], [ 2.408354026028353, 48.88045289549202 ], [ 2.408440118802962, 48.880436233717219 ], [ 2.409359835767224, 48.88025551338977 ], [ 2.409415210652019, 48.88018204176997 ], [ 2.409929745359619, 48.879537962728428 ], [ 2.410682196515709, 48.878592878384545 ], [ 2.410820319151064, 48.878436175815359 ], [ 2.411648466507144, 48.877425806124585 ], [ 2.412208384325075, 48.876742368492479 ], [ 2.412453090020586, 48.876443193702109 ], [ 2.412668536044865, 48.875715793676385 ], [ 2.412719624294485, 48.875537976920349 ], [ 2.412820223511261, 48.875201221469133 ], [ 2.412940718869718, 48.874792616936809 ], [ 2.413149061161166, 48.874089462137746 ], [ 2.413431063629795, 48.873140250511511 ], [ 2.413646198880088, 48.872438026479635 ], [ 2.413649310091611, 48.872403867071654 ], [ 2.41365847160794, 48.872316676657888 ], [ 2.413660280284812, 48.872277114867821 ], [ 2.413691675458419, 48.871910340740705 ], [ 2.413699048431472, 48.87186091352428 ], [ 2.41370496704437, 48.871819573181654 ], [ 2.413720181761154, 48.871557941672947 ], [ 2.41378770426994, 48.870888268687928 ], [ 2.413812498274288, 48.870744496650978 ], [ 2.413832679230656, 48.870526057249563 ], [ 2.413837163536687, 48.87049100516856 ], [ 2.413868647460327, 48.870116136835712 ], [ 2.413918823766366, 48.869655023734303 ], [ 2.41392629738481, 48.86959660354718 ], [ 2.413932326856992, 48.869545370966819 ], [ 2.413932458389641, 48.869533680253639 ], [ 2.413930460508066, 48.869468918336686 ], [ 2.41393808585335, 48.8693970088529 ], [ 2.413956477652905, 48.86921633249775 ], [ 2.41396064494842, 48.867513010284192 ], [ 2.413981727024356, 48.867093123136051 ], [ 2.413994394833126, 48.866815289944405 ], [ 2.413995798413295, 48.866811699467 ], [ 2.413999020337852, 48.866767647709345 ], [ 2.413999182197129, 48.866753259103021 ], [ 2.413996810038715, 48.866721770678105 ], [ 2.414011728438983, 48.866486217281597 ], [ 2.414009710343824, 48.866423253763848 ], [ 2.414009328487379, 48.866336016134156 ], [ 2.414009854516087, 48.866289253144679 ], [ 2.414003527142931, 48.866124643334281 ], [ 2.414003064371064, 48.866044599988847 ], [ 2.413979138633278, 48.865384368547495 ], [ 2.413977335687162, 48.865181109189784 ], [ 2.413975532755114, 48.864977849794734 ], [ 2.413951255837118, 48.864712425919947 ], [ 2.413985388130426, 48.86446527477424 ], [ 2.413994203750113, 48.864408659562578 ], [ 2.414012057473055, 48.864275644750677 ], [ 2.414020883147006, 48.864218130237376 ], [ 2.414094840973361, 48.863702271343378 ], [ 2.4141053834727, 48.863613288301345 ], [ 2.414117481122137, 48.863507225403659 ], [ 2.414120439789225, 48.863486555066096 ], [ 2.414136707359646, 48.863373317846879 ], [ 2.414245595466344, 48.862296440808677 ], [ 2.414244353802721, 48.862285642638952 ], [ 2.414265538788356, 48.862098683375947 ], [ 2.414370428780845, 48.86064945777057 ], [ 2.414419985069012, 48.860242298110329 ], [ 2.414701692063774, 48.858704000544719 ], [ 2.414711878934123, 48.858646492357373 ], [ 2.414739673209084, 48.858477551619934 ], [ 2.41475298984724, 48.858384084958864 ], [ 2.414777613619787, 48.858254699816335 ], [ 2.414865052972925, 48.857750595161065 ], [ 2.414946756430613, 48.857271643839319 ], [ 2.415117043674978, 48.856186066948794 ], [ 2.415121455219413, 48.856157309442082 ], [ 2.415286455935682, 48.855177828333709 ], [ 2.415367717605381, 48.854737545419063 ], [ 2.415370655098158, 48.854718673482807 ], [ 2.415418129624173, 48.854495867330385 ], [ 2.415437076791709, 48.854386239524686 ], [ 2.415442850796509, 48.854357488617232 ], [ 2.415476353848527, 48.85416519193268 ], [ 2.415842449810515, 48.852144345428471 ], [ 2.415986159266819, 48.851359914907093 ], [ 2.415987602609048, 48.851352727154122 ], [ 2.415997857174139, 48.851288923372628 ], [ 2.416002207346146, 48.851265561510509 ], [ 2.41604752505516, 48.85099148096694 ], [ 2.416157072995074, 48.850336389210653 ], [ 2.416202227882441, 48.850076697205225 ], [ 2.416266154787504, 48.84972266485628 ], [ 2.416276408690785, 48.849658860957447 ], [ 2.416282181708712, 48.849630109887244 ], [ 2.416287995013767, 48.849597761608052 ], [ 2.416289448338903, 48.84958967453808 ], [ 2.416292395280993, 48.849569903189824 ], [ 2.416292566526906, 48.849554615055425 ], [ 2.416295473172902, 48.849538440914635 ], [ 2.416305626273584, 48.849483630023656 ], [ 2.416309956010981, 48.849462066716647 ], [ 2.41632160268741, 48.849395571540278 ], [ 2.416325962628902, 48.849371310324457 ], [ 2.416341130298895, 48.849233783557054 ], [ 2.41634983851788, 48.848699611161116 ], [ 2.41608254195676, 48.8472584436266 ], [ 2.416026185035231, 48.846937099470722 ], [ 2.415983930397751, 48.846694967145197 ], [ 2.415971110769568, 48.846622956282282 ], [ 2.415963529871942, 48.846569857413158 ], [ 2.415937890768933, 48.846425835660703 ], [ 2.415914835855735, 48.846294417453628 ], [ 2.415864779782865, 48.846018970753413 ], [ 2.415859682299911, 48.845987468471769 ], [ 2.41578781412454, 48.845591401672706 ], [ 2.415767656458794, 48.845444708456206 ], [ 2.415752223227879, 48.845362791822104 ], [ 2.415736548076176, 48.845302458510133 ], [ 2.415663673457239, 48.844996321963023 ], [ 2.415612339279208, 48.844835086677215 ], [ 2.415588650567443, 48.844760324489293 ], [ 2.415299092607448, 48.843849661242146 ], [ 2.415270146448818, 48.843757785462053 ], [ 2.415204402302516, 48.843545216079178 ], [ 2.415200395510431, 48.84353800164363 ], [ 2.415164950017219, 48.843418213996863 ], [ 2.415138678876488, 48.84333084800582 ], [ 2.415112367454111, 48.843247079230267 ], [ 2.415099237006263, 48.843202946570337 ], [ 2.415068999715945, 48.843104768876763 ], [ 2.414913959728251, 48.842593176100713 ], [ 2.414849601173435, 48.842378814349296 ], [ 2.414248164600639, 48.840488118732495 ], [ 2.414046530133939, 48.839759549826937 ], [ 2.414022856085412, 48.8396838876792 ], [ 2.413576795197298, 48.838277800926789 ], [ 2.413571497493245, 48.8382642845474 ], [ 2.413203191666156, 48.837214722840685 ], [ 2.41301705652408, 48.836684984947908 ], [ 2.41285203333191, 48.836216506762867 ], [ 2.412245612562639, 48.834538914678525 ], [ 2.411471874927622, 48.833928938778129 ], [ 2.411628818451134, 48.833904528716282 ], [ 2.411844419906811, 48.833873211992497 ], [ 2.412083209826149, 48.833839310770294 ], [ 2.412301504825287, 48.833810704555795 ], [ 2.412586590425244, 48.833778828525659 ], [ 2.412742018752122, 48.833767900026217 ], [ 2.412954691917735, 48.833754554209634 ], [ 2.413170099598751, 48.83374032206752 ], [ 2.413505425613418, 48.833723080160809 ], [ 2.413921063446629, 48.833711627056715 ], [ 2.414200304373577, 48.833714793746715 ], [ 2.414401876898559, 48.833719378273152 ], [ 2.414633378560053, 48.833727706394981 ], [ 2.414898855796042, 48.833743395188776 ], [ 2.415166997155566, 48.83376449260281 ], [ 2.415470466512807, 48.83379385634516 ], [ 2.415752049454575, 48.833831206683456 ], [ 2.415968294997262, 48.833863740518666 ], [ 2.416198022348807, 48.833908930858875 ], [ 2.416456276936897, 48.833961454846097 ], [ 2.416608457114135, 48.833997272390789 ], [ 2.416996956303086, 48.834098096672669 ], [ 2.417337888379132, 48.834188794968711 ], [ 2.417997648546865, 48.834397961313748 ], [ 2.418225726669396, 48.834469221225056 ], [ 2.419349709161047, 48.834831730031389 ], [ 2.419796237439637, 48.834983191087112 ], [ 2.420222454034239, 48.835123759640069 ], [ 2.420386670788106, 48.8351803159903 ], [ 2.420621447102113, 48.835262396057146 ], [ 2.420846708088571, 48.835342630856601 ], [ 2.420915945249885, 48.835364550773825 ], [ 2.421016385376026, 48.835398313401996 ], [ 2.421675906213892, 48.835631740700691 ], [ 2.422038224535489, 48.835761201345761 ], [ 2.422138636243514, 48.835797660960381 ], [ 2.421991639117929, 48.836030784749411 ], [ 2.421801471133151, 48.836348239610949 ], [ 2.421690280536158, 48.836546460921504 ], [ 2.421585771008499, 48.836756406098779 ], [ 2.421512524488783, 48.836972797875035 ], [ 2.42147573630694, 48.837095832387092 ], [ 2.421447122003683, 48.83721890641052 ], [ 2.42139915989427, 48.837489381954875 ], [ 2.42125409359263, 48.838161401602576 ], [ 2.421087684873327, 48.838791946867403 ], [ 2.421073451730373, 48.838846738908885 ], [ 2.421062063196676, 48.838890752401149 ], [ 2.420930485621126, 48.839329002811134 ], [ 2.420772547136301, 48.8396870823481 ], [ 2.420719456350944, 48.839805540612431 ], [ 2.420613354031453, 48.840035262552199 ], [ 2.420565932154411, 48.840133962286956 ], [ 2.420522687346351, 48.840224588004531 ], [ 2.420475365118683, 48.840314294588289 ], [ 2.420393582068758, 48.840439808508165 ], [ 2.420303634051087, 48.840564383434746 ], [ 2.420222160312099, 48.840662018613912 ], [ 2.420132581698629, 48.840753318937601 ], [ 2.420019821334009, 48.840846305513224 ], [ 2.41977603702379, 48.84108165442025 ], [ 2.419713896051174, 48.841155999686841 ], [ 2.419634904840928, 48.841275231048478 ], [ 2.419538952900592, 48.841449240854786 ], [ 2.419469538255405, 48.841687233711845 ], [ 2.419442499539574, 48.841790528573526 ], [ 2.419393871653109, 48.841997144700706 ], [ 2.419382280642248, 48.842059144075755 ], [ 2.419371841680653, 48.842140035533056 ], [ 2.419357555615491, 48.842321636271791 ], [ 2.41935468026345, 48.842457425177059 ], [ 2.419356954364108, 48.842497907263173 ], [ 2.41937013833373, 48.842537542943873 ], [ 2.419390134732613, 48.842577211685473 ], [ 2.419441037510713, 48.842655702744196 ], [ 2.419469248987137, 48.842691813909639 ], [ 2.419582435801277, 48.842805682029905 ], [ 2.4197349150669, 48.842939526461421 ], [ 2.419784646448259, 48.843000923895225 ], [ 2.419823548067882, 48.843055973290298 ], [ 2.419848924917877, 48.843101963520532 ], [ 2.419862069372619, 48.843145196355586 ], [ 2.419865686374401, 48.843187483629343 ], [ 2.419866067853579, 48.843275622365034 ], [ 2.419865327082177, 48.843342171110415 ], [ 2.419859968239217, 48.843456363315184 ], [ 2.420056300570065, 48.843567936007702 ], [ 2.420114528184451, 48.843600595071791 ], [ 2.420262261349782, 48.843671460822705 ], [ 2.421003628269744, 48.844028497882711 ], [ 2.421448168812277, 48.844243795708827 ], [ 2.421700291351149, 48.844362830224796 ], [ 2.421847988927574, 48.844437291195561 ], [ 2.421923317151381, 48.844402580372112 ], [ 2.422019252758618, 48.844352680029473 ], [ 2.422112483071237, 48.844300967830762 ], [ 2.422225007899311, 48.844229562934473 ], [ 2.422325349452309, 48.844150904259735 ], [ 2.422435387811297, 48.844057902630261 ], [ 2.422534595380905, 48.843958553127678 ], [ 2.422653126853874, 48.843836812913985 ], [ 2.422765094224838, 48.843692557016041 ], [ 2.422853619496058, 48.843573369859087 ], [ 2.422902054143752, 48.843506151856062 ], [ 2.422944958988702, 48.843446102000762 ], [ 2.422965715186558, 48.843417422741453 ], [ 2.423043319611247, 48.843299981453612 ], [ 2.423152967854645, 48.843118840362244 ], [ 2.423283341302335, 48.842911717737422 ], [ 2.423413216258988, 48.842749560338831 ], [ 2.423491922523837, 48.842655507269811 ], [ 2.423569156612504, 48.842571339967051 ], [ 2.423643605821189, 48.842492555329592 ], [ 2.423726299278977, 48.842407514861634 ], [ 2.423806187977489, 48.842329655673147 ], [ 2.423880556955075, 48.842258065339585 ], [ 2.42394800402987, 48.84219633454606 ], [ 2.424023605893133, 48.842136441688389 ], [ 2.424095030739686, 48.842084622880847 ], [ 2.424195116954185, 48.842028445205763 ], [ 2.424347225006844, 48.841950033872685 ], [ 2.42440058961805, 48.841929605451618 ], [ 2.424464863838393, 48.841908330137379 ], [ 2.424534597793657, 48.841886181695934 ], [ 2.424652097345379, 48.841857068099173 ], [ 2.424738150931653, 48.841837696097315 ], [ 2.424829614606771, 48.841821947472404 ], [ 2.42491969591837, 48.841807990845567 ], [ 2.425004277726061, 48.841798504500815 ], [ 2.425095651972973, 48.841790849453133 ], [ 2.425182928889208, 48.841784074004494 ], [ 2.425279762847904, 48.841775545693878 ], [ 2.425818628737497, 48.841715178374187 ], [ 2.427303780868216, 48.841591890845621 ], [ 2.427575156761256, 48.841570705799498 ], [ 2.428130169985212, 48.841528392478445 ], [ 2.428244744502207, 48.841517248507451 ], [ 2.428351124513047, 48.841507863981974 ], [ 2.430639721610671, 48.841299335444205 ], [ 2.430718812462053, 48.841293416355818 ], [ 2.431532950269271, 48.841228037491554 ], [ 2.432248999683828, 48.841161288241047 ], [ 2.432334902374451, 48.841155400414671 ], [ 2.432487613868869, 48.841145332708685 ], [ 2.432915783985955, 48.841114087023179 ], [ 2.433454624414471, 48.84105458458199 ], [ 2.433544643445916, 48.841046017312941 ], [ 2.433560279288978, 48.841111744381919 ], [ 2.433572042847849, 48.841157667266394 ], [ 2.43366970903699, 48.841197701363122 ], [ 2.434157914406087, 48.841158641230159 ], [ 2.435546277971638, 48.841036592332095 ], [ 2.435776725652443, 48.841019692354209 ], [ 2.437184204443509, 48.840893217842293 ], [ 2.4372817171976, 48.841326266941735 ], [ 2.437541681997126, 48.842614467303299 ], [ 2.437896138019326, 48.844365377401715 ], [ 2.437914282329583, 48.844451800592516 ], [ 2.437940155768808, 48.844579630343908 ], [ 2.437958319623622, 48.844664254895903 ], [ 2.438172470882146, 48.844643676310866 ], [ 2.438379818974271, 48.844622166052304 ], [ 2.438614427325191, 48.844599884004388 ], [ 2.438767196121514, 48.844585311773898 ], [ 2.439488703517967, 48.844521242882173 ], [ 2.439713724857318, 48.844503410529612 ], [ 2.439994658265582, 48.844481342725828 ], [ 2.440171951937437, 48.844466883502214 ], [ 2.440334247985239, 48.844453253208819 ], [ 2.440519707011923, 48.844439731022348 ], [ 2.440576916945584, 48.844695414866322 ], [ 2.440592398650243, 48.844776429035186 ], [ 2.440600207091121, 48.844810640961619 ], [ 2.440607909361443, 48.844854745272656 ], [ 2.440615688866213, 48.844891655119078 ], [ 2.440704312198336, 48.844886673352136 ], [ 2.440801139730463, 48.844879031809484 ], [ 2.440863909987161, 48.845251657243828 ], [ 2.440681366302256, 48.845247206544258 ], [ 2.44075815339398, 48.84596434933394 ], [ 2.440856355142051, 48.845955814816357 ], [ 2.441832429345915, 48.845916304436741 ], [ 2.442269940068898, 48.845906653274348 ], [ 2.444135703949513, 48.845877563877146 ], [ 2.444286978123056, 48.845875568586159 ], [ 2.444920679114487, 48.845868617580678 ], [ 2.446646486889992, 48.845801966183075 ], [ 2.446497282929874, 48.844967576616057 ], [ 2.446969039372334, 48.844940079691192 ], [ 2.447455935881397, 48.844898261196654 ], [ 2.44785282741999, 48.844863220176364 ], [ 2.448268851168167, 48.844822869962279 ], [ 2.448653554808404, 48.844780575260366 ], [ 2.449090129484815, 48.844729524674108 ], [ 2.449526722303672, 48.844676673874972 ], [ 2.44999200348537, 48.844616758561116 ], [ 2.450371339412655, 48.844566339491585 ], [ 2.450813502906814, 48.844501818012567 ], [ 2.451865891066269, 48.84432857267123 ], [ 2.452228901075269, 48.844275374855997 ], [ 2.452620580123383, 48.844216911003514 ], [ 2.453503390540451, 48.844101333159045 ], [ 2.454324563365996, 48.844016045663089 ], [ 2.455169018589407, 48.843919166988456 ], [ 2.45645703966083, 48.843752350300683 ], [ 2.456779071761003, 48.843707946027962 ], [ 2.457843527623449, 48.843549991934779 ], [ 2.458370345152385, 48.843466939756595 ], [ 2.458614645467267, 48.843428474059436 ], [ 2.459336924080817, 48.843286045388091 ], [ 2.459873497765624, 48.843181446219134 ], [ 2.461008304467566, 48.842938343073229 ], [ 2.461464604893392, 48.842821683479663 ], [ 2.46179392235388, 48.842730532157276 ], [ 2.462209409518415, 48.842607390621644 ], [ 2.462445908347604, 48.842532008553391 ], [ 2.462672906191356, 48.842452985928496 ], [ 2.462847962202229, 48.842389918011591 ], [ 2.462992978353152, 48.842333010465495 ], [ 2.463185977371422, 48.842247538763147 ], [ 2.463519810699625, 48.84211413332973 ], [ 2.463741475493356, 48.842023393152097 ], [ 2.464181057444528, 48.841808618685889 ], [ 2.464478376103009, 48.841648066381531 ], [ 2.464679822019385, 48.841535649440367 ], [ 2.46490324180869, 48.841406242722755 ], [ 2.465258517101662, 48.841173999356464 ], [ 2.465410865260516, 48.841065858438839 ], [ 2.465504258746295, 48.840993428084296 ], [ 2.465699348660684, 48.840836013271911 ], [ 2.465876734920337, 48.840677619724588 ], [ 2.466073332363316, 48.840505821327945 ], [ 2.466164109594405, 48.840422586498953 ], [ 2.466436743355436, 48.840143204210982 ], [ 2.466639265157902, 48.839924664791013 ], [ 2.466928748572963, 48.839595891875973 ], [ 2.467189700650502, 48.839258896902017 ], [ 2.467319402317013, 48.839099389275724 ], [ 2.467621248579607, 48.838759877265105 ], [ 2.46778660841248, 48.838577144514808 ], [ 2.467913269660949, 48.838448200739016 ], [ 2.468023306407835, 48.838346163566293 ], [ 2.468075517268972, 48.838303226659491 ], [ 2.468546929395537, 48.837901511085661 ], [ 2.468673394608693, 48.837791452057239 ], [ 2.468835619729405, 48.837648275493272 ], [ 2.468911255037573, 48.837579360874805 ], [ 2.468992403699485, 48.837504175183845 ], [ 2.469235747548336, 48.837288510228184 ], [ 2.469472533957363, 48.837047633665797 ], [ 2.469573293706517, 48.836919472464785 ], [ 2.469661828529989, 48.836787659536597 ], [ 2.469803238423913, 48.836547258676369 ], [ 2.469835303782604, 48.836475452212319 ], [ 2.469851066867316, 48.836399076694924 ], [ 2.469838477205297, 48.836297393495414 ], [ 2.46983898943172, 48.836247031741316 ], [ 2.469841147530553, 48.836168797192784 ], [ 2.469834017515895, 48.835798230172301 ], [ 2.469787974771503, 48.835503036634677 ], [ 2.469724350790883, 48.835195174038844 ], [ 2.469609262628323, 48.834857404285998 ], [ 2.469537639367605, 48.834666422595319 ], [ 2.469510961185397, 48.834610544023519 ], [ 2.46949629644682, 48.834579001418774 ], [ 2.469482994004041, 48.834547464853578 ], [ 2.469488708542685, 48.83452140878866 ], [ 2.469499917944533, 48.834490880298986 ], [ 2.469496032469829, 48.834471077166846 ], [ 2.469471685406375, 48.834453881355685 ], [ 2.469443242380142, 48.834437566729811 ], [ 2.469409341118773, 48.834422127243116 ], [ 2.469397245421389, 48.834405885121768 ], [ 2.469324827037555, 48.834293143947015 ], [ 2.469197169521043, 48.834119900511581 ], [ 2.469012572659206, 48.833919423361422 ], [ 2.468891206101009, 48.833797470961542 ], [ 2.468756135072832, 48.833683551792035 ], [ 2.46861815678055, 48.833587606736401 ], [ 2.468485472111639, 48.833506974153707 ], [ 2.468248335054883, 48.833382707804688 ], [ 2.468095144387775, 48.833309178482104 ], [ 2.467962286840511, 48.833245632366499 ], [ 2.46788233673952, 48.833203906135097 ], [ 2.467760304190909, 48.833147602827744 ], [ 2.467651793278926, 48.833101252538611 ], [ 2.467329087259266, 48.832952320688037 ], [ 2.467127134516121, 48.832851592095594 ], [ 2.466938823254061, 48.832749125226918 ], [ 2.466569253346512, 48.832520838634885 ], [ 2.466519228374959, 48.832483741720488 ], [ 2.466273218864985, 48.832295577093056 ], [ 2.466051795461354, 48.832101226153952 ], [ 2.465822578289196, 48.831869966137475 ], [ 2.465627464284063, 48.831634361191021 ], [ 2.465575149755094, 48.831554983617195 ], [ 2.465568633789725, 48.831526174926793 ], [ 2.465577074349572, 48.831500131152133 ], [ 2.465584180362069, 48.831471383327901 ], [ 2.465581612699125, 48.83145608270479 ], [ 2.465561401023302, 48.831434407708464 ], [ 2.465532933207311, 48.831420790070567 ], [ 2.465505790718533, 48.831410775795696 ], [ 2.465481400294529, 48.831398075728472 ], [ 2.465426352616534, 48.831319585217777 ], [ 2.465348867285401, 48.831170844139926 ], [ 2.465272790705597, 48.831017612477815 ], [ 2.465208909624012, 48.830870730812684 ], [ 2.465144936633404, 48.830732842305459 ], [ 2.465077154299845, 48.8305679558325 ], [ 2.465037516514101, 48.830448163319318 ], [ 2.465028230500576, 48.830423838992047 ], [ 2.465004468244834, 48.83034998496116 ], [ 2.464947851837452, 48.830159066778911 ], [ 2.464899058013573, 48.83000235932937 ], [ 2.464805613092892, 48.82968356665986 ], [ 2.464771526757095, 48.829553905803635 ], [ 2.464738811968145, 48.82942335169686 ], [ 2.464702177139618, 48.829276591475249 ], [ 2.464679062295358, 48.829139784739979 ], [ 2.464670118369934, 48.829082185427644 ], [ 2.464649617136647, 48.828956182727353 ], [ 2.464632015731462, 48.828813105074687 ], [ 2.464607627050193, 48.828535092395491 ], [ 2.464610827079945, 48.828356133232205 ], [ 2.464637118493171, 48.827918260411273 ], [ 2.464646704073337, 48.827780700515561 ], [ 2.464651159771185, 48.827744745868792 ], [ 2.464661941154306, 48.82762337987247 ], [ 2.464743842380538, 48.827606658527898 ], [ 2.464857117912069, 48.827585580697296 ], [ 2.464971773905716, 48.827562710205392 ], [ 2.465094593138124, 48.827540775480642 ], [ 2.465232235297585, 48.827667302121171 ], [ 2.465391059409462, 48.827587968734306 ], [ 2.465433505689706, 48.82756657371413 ], [ 2.466178324692476, 48.827327971479285 ], [ 2.465894162282311, 48.826611707279206 ], [ 2.465794430549395, 48.826374728634548 ], [ 2.465730572119005, 48.82622604799036 ], [ 2.465712037823175, 48.826173801959712 ], [ 2.465529328804514, 48.825660346788524 ], [ 2.465502853142913, 48.825585581043043 ], [ 2.465319736172735, 48.824979488644885 ], [ 2.465189202930903, 48.824957320142509 ], [ 2.465299394785838, 48.824705090729992 ], [ 2.465240895636576, 48.824565427223753 ], [ 2.465186418264485, 48.824432077228586 ], [ 2.465157201244621, 48.82435909779479 ], [ 2.465122665434857, 48.82427350341321 ], [ 2.465093540859405, 48.824191530689909 ], [ 2.465052186014252, 48.824106805139969 ], [ 2.465044244672475, 48.82408428542211 ], [ 2.464026027775455, 48.822302573947248 ], [ 2.464004828140454, 48.822244919293524 ], [ 2.463944779099116, 48.822124134629597 ], [ 2.463870035557543, 48.821975403585697 ], [ 2.463801935694715, 48.821842890917409 ], [ 2.463751319439641, 48.821732041472515 ], [ 2.463724635577016, 48.821677959622463 ], [ 2.463403193342944, 48.82114948680249 ], [ 2.46319718783961, 48.820786115931362 ], [ 2.463158395938868, 48.820717589619733 ], [ 2.462867047647515, 48.820177558136876 ], [ 2.462784389082918, 48.81974009240092 ], [ 2.462696960503024, 48.819369158503747 ], [ 2.462529348017551, 48.819246090661586 ], [ 2.46258308226595, 48.81918607426924 ], [ 2.462653372042783, 48.819105446696639 ], [ 2.462696062752352, 48.819059770569197 ], [ 2.462452056780199, 48.818948950486359 ], [ 2.461205214252254, 48.818355149158926 ], [ 2.460530369825204, 48.81802743277823 ], [ 2.459540902052887, 48.817571479118129 ], [ 2.459115403967741, 48.81736539730278 ], [ 2.45941357657735, 48.816847807107479 ], [ 2.459119228635604, 48.81699667138443 ], [ 2.458717081488417, 48.81703442398824 ], [ 2.458053997051858, 48.817019728503283 ], [ 2.455919276695358, 48.817081983643291 ], [ 2.455102212840573, 48.817075564762639 ], [ 2.454833793289462, 48.817087831822704 ], [ 2.454688003291217, 48.817094362000667 ], [ 2.454662128704556, 48.81709424399174 ], [ 2.454388252261233, 48.817107384537927 ], [ 2.454202941109535, 48.817116431897794 ], [ 2.454073511635534, 48.817121237259386 ], [ 2.453978137082168, 48.81712529862785 ], [ 2.453452200812277, 48.817148977566127 ], [ 2.453332181373585, 48.817165517003232 ], [ 2.453283089776462, 48.817171588164179 ], [ 2.453001997808054, 48.817223365634156 ], [ 2.45273175268715, 48.817279688961065 ], [ 2.452700355199985, 48.817286740242437 ], [ 2.452525711109092, 48.817317418810553 ], [ 2.452360486259382, 48.817358932754715 ], [ 2.452244419215035, 48.817388080440352 ], [ 2.451314544744706, 48.817618553601307 ], [ 2.451239473535739, 48.817634397817777 ], [ 2.450806758669985, 48.817728644108662 ], [ 2.45055842115609, 48.817773371282136 ], [ 2.450169681068155, 48.817830043627183 ], [ 2.449836898946705, 48.817875280335628 ], [ 2.449753722306277, 48.817884790707339 ], [ 2.449670555127019, 48.817893401690903 ], [ 2.449422529215229, 48.817908448603042 ], [ 2.448934733550394, 48.817930484570816 ], [ 2.448385683123887, 48.817949537855725 ], [ 2.447786272701002, 48.817965657930181 ], [ 2.447573825309135, 48.817964676587287 ], [ 2.447409099584878, 48.817958519177829 ], [ 2.446707989538548, 48.817932792594064 ], [ 2.446618136646437, 48.817929678656242 ], [ 2.445957624591826, 48.817928418656038 ], [ 2.444713170131854, 48.817897463350178 ], [ 2.444180901563039, 48.81787520404955 ], [ 2.443731293079062, 48.817892000060098 ], [ 2.442686608207407, 48.817901525341021 ], [ 2.442325672531204, 48.817904339348502 ], [ 2.442096739080842, 48.817916761997338 ], [ 2.441855394935069, 48.81794351626796 ], [ 2.441012128685444, 48.818093370009187 ], [ 2.440137361263479, 48.818259259051231 ], [ 2.43993688933702, 48.818284402073054 ], [ 2.439853739221728, 48.818291207567285 ], [ 2.439727077526854, 48.818291513508463 ], [ 2.439400339937336, 48.818280088945322 ], [ 2.438447510274186, 48.818232447882238 ], [ 2.437576383457783, 48.818186082925244 ], [ 2.43745251361453, 48.818180103965524 ], [ 2.437328614686425, 48.818176822864316 ], [ 2.437334899886154, 48.818225418670735 ], [ 2.437403319816506, 48.818826522689328 ], [ 2.437442471570392, 48.819110909080791 ], [ 2.437431460169088, 48.819121649761115 ], [ 2.437420468169278, 48.819130591783882 ], [ 2.437387511554407, 48.81915561918926 ], [ 2.437344953868419, 48.819186897024089 ], [ 2.437236793244596, 48.819239451075525 ], [ 2.436924916588071, 48.819364794539631 ], [ 2.436502638623521, 48.819497711323756 ], [ 2.436435702337469, 48.819516282710104 ], [ 2.436331907696515, 48.819542774677373 ], [ 2.436027653556642, 48.819592604336854 ], [ 2.435170386036825, 48.819647916598058 ], [ 2.434901851098011, 48.819669132161088 ], [ 2.434768951783175, 48.819616340339742 ], [ 2.434655187346716, 48.819557343222087 ], [ 2.434461715978788, 48.819438610359882 ], [ 2.434407640770512, 48.81940148026186 ], [ 2.434353594907106, 48.81936165215479 ], [ 2.434144075250624, 48.819215861610871 ], [ 2.434261834796676, 48.819910735391993 ], [ 2.434287751289358, 48.820158185694318 ], [ 2.434107829815101, 48.820296737202227 ], [ 2.43328036705762, 48.820866618364654 ], [ 2.433093787310494, 48.820990746763776 ], [ 2.432480242297729, 48.821425830878717 ], [ 2.432890021773651, 48.82169308982855 ], [ 2.432634430984657, 48.821900531733156 ], [ 2.432194835497047, 48.821619639799344 ], [ 2.430465711835115, 48.822809380218708 ], [ 2.430403941923842, 48.82285315521176 ], [ 2.43037098941349, 48.822877281275723 ], [ 2.430628080921095, 48.823157310770554 ], [ 2.430565164841366, 48.823181294211231 ], [ 2.430269808521484, 48.823286912567873 ], [ 2.430014105783506, 48.823378329267307 ], [ 2.429860963974269, 48.82343246086036 ], [ 2.429694192167298, 48.823487426624808 ], [ 2.429375816366272, 48.823580341782993 ], [ 2.429226897097742, 48.823621901515928 ], [ 2.428768027745992, 48.823733031181916 ], [ 2.428318858027208, 48.823828916151307 ], [ 2.427958492642778, 48.823900041887505 ], [ 2.427741530761156, 48.823935878035904 ], [ 2.427420879060437, 48.823987406034441 ], [ 2.426982996027741, 48.824047365196591 ], [ 2.42657519468203, 48.824096674557545 ], [ 2.426232966554128, 48.824128309752382 ], [ 2.425670034352095, 48.824164280419005 ], [ 2.425480577413107, 48.824175961553081 ], [ 2.425131776070185, 48.824185977120266 ], [ 2.424837534048813, 48.824189059128628 ], [ 2.424653634008315, 48.824190872600838 ], [ 2.424516101584396, 48.824187512711624 ], [ 2.424332280975855, 48.824182131104692 ], [ 2.423884261913609, 48.824172778579396 ], [ 2.423625581060777, 48.82416253835698 ], [ 2.423449922693297, 48.8241580941039 ], [ 2.423351908353472, 48.82415312465411 ], [ 2.423057855494422, 48.82413911514567 ], [ 2.422955755226634, 48.824134125657878 ], [ 2.422878161027141, 48.824130153724219 ], [ 2.421826072954111, 48.824058518183385 ], [ 2.421718495045436, 48.824056199267481 ], [ 2.421462449379506, 48.824054061444421 ], [ 2.420677968534262, 48.824047565509126 ], [ 2.420329137132224, 48.824060265038135 ], [ 2.419962519541094, 48.824080072251441 ], [ 2.419744259478014, 48.824109592018786 ], [ 2.419386884881164, 48.824155524087651 ], [ 2.419242242363506, 48.824179104749824 ], [ 2.418914650479385, 48.824241368727712 ], [ 2.418603311606461, 48.824311805170048 ], [ 2.418233094541386, 48.82440983488911 ], [ 2.418067789813693, 48.824453999148552 ], [ 2.417872470397529, 48.824502513930739 ], [ 2.417763188274805, 48.824530761785738 ], [ 2.417465596863688, 48.8245895703717 ], [ 2.417131220375362, 48.824649098300959 ], [ 2.416861089157998, 48.824688253058213 ], [ 2.416513222032046, 48.824736021650786 ], [ 2.416233716898834, 48.824760739316609 ], [ 2.415976094429699, 48.824777468860511 ], [ 2.415657291919882, 48.824784005833848 ], [ 2.415303127328633, 48.824785872209553 ], [ 2.415248656759778, 48.824784706500459 ], [ 2.415082510945973, 48.82478209522246 ], [ 2.414938217958818, 48.824774194400966 ], [ 2.41441140060417, 48.824746433443856 ], [ 2.413785106197645, 48.824722679419473 ], [ 2.413110929286841, 48.824717573929043 ], [ 2.412623085017663, 48.824736763662578 ], [ 2.412460883648103, 48.824746759315346 ], [ 2.412419992792226, 48.824749256521073 ], [ 2.411931955241784, 48.824785530545718 ], [ 2.411757414268484, 48.824802659535948 ], [ 2.41157868563194, 48.824828761381148 ], [ 2.411364452974872, 48.824862782547257 ], [ 2.411139313730771, 48.824897648996156 ], [ 2.410907282795905, 48.824939676044139 ], [ 2.410822613982787, 48.824959045099291 ], [ 2.410635549558315, 48.824999494409802 ], [ 2.410449836696662, 48.825040849462162 ], [ 2.410269520772101, 48.825086727697546 ], [ 2.410104166452182, 48.825134478206763 ], [ 2.409955145964197, 48.825183208450866 ], [ 2.409818302001615, 48.825239193572664 ], [ 2.409730745333062, 48.825272937542238 ], [ 2.409648687584267, 48.825302211736997 ], [ 2.409379135117873, 48.825409704684219 ], [ 2.409175132460022, 48.825502231578106 ], [ 2.408674960546763, 48.825766872628492 ], [ 2.408285568754854, 48.825991588045007 ], [ 2.408085331507646, 48.826112012176594 ], [ 2.407875426181226, 48.826244079913671 ], [ 2.407706677790519, 48.826350269371311 ], [ 2.407588631465793, 48.826429728642196 ], [ 2.407532296517472, 48.826472619347058 ], [ 2.407448546501512, 48.826530663487368 ], [ 2.406890894669909, 48.826937112605137 ], [ 2.406550193647731, 48.827190843528534 ], [ 2.406508972984573, 48.827222116921618 ], [ 2.406396258547602, 48.827311494501842 ], [ 2.406247750587866, 48.827433970952065 ], [ 2.405815894710642, 48.827796970197625 ], [ 2.405376157666399, 48.82813384690045 ], [ 2.405351424404528, 48.828152610679531 ], [ 2.40526625586033, 48.828215143023357 ], [ 2.405145395288331, 48.828301780748689 ], [ 2.405076776809351, 48.828346407885654 ], [ 2.404994403687228, 48.828402658349958 ], [ 2.404928550228592, 48.828443701679113 ], [ 2.404813383430775, 48.828508782529305 ], [ 2.404472070395811, 48.828695051561851 ], [ 2.404051299509554, 48.828920495916073 ], [ 2.403981327437225, 48.828964216294857 ], [ 2.403814047852145, 48.829059614980864 ], [ 2.403725057037059, 48.829098743552819 ], [ 2.403551181973208, 48.829175222238987 ], [ 2.403337835463661, 48.829248805648881 ], [ 2.403206566386745, 48.829292219743003 ], [ 2.40287142239704, 48.829414659751357 ], [ 2.402681353938133, 48.829477565783471 ], [ 2.402470904475508, 48.829535872844509 ], [ 2.402237349716066, 48.829589567211379 ], [ 2.401508451268693, 48.829361979081206 ], [ 2.401026650227235, 48.82920667436494 ], [ 2.400679206268547, 48.829095210750637 ], [ 2.400072705448655, 48.828886214385207 ], [ 2.399775477677677, 48.828791188629538 ], [ 2.399464546948918, 48.828703288269644 ], [ 2.399336932813714, 48.828665773253391 ], [ 2.399205253246101, 48.828626438936844 ], [ 2.399099288182466, 48.828601623589662 ], [ 2.399012320234956, 48.82858319920004 ], [ 2.398911783064241, 48.8285602097001 ], [ 2.398811245982198, 48.82853722011518 ], [ 2.398650921306333, 48.828501338659585 ], [ 2.398551736188293, 48.828479255021783 ], [ 2.39842808505903, 48.828452551388636 ], [ 2.398316682660713, 48.828426808620392 ], [ 2.39821885993477, 48.828404731557875 ], [ 2.398195766374803, 48.828399219133878 ], [ 2.398121026909018, 48.828383553732401 ], [ 2.398047670363725, 48.828366096504858 ], [ 2.397894167659855, 48.828329348990977 ], [ 2.396843018582163, 48.828054241275687 ], [ 2.39570666297783, 48.827727429569343 ], [ 2.395445621290341, 48.827684739215584 ], [ 2.395179100377021, 48.827644718689868 ], [ 2.394339872457587, 48.82753884258792 ], [ 2.393992757067968, 48.827401279162501 ], [ 2.392762271747469, 48.826855414860269 ], [ 2.392176783895112, 48.826601515853312 ], [ 2.392046623822553, 48.826549590046994 ], [ 2.391878515202916, 48.826481282437676 ], [ 2.391845983177663, 48.826467626428176 ], [ 2.391650812371771, 48.826383891544758 ], [ 2.391538307585291, 48.826336551840441 ], [ 2.391309243970533, 48.826239153354585 ], [ 2.391021896745786, 48.826117174586827 ], [ 2.390951448461555, 48.826084438424793 ], [ 2.390939253073785, 48.826078980081377 ], [ 2.390072014511325, 48.825692326824921 ], [ 2.389445425188181, 48.825344669629501 ], [ 2.388799862307387, 48.825105736192988 ], [ 2.38866961442715, 48.825061900516417 ], [ 2.387893505889207, 48.824805206564669 ], [ 2.387175971273418, 48.824548807659731 ], [ 2.386941338175522, 48.824463063889823 ], [ 2.385225588159263, 48.823729359974678 ], [ 2.384597579269298, 48.823506682299353 ], [ 2.384537917595146, 48.823483890878371 ], [ 2.384022522695706, 48.823298664029338 ], [ 2.383337544863623, 48.823056799249692 ], [ 2.38330363397122, 48.823044932492436 ], [ 2.383142198331908, 48.822990137316886 ], [ 2.381524148119776, 48.822410676067115 ], [ 2.380767116748347, 48.821700747802623 ], [ 2.379478291160394, 48.821273158297515 ], [ 2.379083321889078, 48.821157786505871 ], [ 2.377883819134931, 48.820780109028938 ], [ 2.376525981159313, 48.820318851049336 ], [ 2.376077120333645, 48.820155521101277 ], [ 2.375847832863151, 48.820081474844628 ], [ 2.37576097347909, 48.820055838830399 ], [ 2.375712117804962, 48.820041193713912 ], [ 2.375679486351844, 48.820036526450941 ], [ 2.375596723554164, 48.820010012326115 ], [ 2.37458872533113, 48.819680968089806 ], [ 2.374447575570882, 48.819639757694546 ], [ 2.374257517234202, 48.81958839802661 ], [ 2.374173426378142, 48.819559177811861 ], [ 2.374121901841233, 48.819540021171065 ], [ 2.374052780947822, 48.819511778604451 ], [ 2.374014659295745, 48.819510679657959 ], [ 2.373977942707532, 48.819505990539412 ], [ 2.37370530804232, 48.81941282618822 ], [ 2.373528913175678, 48.819357939392482 ], [ 2.372990154493845, 48.819196824729673 ], [ 2.372895191699046, 48.81916574782948 ], [ 2.372732384690138, 48.819113629238004 ], [ 2.37266590227963, 48.819092594729142 ], [ 2.372607558629133, 48.819074301025346 ], [ 2.37200665852426, 48.818871484322216 ], [ 2.371984955477797, 48.818864175297378 ], [ 2.371889993887894, 48.818833097589689 ], [ 2.371496606021113, 48.818702419153404 ], [ 2.37095800143098, 48.818529604041188 ], [ 2.370823677738411, 48.818487525825191 ], [ 2.370643203501612, 48.818432613229362 ], [ 2.370356799093813, 48.818352859320015 ], [ 2.369484375123111, 48.818080246671698 ], [ 2.368932306814356, 48.81789565932246 ], [ 2.368441186891432, 48.817739272126317 ], [ 2.367815816506704, 48.817535405319887 ], [ 2.367501106783894, 48.817432110885235 ], [ 2.367102293227545, 48.817301389013998 ], [ 2.366927252430259, 48.817248298232535 ], [ 2.366712905126914, 48.817179709524396 ], [ 2.365641023901095, 48.816849350691321 ], [ 2.365028986478497, 48.816670722470064 ], [ 2.364383324985561, 48.816457735795098 ], [ 2.36420428117288, 48.8163983240009 ], [ 2.363328923996346, 48.816148134592801 ], [ 2.36110441978891, 48.816083205030694 ], [ 2.360678292349534, 48.816071933421689 ], [ 2.360557126882432, 48.816068587329426 ], [ 2.36052581693921, 48.816067520493711 ], [ 2.360158246336463, 48.816056560198568 ], [ 2.359958086607811, 48.816053690123113 ], [ 2.359423050356637, 48.816039132837751 ], [ 2.358949272393267, 48.816026700377847 ], [ 2.358423747028377, 48.816013988376653 ], [ 2.357466681971601, 48.815987263785324 ], [ 2.356894890172978, 48.815971598266948 ], [ 2.356785970093019, 48.815969213597796 ], [ 2.356545035221203, 48.81595982275865 ], [ 2.356339528858111, 48.8159488233971 ], [ 2.356232015039089, 48.815942848259404 ], [ 2.355852301315166, 48.815922815498233 ], [ 2.355406705585211, 48.816274771111587 ], [ 2.354735454698257, 48.816812579064973 ], [ 2.35392605619736, 48.817397303953541 ], [ 2.35337770697941, 48.817796363684138 ], [ 2.353366712003786, 48.817804398663704 ], [ 2.353166067048314, 48.817949912700364 ], [ 2.353049262700184, 48.818033822687099 ], [ 2.352391840207207, 48.818551005936428 ], [ 2.351253779116588, 48.817962037037297 ], [ 2.350878645883241, 48.817791816569802 ], [ 2.350488624689273, 48.817614318952344 ], [ 2.349029960601781, 48.816964226858452 ], [ 2.348763033183109, 48.816854847287651 ], [ 2.348677711556633, 48.816816608433363 ], [ 2.348600538375941, 48.816780212676484 ], [ 2.348046857382352, 48.816513675504964 ], [ 2.347177687748716, 48.81610151206494 ], [ 2.347039461823857, 48.816046794216888 ], [ 2.346919974440822, 48.816018260704318 ], [ 2.346751373074081, 48.815996653817528 ], [ 2.346633022377527, 48.815986113912899 ], [ 2.346541772031784, 48.815986514618665 ], [ 2.346371448422841, 48.815993678081618 ], [ 2.346186021179197, 48.816010651939969 ], [ 2.346027784265766, 48.816031371772652 ], [ 2.345543732189824, 48.816078189350804 ], [ 2.345376109124036, 48.816087164948343 ], [ 2.345190828033565, 48.816092446068538 ], [ 2.344996127409927, 48.816088681455447 ], [ 2.344755273215884, 48.816072971602452 ], [ 2.344552650710489, 48.816049376393586 ], [ 2.344469729186359, 48.816037229793558 ], [ 2.344355599882104, 48.816015918163011 ], [ 2.344464193795621, 48.815610891104605 ], [ 2.344448463099662, 48.815562238072864 ], [ 2.344344437439912, 48.815603938756375 ], [ 2.344229494850482, 48.815647378242744 ], [ 2.344036580527387, 48.815718270795109 ], [ 2.343902504744147, 48.815767001302042 ], [ 2.343765705165507, 48.815815716708222 ], [ 2.343584954991723, 48.815893870368988 ], [ 2.343424947979884, 48.815946954894038 ], [ 2.343297668596647, 48.815996621425427 ], [ 2.343156782515658, 48.816045313686381 ], [ 2.343013285918382, 48.816084997590224 ], [ 2.342876711334013, 48.81611572551909 ], [ 2.342185914881536, 48.816249532771003 ], [ 2.341798294308863, 48.816316652168645 ], [ 2.341683722695742, 48.816330411553189 ], [ 2.341029645177584, 48.816360085690775 ], [ 2.340511984457827, 48.816371621691623 ], [ 2.340319779160497, 48.816385850924704 ], [ 2.339542877317384, 48.816435525058317 ], [ 2.338644774759564, 48.816484523810516 ], [ 2.33800702364043, 48.816515171119747 ], [ 2.337509547626263, 48.816545692966777 ], [ 2.337275148209403, 48.816557884744718 ], [ 2.336750435527919, 48.816588252467099 ], [ 2.336674118000443, 48.816592326021237 ], [ 2.33655556203248, 48.816597963931571 ], [ 2.336332045048368, 48.816611113631296 ], [ 2.336103080781857, 48.81662423266738 ], [ 2.335581090336554, 48.816654610379281 ], [ 2.335146299956006, 48.816681873189026 ], [ 2.334935049873801, 48.81669418910564 ], [ 2.333711090278114, 48.816771017573487 ], [ 2.332144938408537, 48.816981729783336 ], [ 2.331996248625253, 48.817000685632443 ], [ 2.331898060637626, 48.817010929647068 ], [ 2.332461042459754, 48.818247130088196 ], [ 2.330413636639578, 48.818704261213703 ], [ 2.329296396286018, 48.818950726362935 ], [ 2.325562171287674, 48.819774243154328 ], [ 2.325503436242078, 48.819787402602103 ], [ 2.323964127671357, 48.820124072863948 ], [ 2.321661256072699, 48.820629075679939 ], [ 2.321039743668691, 48.820767650803738 ], [ 2.320597164441614, 48.820866767258607 ], [ 2.314615601049385, 48.822187102547829 ], [ 2.314145699672971, 48.822290535446839 ], [ 2.312147253873083, 48.822728747755939 ], [ 2.311614502997653, 48.822846199290275 ], [ 2.309081878490734, 48.823402700724579 ], [ 2.308348319891003, 48.823563047045205 ], [ 2.308315537176647, 48.823570052484598 ], [ 2.306959037060225, 48.823867988436156 ], [ 2.306863399755384, 48.823889918680429 ], [ 2.30601634007264, 48.824082869897175 ], [ 2.304947948752644, 48.82432579364496 ], [ 2.304066717016069, 48.824526626873691 ], [ 2.304002511210752, 48.824540643310911 ], [ 2.303886369460058, 48.824567848125099 ], [ 2.303185478490669, 48.824727453572741 ], [ 2.302551694332125, 48.824859565488282 ], [ 2.302330424148416, 48.824905042625296 ], [ 2.302120073693152, 48.824948784316426 ], [ 2.302099583430174, 48.824953161644586 ], [ 2.301866006231315, 48.825002163624866 ], [ 2.301315418488453, 48.825125760846866 ], [ 2.300177424536503, 48.825375430378251 ], [ 2.296970964406001, 48.826084222666459 ], [ 2.292292946367537, 48.827118799426508 ], [ 2.29219183648019, 48.827141584940549 ], [ 2.290235122003242, 48.827988896433091 ], [ 2.289407656009721, 48.828333841589505 ], [ 2.286693837737294, 48.829451804099257 ], [ 2.284719350405197, 48.830290824238077 ], [ 2.284683712603739, 48.830306799915725 ], [ 2.283585827211768, 48.830795786206942 ], [ 2.282670920956135, 48.831152751912121 ], [ 2.280391323890181, 48.831979077238664 ], [ 2.279944978334267, 48.832140977071653 ], [ 2.279164302435102, 48.832442063052547 ], [ 2.279110853401829, 48.832465124733091 ], [ 2.279051930653324, 48.832489952150738 ], [ 2.278827155788745, 48.832292532644615 ], [ 2.276297348984293, 48.830232063723983 ], [ 2.275304441773053, 48.829435496049307 ], [ 2.275275687274643, 48.829446114375017 ], [ 2.273460003286124, 48.828358538536285 ], [ 2.273417155918585, 48.828305214703228 ], [ 2.27331005239187, 48.828268588680338 ], [ 2.273075005441873, 48.828126856643706 ], [ 2.27292775495579, 48.828038721459855 ], [ 2.272852607332395, 48.827957320182527 ], [ 2.272793190186762, 48.827920084230819 ], [ 2.271099017149216, 48.827891782790203 ], [ 2.267826452957427, 48.82783581677819 ], [ 2.267625707632298, 48.827968595618195 ], [ 2.267338606820313, 48.831531984408755 ], [ 2.269645463710277, 48.832857388359969 ], [ 2.269930760703454, 48.833011125122439 ], [ 2.26988939056056, 48.83304684772498 ], [ 2.268101694609093, 48.834428158716307 ], [ 2.267788866344093, 48.834585433862316 ], [ 2.267475422198173, 48.834592508399062 ], [ 2.264992745234483, 48.834237313004962 ], [ 2.262791524526516, 48.833923373529117 ], [ 2.261492487377967, 48.834070052808578 ], [ 2.261405151319141, 48.834080306065005 ], [ 2.25850260842458, 48.83441850102335 ], [ 2.256994597220261, 48.834600710361883 ], [ 2.256537602212384, 48.834642839561454 ], [ 2.25530390491147, 48.834790757255405 ], [ 2.255144238417507, 48.834809549374668 ], [ 2.255072103122055, 48.834899937359829 ], [ 2.25495005215599, 48.835051172106944 ], [ 2.254830994989939, 48.835183538422228 ], [ 2.25354669486146, 48.836675692439997 ], [ 2.25353975455653, 48.836684642900003 ], [ 2.253496801889641, 48.836734739961088 ], [ 2.25238956574078, 48.838035518359902 ], [ 2.252304927925926, 48.838142015101411 ], [ 2.252228618652612, 48.838237771327691 ], [ 2.252011052563392, 48.838492733192211 ], [ 2.251930255061035, 48.838616341788537 ], [ 2.251914920671711, 48.838640529034684 ], [ 2.251709308946857, 48.838821816239708 ], [ 2.251308552889278, 48.842059754469489 ], [ 2.251299357647797, 48.842130747390577 ], [ 2.251230934575342, 48.842720307683535 ], [ 2.251219763560907, 48.842739124585229 ], [ 2.251216230486769, 48.842890197046948 ], [ 2.25173479752875, 48.843974486824493 ], [ 2.251908753307214, 48.844291254096582 ], [ 2.25234687912035, 48.845190665717183 ], [ 2.252477551164905, 48.845485576374685 ], [ 2.251794599084775, 48.845503791323551 ], [ 2.250766770197564, 48.845530635458893 ], [ 2.250608573946109, 48.845539537693206 ], [ 2.25051568878781, 48.845555144489254 ], [ 2.249867271262904, 48.845730055229929 ], [ 2.249130050793303, 48.845920593796201 ], [ 2.248339503918157, 48.846123383969449 ], [ 2.247903163420556, 48.846237559801132 ], [ 2.247599534206474, 48.846314795204229 ], [ 2.247067460658853, 48.846452648869672 ], [ 2.246766541075142, 48.846530798582535 ], [ 2.246476586100555, 48.846604519749285 ], [ 2.24593492962924, 48.846745006131663 ], [ 2.245514981559114, 48.846855679095249 ], [ 2.243235014035359, 48.847431265540706 ], [ 2.242659105669378, 48.847583212240188 ], [ 2.242362313011172, 48.847657779525321 ], [ 2.242233905383632, 48.847772984957516 ], [ 2.241956924168444, 48.84798438085766 ], [ 2.241761224036452, 48.848135134143511 ], [ 2.241683779877298, 48.848212888424435 ], [ 2.241574563661168, 48.84832012042677 ], [ 2.241516051480364, 48.848407887660514 ], [ 2.240499842470814, 48.849316098961182 ], [ 2.24018404966848, 48.849571313222043 ], [ 2.240007900713619, 48.849688911035081 ], [ 2.23977005149147, 48.849832198223261 ], [ 2.239572636392845, 48.849912786163237 ], [ 2.239179626559882, 48.850042494757844 ], [ 2.23896627819264, 48.850094200599173 ], [ 2.237778292862653, 48.850349253661406 ], [ 2.237426957895582, 48.850424360548935 ], [ 2.237379106853175, 48.850434847970973 ], [ 2.235663190705886, 48.850817821579469 ], [ 2.234498100422846, 48.851089176990001 ], [ 2.233576415529299, 48.851303621593715 ], [ 2.233193699860402, 48.851380313783764 ], [ 2.232296652111728, 48.851586812125866 ], [ 2.231536662495808, 48.85174022205905 ], [ 2.230010953262445, 48.852064977939015 ], [ 2.229227704131867, 48.85222361974747 ], [ 2.227351684730697, 48.852642316896926 ], [ 2.226594150345918, 48.852811899947405 ], [ 2.226233484587051, 48.852962460531401 ], [ 2.225912135430607, 48.853035029459107 ], [ 2.224219105880446, 48.853516917562075 ], [ 2.224217174940927, 48.853738149254369 ], [ 2.224242958935112, 48.854203288869861 ], [ 2.224269304883467, 48.855088435705319 ], [ 2.224314779418416, 48.855695802066492 ], [ 2.224407449942074, 48.856154179466564 ], [ 2.224517586853297, 48.85653802255397 ], [ 2.225319584012275, 48.858515521364886 ], [ 2.22567029225698, 48.859404562401558 ], [ 2.225967898359756, 48.860015355542934 ], [ 2.226432833693757, 48.860924018343859 ], [ 2.226992086700438, 48.861999669296459 ], [ 2.22718129401147, 48.862384917775238 ], [ 2.227361445986879, 48.862829465030288 ], [ 2.227748529341866, 48.863843741710632 ], [ 2.22813877086302, 48.86492189083846 ], [ 2.228248359287422, 48.865161826525608 ], [ 2.228377351113233, 48.865380302593614 ], [ 2.229615132438552, 48.866854226769163 ], [ 2.229797308168969, 48.867072143871816 ], [ 2.230180814133667, 48.867503603515203 ], [ 2.230658982743393, 48.868079566932124 ], [ 2.231376025626287, 48.868728111254967 ], [ 2.231736359746861, 48.869068581615444 ], [ 2.232174877850842, 48.869284542257041 ], [ 2.232868454978849, 48.869584876690219 ], [ 2.233702274504688, 48.869897796496936 ], [ 2.234145928564208, 48.870043633063261 ], [ 2.23557581105711, 48.870523134659351 ], [ 2.23579301043658, 48.870586576867019 ], [ 2.236656637219517, 48.870821422331709 ], [ 2.237436253666628, 48.871021550934628 ], [ 2.238040417374282, 48.871193577090956 ], [ 2.238434063524159, 48.87131119922099 ], [ 2.239225056762461, 48.871573443563477 ], [ 2.239592597284358, 48.871705285487437 ], [ 2.239972015005245, 48.871864182176409 ], [ 2.240349927548229, 48.872032960922638 ], [ 2.240945304504728, 48.87234161751806 ], [ 2.241237339626037, 48.872509848737465 ], [ 2.241856061513682, 48.872901388701877 ], [ 2.242723387133836, 48.873542718509157 ], [ 2.243010273208007, 48.873784659126983 ], [ 2.24326867681199, 48.874016526103119 ], [ 2.24394845759849, 48.874712419955777 ], [ 2.24515691036051, 48.875903586803489 ], [ 2.245678236548145, 48.876434789137235 ], [ 2.245703788405577, 48.876459232481629 ], [ 2.24624979564664, 48.876227942421494 ], [ 2.246397777702425, 48.876177611391249 ], [ 2.246533281312671, 48.876141591171759 ], [ 2.254817140668556, 48.874080881374105 ], [ 2.255410336689475, 48.87426354268149 ], [ 2.256057163140734, 48.875559924490567 ], [ 2.258467171114177, 48.880387263091031 ], [ 2.258860650330937, 48.880333041153563 ], [ 2.261542031184247, 48.880001565768865 ], [ 2.264611303104791, 48.879622050680872 ], [ 2.27075011567204, 48.878834007593113 ], [ 2.277487029813822, 48.877968320857825 ], [ 2.279370794390897, 48.878503990965733 ], [ 2.279469949480848, 48.878531568013969 ], [ 2.279574720002908, 48.878547487345635 ], [ 2.279825200659238, 48.878576874001894 ], [ 2.279949332567544, 48.878573123987039 ], [ 2.279959643017465, 48.878616354341155 ], [ 2.279990437713355, 48.878755937308533 ], [ 2.280536086495832, 48.881107392611845 ], [ 2.280631551971273, 48.881599904212088 ], [ 2.280668770180329, 48.881768304010222 ], [ 2.280897352279332, 48.882792223708499 ], [ 2.281013519711558, 48.882970990077887 ], [ 2.28110801015324, 48.883040806412211 ], [ 2.284538198303594, 48.885574096674162 ], [ 2.284459571754662, 48.885639278206853 ], [ 2.285641616380019, 48.886554663565292 ], [ 2.287114077093995, 48.887278409200206 ], [ 2.288688176989798, 48.888052203099726 ], [ 2.290529215249999, 48.888956161749846 ], [ 2.291147763745907, 48.889301570780276 ], [ 2.291633908192158, 48.889455535239186 ], [ 2.291779590675395, 48.889473484262147 ], [ 2.292710865105, 48.889588707064057 ], [ 2.292747623772232, 48.889593420836484 ], [ 2.292940938649586, 48.889618844412908 ], [ 2.2940411948899, 48.889744047822859 ], [ 2.294570784210133, 48.889812820029732 ], [ 2.294959986671162, 48.889875367385542 ], [ 2.295013183223065, 48.889874781266563 ], [ 2.295475248871189, 48.890096037890814 ], [ 2.295579536585646, 48.890149711875502 ], [ 2.297326658916109, 48.891053909956526 ], [ 2.29734156289559, 48.891061192041349 ], [ 2.297528484196318, 48.891156718227052 ], [ 2.297994469142287, 48.891392376983916 ], [ 2.298109696243635, 48.891444314146653 ], [ 2.298628375977241, 48.891717151642382 ], [ 2.299608319530779, 48.892172551062409 ], [ 2.300588268146195, 48.892628841530346 ], [ 2.301782096324501, 48.893206880661175 ], [ 2.301836213826705, 48.893239571932696 ], [ 2.303319020408331, 48.893934393356517 ], [ 2.303380006812064, 48.89396352655816 ], [ 2.303440957190967, 48.893995357494205 ], [ 2.303743199037811, 48.894138309240482 ], [ 2.303774362351613, 48.894153778954411 ], [ 2.30571501881114, 48.895089551773232 ], [ 2.307687317214232, 48.896010186370226 ], [ 2.308675362659436, 48.896381019365691 ], [ 2.309534485272156, 48.896703436671956 ], [ 2.31067321092082, 48.897130879416956 ], [ 2.312318530256448, 48.897724897591431 ], [ 2.312451445254302, 48.897782317983861 ], [ 2.315106047800935, 48.898594326922037 ], [ 2.318520205834404, 48.899638128146883 ], [ 2.319887174744137, 48.900459782095609 ], [ 2.32030415835598, 48.90070136793792 ], [ 2.320434138736962, 48.900775849612145 ], [ 2.320498222854939, 48.9007780118461 ], [ 2.321331316873052, 48.90080611776667 ], [ 2.321803094208922, 48.900821380629033 ], [ 2.322073094515995, 48.900828305132805 ], [ 2.322174486647894, 48.90079380560298 ], [ 2.322553606246627, 48.900801346533925 ], [ 2.323081377762778, 48.900811525160243 ], [ 2.323269608756063, 48.900812588877962 ], [ 2.325836365736299, 48.90095386820078 ], [ 2.326534487849562, 48.900976681487627 ], [ 2.32726138237015, 48.900989759828846 ], [ 2.327630956144454, 48.900997231055378 ], [ 2.327733244398635, 48.900998704565609 ], [ 2.32785461702422, 48.901001184409402 ], [ 2.327926897327697, 48.901002489344641 ], [ 2.328316931267592, 48.901010073262484 ], [ 2.328724708902852, 48.901016856043 ], [ 2.328979718744675, 48.901022781628875 ], [ 2.329342496173721, 48.901028410859467 ], [ 2.329737986512134, 48.901036020700808 ], [ 2.329814358909923, 48.901037347396944 ], [ 2.329862087319424, 48.901038513776889 ], [ 2.330147116964154, 48.901043705523954 ], [ 2.330421234665915, 48.901048835588547 ], [ 2.330988566236084, 48.901059200504768 ], [ 2.331171307623033, 48.901062919084382 ], [ 2.331317232571728, 48.901065532523319 ], [ 2.331401777506932, 48.901067803151534 ], [ 2.331527254017838, 48.901069402864259 ], [ 2.331711359479877, 48.901073128232845 ], [ 2.331996389498469, 48.9010783155789 ], [ 2.33461063987714, 48.901135135760434 ], [ 2.334742913679456, 48.90113856849861 ], [ 2.334827458882609, 48.901140836708571 ], [ 2.335111125578976, 48.901146009066487 ], [ 2.335171130235882, 48.901147241479613 ] ] ] ] } },
{ "type": "Feature", "properties": { "id_projet": "ecs-2025-06", "lib_ept": "Grand Paris Sud Est Avenir", "territoire": "T11", "dispositif": "BTP match", "thematique": "BTP Construction et aménagement circulaire", "nom_projet": "Convention d'engagements réciproques BTP Match", "nom_projet_carto": "Outil BTP Match", "description": "Convention d'engagements réciproques pour la mise à disposition et l'utilisation de l'outil BTP Match", "annee": "2025", "deliberation": "BM2025/10/02", "nom_beneficaire": "EPT Grand Paris Sud Est Avenir", "cat_beneficiaire": "EPT", "type_aide": "Accompagnement", "representation_carto": "Zone (surface)", "intermediaire": "Non", "financement_fim": "Non", "trophee_ECS": null, "competence": "Développement et d’aménagement économique, social et culturel" }, "geometry": { "type": "MultiPolygon", "coordinates": [ [ [ [ 2.529175640824899, 48.706276802950882 ], [ 2.529043539883634, 48.706307762487249 ], [ 2.529199393497722, 48.707109792113336 ], [ 2.529279094176281, 48.707766708405025 ], [ 2.529309789776031, 48.707980000152766 ], [ 2.528410360830515, 48.707952163076762 ], [ 2.528269058939745, 48.7079480066472 ], [ 2.527982337655036, 48.707944174266714 ], [ 2.527906226423494, 48.707944772575921 ], [ 2.527351712142755, 48.707947973820694 ], [ 2.527189919801943, 48.707955427841291 ], [ 2.526756110621152, 48.707986088236183 ], [ 2.526524830558189, 48.708013053699467 ], [ 2.52647302004113, 48.708481463660775 ], [ 2.526405720804612, 48.709609111210476 ], [ 2.524980865507854, 48.709818416155542 ], [ 2.52436421690461, 48.70992659219651 ], [ 2.523913049999681, 48.709921194957609 ], [ 2.522562333652016, 48.709897808519671 ], [ 2.522157337126079, 48.710788444360425 ], [ 2.521990416301734, 48.71120692050696 ], [ 2.52148402007581, 48.712333702589319 ], [ 2.52100110476681, 48.712231026354807 ], [ 2.520706651429143, 48.712178575176722 ], [ 2.520481471108622, 48.712130898943556 ], [ 2.520253416125995, 48.712100300303334 ], [ 2.519968205247965, 48.712077566355823 ], [ 2.519128535544289, 48.712047201720395 ], [ 2.518876938306918, 48.712064176500313 ], [ 2.518649589127193, 48.712104634318273 ], [ 2.518435996293003, 48.712127158191208 ], [ 2.518380215499872, 48.712133229208391 ], [ 2.518226422505587, 48.712155994071765 ], [ 2.518092451738918, 48.712240001509109 ], [ 2.518059194732932, 48.712309124955475 ], [ 2.518049407308868, 48.712338767323239 ], [ 2.518260829484879, 48.712404381625532 ], [ 2.518500693856014, 48.712480903744165 ], [ 2.518834684882859, 48.712520028031982 ], [ 2.518855038288167, 48.712523707913348 ], [ 2.518860466415502, 48.712524629253274 ], [ 2.519099229711238, 48.712573262725705 ], [ 2.51971473003091, 48.712594630331957 ], [ 2.520892164735574, 48.712846713026082 ], [ 2.520639079056501, 48.7130255867065 ], [ 2.520220642757252, 48.71344934509635 ], [ 2.519858717697742, 48.713786982078638 ], [ 2.519590874850314, 48.714091717059524 ], [ 2.519476651615635, 48.714245063077811 ], [ 2.519447737303997, 48.714285421881144 ], [ 2.519396596754594, 48.714377859249737 ], [ 2.519312861177116, 48.714467466936931 ], [ 2.518995260880704, 48.714713535749731 ], [ 2.518843193306501, 48.714843342844325 ], [ 2.517989437129085, 48.715156503348567 ], [ 2.517688443713795, 48.715369356041194 ], [ 2.517502026063643, 48.715538598288269 ], [ 2.517274595463333, 48.715880368510156 ], [ 2.518201603209506, 48.716027127407642 ], [ 2.518171219911852, 48.716079172749254 ], [ 2.518145021968291, 48.716119542150111 ], [ 2.51808301203015, 48.71621103548636 ], [ 2.518041597285244, 48.71628012575691 ], [ 2.517930919551107, 48.716490149613357 ], [ 2.517875430966972, 48.71661135095416 ], [ 2.517803440678792, 48.716753172884189 ], [ 2.517749601279995, 48.716842900123027 ], [ 2.517712321355633, 48.716905710819731 ], [ 2.517677909222707, 48.716952343029249 ], [ 2.51751997971384, 48.717127096929651 ], [ 2.517434347789306, 48.717568379496733 ], [ 2.517357007822143, 48.718141914112557 ], [ 2.517300419332659, 48.718381837579685 ], [ 2.517273538163895, 48.718495958597224 ], [ 2.517201498346683, 48.718789786241764 ], [ 2.517098269506542, 48.719369511487578 ], [ 2.517073715227311, 48.71952591574933 ], [ 2.516952500503847, 48.72028635628628 ], [ 2.516863960620724, 48.720894022861039 ], [ 2.516782439959854, 48.721477432480086 ], [ 2.516744568178706, 48.721750710249374 ], [ 2.516727943166695, 48.721931431232555 ], [ 2.516697566441195, 48.722129185933184 ], [ 2.516011034044613, 48.725948135532107 ], [ 2.515923259978474, 48.726911080675528 ], [ 2.515853014485914, 48.727889386549251 ], [ 2.515837752278306, 48.728069212564527 ], [ 2.5157588628614, 48.729099649807559 ], [ 2.515581981789595, 48.72926083102756 ], [ 2.515331016792197, 48.729493666245212 ], [ 2.515207564427006, 48.72961099132614 ], [ 2.514940047601147, 48.729868942707441 ], [ 2.514130457529134, 48.730667049137047 ], [ 2.513851802213387, 48.730951935672437 ], [ 2.513266039899809, 48.731509897921789 ], [ 2.512216147841078, 48.732555254785694 ], [ 2.512181829687237, 48.732590192557652 ], [ 2.511791972572829, 48.732987048904711 ], [ 2.511686238140225, 48.733098146469843 ], [ 2.511563985732505, 48.733230762805064 ], [ 2.511256514501959, 48.733540709050388 ], [ 2.510560287420531, 48.734272695101794 ], [ 2.510049597978434, 48.734792272359954 ], [ 2.509600911682841, 48.734644721469131 ], [ 2.509574326178371, 48.734579852932448 ], [ 2.509511857259537, 48.734426692313377 ], [ 2.50947867634514, 48.734340210198347 ], [ 2.509361872627968, 48.734036620477497 ], [ 2.509240873002728, 48.733745605405673 ], [ 2.509187619355571, 48.733624862071622 ], [ 2.509053529660014, 48.733569445072078 ], [ 2.508729673316722, 48.733451185991605 ], [ 2.508670009653332, 48.733433851142792 ], [ 2.507400178475664, 48.732987893909886 ], [ 2.507443234002327, 48.733324460725711 ], [ 2.507472461885212, 48.733541345402436 ], [ 2.507498792613698, 48.733777106227613 ], [ 2.507661146074076, 48.735017197721135 ], [ 2.506169488529279, 48.735882588231803 ], [ 2.504140485817036, 48.735191506449382 ], [ 2.503949789022677, 48.735369701689372 ], [ 2.503010276090179, 48.735076175814157 ], [ 2.500781518128687, 48.734379707140015 ], [ 2.499832549017705, 48.734083418000161 ], [ 2.499370266622519, 48.733939369194843 ], [ 2.498940523555973, 48.733805348961148 ], [ 2.497403237152724, 48.733324883081231 ], [ 2.497271750163224, 48.733282955288892 ], [ 2.494536152464679, 48.732428629861907 ], [ 2.493900461349777, 48.732222663324819 ], [ 2.493508553847801, 48.732115766774108 ], [ 2.493108560135212, 48.732001639076366 ], [ 2.492508054701018, 48.731813803183641 ], [ 2.491666385710418, 48.73153859131741 ], [ 2.491494207592416, 48.731487489372377 ], [ 2.490419279610121, 48.731151911663822 ], [ 2.488432331150266, 48.730510207123103 ], [ 2.487720904828039, 48.730267904920488 ], [ 2.485289723511953, 48.729458742773353 ], [ 2.484630984053483, 48.729253526079383 ], [ 2.483522997315888, 48.730757997792651 ], [ 2.483006169704485, 48.731461820424911 ], [ 2.482513758119639, 48.732444572300437 ], [ 2.482375510724001, 48.732811843199158 ], [ 2.482219929375736, 48.733007245964792 ], [ 2.481942322308192, 48.733304654897395 ], [ 2.481378340182093, 48.733822980351256 ], [ 2.480983167627862, 48.734182836657226 ], [ 2.480611971562043, 48.734455550491255 ], [ 2.480192941296551, 48.734752339634738 ], [ 2.479905528550922, 48.734939969485033 ], [ 2.479221189636614, 48.7352517887633 ], [ 2.477774442718383, 48.735793225197021 ], [ 2.477713833326334, 48.735871210991263 ], [ 2.477822286038636, 48.735904065152866 ], [ 2.480392361113415, 48.736985608211249 ], [ 2.480725867614436, 48.738180609280697 ], [ 2.480656653716365, 48.738166816680227 ], [ 2.480518941697154, 48.738203993741308 ], [ 2.480435817010447, 48.738221620678324 ], [ 2.48023931318555, 48.738154207150565 ], [ 2.47854935789374, 48.737442579944947 ], [ 2.47825122002139, 48.737340540551848 ], [ 2.476852433807497, 48.736752484094417 ], [ 2.4768098137473, 48.736799067963794 ], [ 2.475667749077986, 48.738137813338717 ], [ 2.475441211013041, 48.738353581871564 ], [ 2.475046180236134, 48.738691831646911 ], [ 2.474721370926759, 48.738943143928509 ], [ 2.474443497344767, 48.739124506071242 ], [ 2.473493085116785, 48.739651883670682 ], [ 2.473410862134998, 48.739714481373625 ], [ 2.473592450473125, 48.739912258154355 ], [ 2.476032433606334, 48.740959138733622 ], [ 2.475948120745577, 48.741094582960351 ], [ 2.475787968774171, 48.741334028274807 ], [ 2.475739687944072, 48.741402173114082 ], [ 2.475683238853748, 48.741471181489807 ], [ 2.475608831571686, 48.741567993350742 ], [ 2.475019319320525, 48.742311031485769 ], [ 2.47487732614495, 48.742501985916995 ], [ 2.474618122292653, 48.742853422594223 ], [ 2.474311429102775, 48.743328770977058 ], [ 2.473924078785087, 48.743845136828838 ], [ 2.473868866772, 48.743925842268247 ], [ 2.473846519129469, 48.743984206755407 ], [ 2.473841678190619, 48.744059737562281 ], [ 2.473847181955477, 48.744188380330542 ], [ 2.473854598431595, 48.74426216628089 ], [ 2.473840364868442, 48.744325063657662 ], [ 2.473793638037542, 48.744373426946183 ], [ 2.473717110549627, 48.744409966269181 ], [ 2.47349983935478, 48.744512442791148 ], [ 2.473487237267565, 48.744548364413241 ], [ 2.473475995094611, 48.744584292030162 ], [ 2.473442621781549, 48.744791913124295 ], [ 2.473400508096231, 48.745057059111062 ], [ 2.473395439670835, 48.745155074564849 ], [ 2.473396309351279, 48.745338561983033 ], [ 2.473401041725902, 48.74540873833503 ], [ 2.473439100700411, 48.745950362437952 ], [ 2.473448266413369, 48.746120394885537 ], [ 2.473463515307909, 48.746496423243585 ], [ 2.47346441278413, 48.746542298046187 ], [ 2.473481203280788, 48.746900344501327 ], [ 2.473483487978032, 48.746943527120862 ], [ 2.473507378211534, 48.747137009470002 ], [ 2.473538703369295, 48.747267564623229 ], [ 2.473554570021649, 48.747312605967579 ], [ 2.473596911450431, 48.747429718241392 ], [ 2.473595034655685, 48.747615891467625 ], [ 2.473587826596966, 48.747656333924517 ], [ 2.473587336989053, 48.74770490084645 ], [ 2.473605398022584, 48.747937032716493 ], [ 2.473623776536306, 48.748137685989462 ], [ 2.473633188020231, 48.748283434652734 ], [ 2.47363324252526, 48.748412952365541 ], [ 2.473624964562293, 48.7485595224395 ], [ 2.473610321554832, 48.748662891956194 ], [ 2.473601698924054, 48.748708724701451 ], [ 2.473584589622974, 48.748786899385969 ], [ 2.47357205003342, 48.748816525178242 ], [ 2.473499042826123, 48.748907944786147 ], [ 2.473399197243165, 48.748963268926651 ], [ 2.473363636497117, 48.748982899472082 ], [ 2.473334476815885, 48.749042133001559 ], [ 2.471944703505471, 48.748882193026425 ], [ 2.471937393943801, 48.74893252858913 ], [ 2.472024318581637, 48.748944605523818 ], [ 2.471906831890349, 48.749130267253804 ], [ 2.472407254484139, 48.749274588783734 ], [ 2.472403056185851, 48.749286262774845 ], [ 2.472573941502684, 48.749334687304717 ], [ 2.472478759147815, 48.749601396391071 ], [ 2.472231162755575, 48.750010440479258 ], [ 2.471398231734789, 48.751406261744521 ], [ 2.471196227697548, 48.752012478859307 ], [ 2.471341132721554, 48.752075180737329 ], [ 2.47135497407053, 48.752185871181013 ], [ 2.471340443934285, 48.752277548106463 ], [ 2.471189824562126, 48.752241803657228 ], [ 2.470983649659815, 48.752185126154792 ], [ 2.470781564704363, 48.752127566993558 ], [ 2.470470971098375, 48.752039845356748 ], [ 2.469997638492986, 48.751904630636531 ], [ 2.469754852569302, 48.75183699538885 ], [ 2.469499899313573, 48.751762110190199 ], [ 2.469291236444554, 48.751682933057033 ], [ 2.469186736096204, 48.751659982955928 ], [ 2.469046955166924, 48.751628781072874 ], [ 2.46897913237678, 48.751610490990259 ], [ 2.468660347594864, 48.751526325850257 ], [ 2.468355238197601, 48.751435025336292 ], [ 2.468151789773812, 48.751378355015895 ], [ 2.468033781093776, 48.751346349478759 ], [ 2.467926515934026, 48.751327883070559 ], [ 2.467797470818223, 48.751311118345789 ], [ 2.467804051339421, 48.751332733874975 ], [ 2.467812985403927, 48.751390336891767 ], [ 2.467829658480675, 48.751489347940769 ], [ 2.467865404243236, 48.751718860564004 ], [ 2.467905194026577, 48.75195198884758 ], [ 2.467980850045802, 48.752402937537703 ], [ 2.468070433591577, 48.752955582923938 ], [ 2.468268992331183, 48.754160794953393 ], [ 2.468326875894435, 48.754487543095685 ], [ 2.468358710156485, 48.75470084793843 ], [ 2.468363409134658, 48.754773722065032 ], [ 2.468459453905521, 48.755360572779686 ], [ 2.468481561177134, 48.755460506994659 ], [ 2.468501149527155, 48.755540642709043 ], [ 2.468511555166252, 48.755587458946486 ], [ 2.468555852579786, 48.755779232878382 ], [ 2.468613617022361, 48.756251686105287 ], [ 2.46871445146541, 48.758239853656534 ], [ 2.468720117989331, 48.758351406883037 ], [ 2.468743128734245, 48.758897456726871 ], [ 2.468762836923931, 48.759367041031048 ], [ 2.468796517482721, 48.760067837763437 ], [ 2.468727736578377, 48.760677337142624 ], [ 2.468699733237922, 48.760755461904239 ], [ 2.468647743295166, 48.760918025185539 ], [ 2.468497496864605, 48.761377858304407 ], [ 2.468418816029791, 48.761623048981939 ], [ 2.468341540635426, 48.761863748731152 ], [ 2.46817582051907, 48.762372980111159 ], [ 2.467964483367943, 48.763086175265137 ], [ 2.467935254681311, 48.763150802999895 ], [ 2.46787818501259, 48.763277366373465 ], [ 2.467705898216839, 48.76362916957379 ], [ 2.46743251717179, 48.764155008233068 ], [ 2.467264985047032, 48.764440275061183 ], [ 2.46722072553193, 48.764511131413819 ], [ 2.46692455611395, 48.765002689152176 ], [ 2.466592705469652, 48.765523767295129 ], [ 2.466537450001293, 48.76560536719775 ], [ 2.466432132259572, 48.765792874282766 ], [ 2.466205545675244, 48.766130940853763 ], [ 2.466085537194051, 48.766158286304368 ], [ 2.465874219073701, 48.766200513390118 ], [ 2.465553821596477, 48.766265636841133 ], [ 2.46476300970927, 48.766430286159959 ], [ 2.463362059656258, 48.766785564504559 ], [ 2.462452974237557, 48.766410918461432 ], [ 2.46128091375939, 48.765943339312649 ], [ 2.46127734281417, 48.765893855431059 ], [ 2.459978468207935, 48.765718900281072 ], [ 2.45957396564731, 48.766679443801983 ], [ 2.45849104230368, 48.766539627244946 ], [ 2.457791327462338, 48.766445612244738 ], [ 2.457586191134188, 48.766415899635717 ], [ 2.457075261116521, 48.766354217046576 ], [ 2.456536862956479, 48.766448005933512 ], [ 2.455970409203025, 48.766622611876784 ], [ 2.45548289866418, 48.76679397736892 ], [ 2.455242576322023, 48.766876527072704 ], [ 2.454765757250017, 48.767065926655548 ], [ 2.453949747546712, 48.767423763377295 ], [ 2.453770709454063, 48.767500294344515 ], [ 2.453710573326604, 48.767526102322215 ], [ 2.452473675858839, 48.768186004902098 ], [ 2.451859400947546, 48.768506076912431 ], [ 2.451380390642914, 48.768771902859129 ], [ 2.450855927971818, 48.769089683824582 ], [ 2.450603974260531, 48.769241425393041 ], [ 2.450091557851327, 48.769577246561191 ], [ 2.449277328563232, 48.770146420880614 ], [ 2.448558869870957, 48.770278018180498 ], [ 2.448114554132324, 48.770347919199978 ], [ 2.446352595311443, 48.770722915319958 ], [ 2.441667518321026, 48.771638296251865 ], [ 2.440974794931133, 48.771777163521058 ], [ 2.440812532330116, 48.771808782880655 ], [ 2.440120836394537, 48.771724596045388 ], [ 2.440046126917809, 48.771712553528062 ], [ 2.439994500006908, 48.771705116229924 ], [ 2.440092590367231, 48.771313432652974 ], [ 2.439157640787239, 48.771201117420738 ], [ 2.435321992886948, 48.767415404591034 ], [ 2.435492555386638, 48.767244422506863 ], [ 2.435077570586869, 48.767119240700552 ], [ 2.434757550837664, 48.767019690485327 ], [ 2.434497092645259, 48.766948303275825 ], [ 2.433586839523921, 48.76682526752009 ], [ 2.433422247552755, 48.766821788671791 ], [ 2.432927091723645, 48.766813143045681 ], [ 2.432256548226358, 48.766792868871647 ], [ 2.431969550131615, 48.766785208486588 ], [ 2.431597494876862, 48.766966919406542 ], [ 2.431476534663198, 48.767204688871047 ], [ 2.431404288892257, 48.76734195555013 ], [ 2.431537218217864, 48.767379464273183 ], [ 2.431954849130003, 48.767510966871257 ], [ 2.43170592056933, 48.767880341829787 ], [ 2.431622966450801, 48.76800136814834 ], [ 2.431027104823787, 48.768867365839505 ], [ 2.430950960179513, 48.768987524622503 ], [ 2.430794460630748, 48.769239514329186 ], [ 2.430723034219572, 48.769301233514007 ], [ 2.430722787190799, 48.769822892277702 ], [ 2.430795177120994, 48.770047191175451 ], [ 2.430744989387753, 48.770157579850917 ], [ 2.430703141590375, 48.770251818805583 ], [ 2.430647393345423, 48.77037297387875 ], [ 2.430527428255084, 48.77064312533993 ], [ 2.431193995760817, 48.770783011882408 ], [ 2.431295816058035, 48.770804183159377 ], [ 2.431689521331613, 48.7708861045679 ], [ 2.431971892398158, 48.770945909415751 ], [ 2.432322138355817, 48.77102042675947 ], [ 2.432405210001429, 48.771639617068395 ], [ 2.432439296670683, 48.771883519626641 ], [ 2.432464279674236, 48.77208870417526 ], [ 2.432485679674534, 48.772248001677028 ], [ 2.432493198132132, 48.772307398547689 ], [ 2.43193578233293, 48.77213835806446 ], [ 2.431223717823741, 48.771926306363483 ], [ 2.429952905247916, 48.771544294704086 ], [ 2.429334415398642, 48.771362358660838 ], [ 2.428732208072608, 48.771184994295965 ], [ 2.427972646674956, 48.770963701638294 ], [ 2.427538651121242, 48.770833906002387 ], [ 2.427527065860875, 48.770897708800888 ], [ 2.427515411519034, 48.770967807153802 ], [ 2.427484766929949, 48.771156536972811 ], [ 2.427454270107164, 48.771331776273669 ], [ 2.427436857353878, 48.771430628194011 ], [ 2.42728837258095, 48.772314038566776 ], [ 2.427592333814159, 48.773631334105815 ], [ 2.427891823670342, 48.774737244571298 ], [ 2.427985950559929, 48.775088465083691 ], [ 2.428064449739003, 48.775375752532021 ], [ 2.428129845029185, 48.775617107262029 ], [ 2.428175618150493, 48.77578641526614 ], [ 2.428188693424259, 48.775835045934272 ], [ 2.428204411375563, 48.775890884518532 ], [ 2.428243637428969, 48.776036776489669 ], [ 2.428252512351765, 48.77609617994257 ], [ 2.425561478686745, 48.776282939855804 ], [ 2.424817794555604, 48.776344119171227 ], [ 2.424154432911695, 48.776402083408591 ], [ 2.423887466849088, 48.776424180963986 ], [ 2.421648093205826, 48.776620225253829 ], [ 2.421578634630633, 48.776625285440794 ], [ 2.418831167542954, 48.77686468580989 ], [ 2.418185502666865, 48.776920904210058 ], [ 2.417817714190843, 48.776953290085999 ], [ 2.417590224997762, 48.776973767131899 ], [ 2.417406340485925, 48.776989059934486 ], [ 2.416937753584349, 48.777029945615297 ], [ 2.41679202051367, 48.777040926614873 ], [ 2.416676224338428, 48.777052053608621 ], [ 2.416317959402575, 48.777084481371666 ], [ 2.416196719942258, 48.777095581307726 ], [ 2.416061882772528, 48.777105715251579 ], [ 2.415632786402196, 48.7771440906034 ], [ 2.41468607079002, 48.777226698895689 ], [ 2.416777366623127, 48.77993514947962 ], [ 2.417327837376364, 48.7807293128539 ], [ 2.418026986168831, 48.781739155184262 ], [ 2.418726152003114, 48.782749891884897 ], [ 2.419426705868898, 48.783760630210878 ], [ 2.419595474084042, 48.784005188417936 ], [ 2.419679873788259, 48.78412611838057 ], [ 2.419777453445175, 48.784285786599774 ], [ 2.419892436269576, 48.784471621888791 ], [ 2.419965979666136, 48.78458980067802 ], [ 2.42011171647967, 48.784825252124975 ], [ 2.420599693800815, 48.785618193826295 ], [ 2.421309714439043, 48.786763874253005 ], [ 2.42201703418621, 48.787910435493316 ], [ 2.422668710681759, 48.78953700139288 ], [ 2.422828322085808, 48.791104523682968 ], [ 2.422482796371727, 48.792683094527597 ], [ 2.422417277657382, 48.792822184290351 ], [ 2.421621636842389, 48.794478620349103 ], [ 2.420742366266137, 48.795693041323212 ], [ 2.41933836785149, 48.796957970773825 ], [ 2.418837218675185, 48.797339575756077 ], [ 2.417479303584088, 48.798370864126461 ], [ 2.417395529398876, 48.798436111422923 ], [ 2.416930068292506, 48.798789101465516 ], [ 2.415734088755072, 48.799698841710132 ], [ 2.415591288004591, 48.799806969910989 ], [ 2.41406536429656, 48.801118006082859 ], [ 2.412537992322083, 48.802429913904817 ], [ 2.411011915138287, 48.803740908059289 ], [ 2.410047567249915, 48.804737171396845 ], [ 2.409305344481781, 48.806074492268259 ], [ 2.408921119258659, 48.807538592361141 ], [ 2.409013500555886, 48.808518479466549 ], [ 2.409015795722242, 48.808556264969788 ], [ 2.409163661234644, 48.809206351395638 ], [ 2.409533402237447, 48.810826169027358 ], [ 2.409641407936036, 48.81138971591696 ], [ 2.409699081716346, 48.811587864798987 ], [ 2.409809004222037, 48.811982336823981 ], [ 2.409967876281194, 48.812503862978502 ], [ 2.410170005608495, 48.813535551000165 ], [ 2.410242700011741, 48.814091726682534 ], [ 2.4102702965402, 48.814541552793656 ], [ 2.410242905575783, 48.814916459000081 ], [ 2.410189996647098, 48.815259760926267 ], [ 2.409970193807331, 48.815909826815385 ], [ 2.409741509004468, 48.816261254493092 ], [ 2.409400412873232, 48.816557264361357 ], [ 2.409730538739763, 48.81650852938791 ], [ 2.410131457152358, 48.816461941530704 ], [ 2.41070145112728, 48.816397298821897 ], [ 2.411336657568394, 48.816346465154858 ], [ 2.411846405265233, 48.816310300470242 ], [ 2.412113590759862, 48.816287331268754 ], [ 2.412766376258719, 48.81624736898597 ], [ 2.413280126421354, 48.816218412878783 ], [ 2.413575837645488, 48.81620187603616 ], [ 2.414799009563613, 48.816182686405057 ], [ 2.415668801453851, 48.816222016099182 ], [ 2.415853803783964, 48.816240907645678 ], [ 2.415924536449187, 48.816248448218481 ], [ 2.416137575592828, 48.815952693963652 ], [ 2.416169379974122, 48.815909679114618 ], [ 2.416392321189293, 48.815580695679778 ], [ 2.416451803447955, 48.81549824318629 ], [ 2.41689602259823, 48.814866348438528 ], [ 2.417038304422626, 48.814686267075366 ], [ 2.417394680531312, 48.814236515783897 ], [ 2.417685693492591, 48.813907861210311 ], [ 2.41805393282095, 48.813492341915598 ], [ 2.41874502519584, 48.812822068014576 ], [ 2.419368165569917, 48.81226028489953 ], [ 2.419926013360842, 48.811813302336937 ], [ 2.420928197131641, 48.811083366108008 ], [ 2.421141400500661, 48.810891031529202 ], [ 2.421776916254654, 48.810314005557835 ], [ 2.422232361392309, 48.809888101513586 ], [ 2.422401256024756, 48.809761205315773 ], [ 2.422452253628498, 48.809705689975495 ], [ 2.422576283369965, 48.809572281083987 ], [ 2.422971706789644, 48.809031862433272 ], [ 2.423315937631206, 48.808564045380798 ], [ 2.423322845041499, 48.808555084866633 ], [ 2.424333197430597, 48.807075071446192 ], [ 2.424801655125338, 48.806329038234601 ], [ 2.425131839336239, 48.805526575967335 ], [ 2.42533054507651, 48.805040064218588 ], [ 2.425524944722883, 48.804573317756073 ], [ 2.425562744949442, 48.804479063829483 ], [ 2.425655168035382, 48.804246566800934 ], [ 2.425760328736258, 48.803970060889938 ], [ 2.425945225449953, 48.803623785576185 ], [ 2.426285577706342, 48.80276020882998 ], [ 2.426529034201462, 48.802164183416586 ], [ 2.426531836156452, 48.802157001752995 ], [ 2.426547197458513, 48.802121999305818 ], [ 2.426646557477854, 48.801876942908486 ], [ 2.426712165247769, 48.801729757866994 ], [ 2.426716348338484, 48.801720784043447 ], [ 2.427044452509775, 48.800854446892849 ], [ 2.427061312771307, 48.800806860077586 ], [ 2.427195936984947, 48.800449548297181 ], [ 2.42722959768779, 48.800359770639631 ], [ 2.427292696382182, 48.800192786500659 ], [ 2.427331970094458, 48.800087746062161 ], [ 2.427388014478522, 48.799943212787262 ], [ 2.427727401476647, 48.799039152154847 ], [ 2.427864433455892, 48.798709731754904 ], [ 2.427986074894578, 48.798418011883648 ], [ 2.428269945625817, 48.797733134469638 ], [ 2.428318862952394, 48.79761734692628 ], [ 2.428620874865764, 48.796891182962945 ], [ 2.428893900413104, 48.79632497122244 ], [ 2.428895281379621, 48.796323179035802 ], [ 2.428989006900515, 48.796093382298338 ], [ 2.429120883227974, 48.795736053857077 ], [ 2.429202148770714, 48.795525084586551 ], [ 2.42956926072854, 48.794569882440854 ], [ 2.429890491103756, 48.793825817322485 ], [ 2.430104149841844, 48.793333068605953 ], [ 2.430585964195129, 48.792217416724434 ], [ 2.431339152711983, 48.790305288415389 ], [ 2.43142727499641, 48.79008805355204 ], [ 2.431603507566025, 48.789654482857088 ], [ 2.432025848653369, 48.788619484849541 ], [ 2.432125176804238, 48.788372622278757 ], [ 2.43259815728184, 48.787184963889317 ], [ 2.43269898770089, 48.786924616691721 ], [ 2.432831619233329, 48.786618550895703 ], [ 2.43350855886945, 48.786700009801955 ], [ 2.43602609524048, 48.786997027909862 ], [ 2.43600482426561, 48.787076074672534 ], [ 2.435869652813795, 48.787618673768172 ], [ 2.435714606630925, 48.78823672809866 ], [ 2.43585708085216, 48.788277873728013 ], [ 2.436025337801091, 48.788326336057359 ], [ 2.436557186262009, 48.788485340252507 ], [ 2.43677557121866, 48.788555623413146 ], [ 2.437357638694622, 48.788728351644139 ], [ 2.439077251554151, 48.789189732211 ], [ 2.439017631978722, 48.789291084267198 ], [ 2.438474384986039, 48.790189728780256 ], [ 2.438085431317567, 48.790789596841122 ], [ 2.437988747344308, 48.790919554656398 ], [ 2.437849363695471, 48.791096080129833 ], [ 2.43755292771951, 48.791446349177377 ], [ 2.437380495262412, 48.791657794923808 ], [ 2.437043062773443, 48.792022259879744 ], [ 2.436907921500232, 48.792183514376113 ], [ 2.43683211557291, 48.792270398519356 ], [ 2.436774218237159, 48.792337580315952 ], [ 2.438883076463913, 48.792942899839453 ], [ 2.440911981004922, 48.793519026985365 ], [ 2.440770706972125, 48.793618198731771 ], [ 2.4406702204441, 48.793722058171944 ], [ 2.440405376252815, 48.794046398900733 ], [ 2.440201841815588, 48.794365629795216 ], [ 2.439959726765085, 48.794981479175085 ], [ 2.439870511906093, 48.795176229326508 ], [ 2.439842089533279, 48.795287620811195 ], [ 2.440614538158082, 48.795487306281714 ], [ 2.44140191840529, 48.795691553446815 ], [ 2.442386563343939, 48.795908407968696 ], [ 2.442616139965252, 48.79620897632882 ], [ 2.442684623339924, 48.796297436072059 ], [ 2.44396701366771, 48.798085102219567 ], [ 2.445036511531462, 48.79928895914172 ], [ 2.445441833328708, 48.799709056216535 ], [ 2.445763671849381, 48.800811400199592 ], [ 2.445872941621859, 48.800906342531128 ], [ 2.446002336677445, 48.801029259048221 ], [ 2.447345370445695, 48.802255045025341 ], [ 2.446974286498183, 48.802454791319356 ], [ 2.447041814920045, 48.802506368748283 ], [ 2.447045861099903, 48.802509985011241 ], [ 2.447084990089624, 48.80254344330843 ], [ 2.447113332467124, 48.802566958450505 ], [ 2.447164628724827, 48.802608567473634 ], [ 2.447290165898738, 48.802710778653982 ], [ 2.447769365217021, 48.803101528204969 ], [ 2.447931349976953, 48.803233586761728 ], [ 2.448216086847602, 48.803474138041942 ], [ 2.44839571590709, 48.803611673673664 ], [ 2.448557741869582, 48.803740133956573 ], [ 2.448650856299455, 48.803818809989295 ], [ 2.448708408882727, 48.803783999409696 ], [ 2.448908457095111, 48.803664404231156 ], [ 2.448945653824207, 48.803623203989076 ], [ 2.449051170828271, 48.803558934629031 ], [ 2.449432041215739, 48.80333494375062 ], [ 2.449939262330432, 48.803007204385992 ], [ 2.449967577795619, 48.803033416867798 ], [ 2.450120397997155, 48.803131253618119 ], [ 2.450128500362179, 48.803137586589472 ], [ 2.450417861881744, 48.803327788292044 ], [ 2.450448967011793, 48.803347717778593 ], [ 2.451016909185223, 48.803718176050239 ], [ 2.451223813804853, 48.803852235087994 ], [ 2.451234639364581, 48.803858580481062 ], [ 2.451461825397783, 48.804006222963174 ], [ 2.451476688164465, 48.804017083783364 ], [ 2.452889848998578, 48.8049373345481 ], [ 2.452756783025996, 48.805032060147077 ], [ 2.454548423881775, 48.805961217347196 ], [ 2.454879679776232, 48.805924054900949 ], [ 2.455232963872126, 48.805863607967225 ], [ 2.455496330123815, 48.805808146749349 ], [ 2.455997229531986, 48.805693507481848 ], [ 2.456188414723496, 48.805639515002014 ], [ 2.456499694431549, 48.805559086801892 ], [ 2.456603460367383, 48.805531677660063 ], [ 2.456719554797703, 48.805497129393054 ], [ 2.456807019754445, 48.80546604845599 ], [ 2.456943873743465, 48.805399216503645 ], [ 2.45729038648589, 48.805203825225583 ], [ 2.457464289895581, 48.805109279980364 ], [ 2.457723000784874, 48.805239065701059 ], [ 2.457779978568261, 48.805259110593987 ], [ 2.457826176480647, 48.805268313967815 ], [ 2.45864500132923, 48.805611991775415 ], [ 2.459790568503302, 48.806092048207688 ], [ 2.460323408599227, 48.806311206083045 ], [ 2.460658256124316, 48.806058192090781 ], [ 2.460848117707858, 48.806131898525194 ], [ 2.460877950625111, 48.806143725043697 ], [ 2.461143770871046, 48.806245654393237 ], [ 2.461416381284947, 48.806349412494718 ], [ 2.461888323126995, 48.806533213020764 ], [ 2.462681686404387, 48.806841672083593 ], [ 2.463532309413035, 48.807144087058987 ], [ 2.463675996827643, 48.807206789098885 ], [ 2.464012204243567, 48.807350399224177 ], [ 2.464939561813885, 48.806678218733509 ], [ 2.466948856055319, 48.805256278407413 ], [ 2.468120038796682, 48.804566272323306 ], [ 2.468126882954291, 48.804562705243754 ], [ 2.468363360459923, 48.804070895179606 ], [ 2.468486924303822, 48.803836705564386 ], [ 2.46878621279262, 48.802658044079749 ], [ 2.468938013143132, 48.802057030193104 ], [ 2.469540197687177, 48.800812256485521 ], [ 2.469677856182145, 48.800529560722232 ], [ 2.470039693742324, 48.799755894472433 ], [ 2.470100123781455, 48.799569989325327 ], [ 2.470510486615082, 48.798306369902228 ], [ 2.470537182584419, 48.798224643865922 ], [ 2.471405769300185, 48.795535717981465 ], [ 2.471789859446129, 48.794306150603212 ], [ 2.471885881964877, 48.79342697029508 ], [ 2.471791654515581, 48.792515469792548 ], [ 2.471884614551779, 48.791669552119927 ], [ 2.472096237532433, 48.791068793051103 ], [ 2.472382517557639, 48.790488149616323 ], [ 2.473354976739977, 48.789217997359117 ], [ 2.474117035395899, 48.78829137877176 ], [ 2.474406112734427, 48.787969767550727 ], [ 2.474625537296416, 48.787671233639479 ], [ 2.476309127094814, 48.787004076674251 ], [ 2.478800244068473, 48.786019336054871 ], [ 2.481788596556433, 48.785253455295233 ], [ 2.4840901401092, 48.784702190507929 ], [ 2.486347588394285, 48.784201058066699 ], [ 2.486757584036093, 48.78416774331312 ], [ 2.487577582581084, 48.784100210222782 ], [ 2.490889517344027, 48.784041516194236 ], [ 2.493202925874769, 48.784074734963781 ], [ 2.49436818191205, 48.784192096231109 ], [ 2.495171477551263, 48.784302521026845 ], [ 2.495340055066844, 48.784322120466499 ], [ 2.495356369307266, 48.784323988162186 ], [ 2.498243921775534, 48.784663528767737 ], [ 2.499481964116091, 48.784715489680025 ], [ 2.500391331601235, 48.784695011649525 ], [ 2.502573396649927, 48.784517940256215 ], [ 2.504754094452252, 48.784339923986671 ], [ 2.50693478587216, 48.784160968530799 ], [ 2.507049115577137, 48.784160540854884 ], [ 2.507066808145008, 48.78416061384403 ], [ 2.507198847403746, 48.784158460288808 ], [ 2.507864461952855, 48.784150410829632 ], [ 2.510230176858179, 48.78412235635701 ], [ 2.511429754286125, 48.784357512614264 ], [ 2.512445147835884, 48.784787074188969 ], [ 2.513592624991017, 48.785649773581873 ], [ 2.514226063113214, 48.785883494783249 ], [ 2.516533587735499, 48.786267900607371 ], [ 2.516641016886613, 48.786278228544958 ], [ 2.516757898278508, 48.786296689157389 ], [ 2.516970946215622, 48.786365904485386 ], [ 2.516998041842942, 48.786379504918742 ], [ 2.517742915285139, 48.786781844204633 ], [ 2.518426652716817, 48.787173139577007 ], [ 2.519013781951295, 48.787562243259188 ], [ 2.51962581142515, 48.788056672902705 ], [ 2.520143606936991, 48.788586696464741 ], [ 2.520505853797256, 48.789010864651907 ], [ 2.520772211501701, 48.789353701848896 ], [ 2.521211630761689, 48.789972445441585 ], [ 2.521567725999063, 48.790624130923412 ], [ 2.52159046947932, 48.790667392703817 ], [ 2.521902183534006, 48.791261338137815 ], [ 2.5219294560517, 48.791256050903208 ], [ 2.521956489586338, 48.791276845007545 ], [ 2.521987450044594, 48.79131474321612 ], [ 2.522155016175921, 48.791596922267189 ], [ 2.522215140122136, 48.791720378998455 ], [ 2.522397302966502, 48.792043987851599 ], [ 2.522518815728153, 48.792301698639356 ], [ 2.522673166251736, 48.792689951742808 ], [ 2.522688941024755, 48.792751173164227 ], [ 2.522728049016675, 48.792940200913009 ], [ 2.522729652465735, 48.793062524120479 ], [ 2.522741277992006, 48.793130924049244 ], [ 2.522958623157934, 48.793925051873714 ], [ 2.523016786447381, 48.794263453676294 ], [ 2.52306732930575, 48.794393167139724 ], [ 2.52320228743504, 48.794819115661262 ], [ 2.523281981612321, 48.795036185765234 ], [ 2.523346513618995, 48.795273881190909 ], [ 2.523421993842722, 48.795505324483109 ], [ 2.523478507315062, 48.795726798811067 ], [ 2.523483352701806, 48.795792473309888 ], [ 2.523478628109657, 48.795862606578737 ], [ 2.523529762805183, 48.796076864278625 ], [ 2.52354331360816, 48.796381810035356 ], [ 2.523527131939904, 48.79651395519199 ], [ 2.52347714786082, 48.796620782776571 ], [ 2.523465748155463, 48.796676499215486 ], [ 2.523461793238892, 48.796811391234137 ], [ 2.52345186157972, 48.796855421508788 ], [ 2.523388212149426, 48.797563882998382 ], [ 2.523318469744924, 48.797747079313609 ], [ 2.523181364149703, 48.798001957586578 ], [ 2.523135198850119, 48.798137580424573 ], [ 2.523152501569073, 48.798180819895784 ], [ 2.523069169805142, 48.798658959666554 ], [ 2.523103219916944, 48.798657296762755 ], [ 2.523132857126976, 48.798691591592736 ], [ 2.523182125420127, 48.798812305561647 ], [ 2.52321355659845, 48.798948237865076 ], [ 2.523213742472053, 48.799076850442248 ], [ 2.523230313997812, 48.799200132066133 ], [ 2.523227744305363, 48.799332331155796 ], [ 2.523234983649363, 48.799433990330719 ], [ 2.523228576445612, 48.799539192594906 ], [ 2.523209065152382, 48.799588580832349 ], [ 2.523128037196674, 48.79966560452042 ], [ 2.523089417186742, 48.799720312791735 ], [ 2.523058200615844, 48.799858693194139 ], [ 2.523048856440044, 48.79998726764218 ], [ 2.523031894881899, 48.800055553042554 ], [ 2.522992044684253, 48.800095866234273 ], [ 2.522880871545712, 48.801533534427122 ], [ 2.522890228737886, 48.802147849166161 ], [ 2.522862897068559, 48.802307829876398 ], [ 2.522635943433727, 48.803155039595225 ], [ 2.522327098099815, 48.804171903789417 ], [ 2.522903234871984, 48.8042983190036 ], [ 2.522999719995015, 48.804318490399147 ], [ 2.523499755815012, 48.804429309568405 ], [ 2.524243018325009, 48.804594158267122 ], [ 2.524812291331208, 48.804727731909004 ], [ 2.524935924450257, 48.804607706542846 ], [ 2.525293058232885, 48.804712553882425 ], [ 2.526203030961573, 48.804812397589814 ], [ 2.526053781671474, 48.805054638154104 ], [ 2.526037206503873, 48.80508065441159 ], [ 2.526016048233267, 48.805161514577037 ], [ 2.526011040146372, 48.80526312447298 ], [ 2.526022416017429, 48.805509599208705 ], [ 2.525995484509118, 48.805626411571069 ], [ 2.525848856886565, 48.805879454647567 ], [ 2.525803362032352, 48.805941331255923 ], [ 2.525739995335795, 48.806022023874341 ], [ 2.525653506779303, 48.806099926575023 ], [ 2.525606739938437, 48.806151904897 ], [ 2.525515871796363, 48.806262167702869 ], [ 2.525449748439197, 48.806346446716127 ], [ 2.52537532462473, 48.806445082770708 ], [ 2.525253928284311, 48.8066181805535 ], [ 2.525175672853755, 48.806688920552588 ], [ 2.52503842794665, 48.806807992505419 ], [ 2.525733955832302, 48.807135428988083 ], [ 2.52589962120391, 48.80703535590559 ], [ 2.526003729537948, 48.806966516720649 ], [ 2.526101144189391, 48.806885059628698 ], [ 2.526266214364169, 48.806700442213717 ], [ 2.526419209054662, 48.80649599040715 ], [ 2.526483855176391, 48.80642429630587 ], [ 2.526678705134549, 48.806258683140669 ], [ 2.526737847307513, 48.806193262739427 ], [ 2.52679575018276, 48.80611434673645 ], [ 2.526884406235674, 48.805947413406145 ], [ 2.527034314804615, 48.805632324998435 ], [ 2.527058643260513, 48.805502011442726 ], [ 2.527070285696929, 48.80541931472014 ], [ 2.52710656614776, 48.805172129241541 ], [ 2.528097254334537, 48.805230906326372 ], [ 2.528594005490794, 48.805255350754535 ], [ 2.5288131695025, 48.805260711718901 ], [ 2.528852606356998, 48.80556755505593 ], [ 2.528887557825661, 48.806069545546244 ], [ 2.528896284405718, 48.806158618303385 ], [ 2.528960317540693, 48.806154373747809 ], [ 2.529115630873351, 48.80614419311032 ], [ 2.529131977505042, 48.806143358122398 ], [ 2.529262766773685, 48.806134879447477 ], [ 2.529336330646294, 48.80613067222081 ], [ 2.529399002168877, 48.806126422069461 ], [ 2.529524353295864, 48.806117022322681 ], [ 2.529528437921974, 48.806117038398284 ], [ 2.529621087667479, 48.806110207977582 ], [ 2.529630626571191, 48.806109346133951 ], [ 2.529670135614702, 48.806106803454128 ], [ 2.529675581781843, 48.806106824881638 ], [ 2.529785939638923, 48.806099164625195 ], [ 2.530085640852595, 48.80608235556732 ], [ 2.530162365145429, 48.806029593876701 ], [ 2.532104243930059, 48.80600123522656 ], [ 2.532700686794872, 48.805993675115161 ], [ 2.532934976228542, 48.805982898840462 ], [ 2.533075303298402, 48.805973553884982 ], [ 2.533216322512825, 48.805886865020319 ], [ 2.533324559829277, 48.80581173991802 ], [ 2.533611336963228, 48.80586951989212 ], [ 2.533762202161635, 48.805899787845789 ], [ 2.534035429158379, 48.805950318927266 ], [ 2.534388867086597, 48.806014652483277 ], [ 2.534713801766382, 48.806068980901188 ], [ 2.534985147839087, 48.80617796198117 ], [ 2.535324235874746, 48.806324979598529 ], [ 2.535626002478667, 48.806076125439162 ], [ 2.535924771062894, 48.805857837659815 ], [ 2.53675073616228, 48.805915903314904 ], [ 2.537205138590609, 48.805957235948867 ], [ 2.537330312391128, 48.805967613629868 ], [ 2.537492263750452, 48.805976334724015 ], [ 2.537710086108128, 48.805979875413513 ], [ 2.538073529492956, 48.805991173511238 ], [ 2.538196028245394, 48.805996143686265 ], [ 2.538338942159339, 48.806002091956096 ], [ 2.53863702394748, 48.806014035276675 ], [ 2.538984113385168, 48.806027066239551 ], [ 2.539374796137025, 48.806037566047678 ], [ 2.53947541517438, 48.80605324312171 ], [ 2.539607405303889, 48.806062745297218 ], [ 2.539675514136103, 48.806059410079051 ], [ 2.539806317349432, 48.806049121175754 ], [ 2.540146988139377, 48.806018054589927 ], [ 2.5403881313951, 48.806001893818333 ], [ 2.540694628409045, 48.805985983682099 ], [ 2.540802261311901, 48.805978302792376 ], [ 2.541580506709842, 48.805889553323325 ], [ 2.542689846939653, 48.805774185187509 ], [ 2.54328804095645, 48.805721610127115 ], [ 2.543532416035661, 48.806269364466225 ], [ 2.543883788738195, 48.806104321023042 ], [ 2.544196674594089, 48.805980501110682 ], [ 2.544376947814382, 48.805918231985828 ], [ 2.544494715583054, 48.80584133440464 ], [ 2.544665069254762, 48.80566750433259 ], [ 2.544877017021625, 48.805563983755633 ], [ 2.545128416841687, 48.805464210432369 ], [ 2.545146893142648, 48.805375242423032 ], [ 2.545159491942109, 48.805335717775165 ], [ 2.545199674058562, 48.805255826105345 ], [ 2.545241154840447, 48.805183134373991 ], [ 2.545283887256088, 48.805123038665009 ], [ 2.545344444715093, 48.805048620700049 ], [ 2.545411770378617, 48.804978725324901 ], [ 2.545490011469537, 48.804906173279392 ], [ 2.545558557220088, 48.804852471245226 ], [ 2.545729725158357, 48.804740699667882 ], [ 2.545956823666403, 48.804616549006795 ], [ 2.546178365537373, 48.804504968095287 ], [ 2.546319296421032, 48.804425458445621 ], [ 2.546494405065439, 48.80432988949709 ], [ 2.546758432229771, 48.804186091066477 ], [ 2.546955362178271, 48.804086107275864 ], [ 2.547135820769563, 48.804001350178893 ], [ 2.547246507287137, 48.803955001810834 ], [ 2.547381739380508, 48.80390424939214 ], [ 2.54750873208396, 48.803861560032161 ], [ 2.547680715939844, 48.803811845764798 ], [ 2.548012335818135, 48.803723162333014 ], [ 2.548174679309648, 48.803686002193331 ], [ 2.548467895883267, 48.803629549942414 ], [ 2.548776111415824, 48.803570455456409 ], [ 2.549073387792162, 48.803516715178809 ], [ 2.549335226360098, 48.80346733745268 ], [ 2.550237934171145, 48.803307050539019 ], [ 2.55048610938553, 48.803263015150158 ], [ 2.550756075423143, 48.803218161765187 ], [ 2.550904715535646, 48.80319083957415 ], [ 2.551024741459466, 48.803166107861202 ], [ 2.551105996055955, 48.80321677821123 ], [ 2.551179089729998, 48.803266518483298 ], [ 2.551487965920905, 48.803446654075067 ], [ 2.55229531349389, 48.803926350855662 ], [ 2.552606176072197, 48.804034540664311 ], [ 2.552737762465458, 48.804090794487408 ], [ 2.553169867082541, 48.80435053177105 ], [ 2.554012258896107, 48.804875316289362 ], [ 2.554022328177515, 48.80497158716549 ], [ 2.554038751394804, 48.805120944955434 ], [ 2.55405770551818, 48.805292796575394 ], [ 2.554089736826073, 48.805527653285324 ], [ 2.554111422020878, 48.805698615645049 ], [ 2.554128014862237, 48.805828187685883 ], [ 2.554143430756082, 48.805936170298011 ], [ 2.554155046532549, 48.806010861818784 ], [ 2.554181209725468, 48.806295162126069 ], [ 2.554183525397334, 48.806342837668858 ], [ 2.554184394961596, 48.80640040094751 ], [ 2.554181264428466, 48.80644805617505 ], [ 2.554161041841532, 48.806583786448115 ], [ 2.554137126564518, 48.806673634788851 ], [ 2.554074372387241, 48.806846980141501 ], [ 2.554028602575504, 48.806944841292378 ], [ 2.55397603243975, 48.807041777670754 ], [ 2.553917931212041, 48.807148586503786 ], [ 2.55382247483165, 48.807324507747943 ], [ 2.553802997291571, 48.80737300128979 ], [ 2.553795843169225, 48.807413446451768 ], [ 2.553787050461666, 48.8074862629853 ], [ 2.553790727407568, 48.807533943567691 ], [ 2.553799927631947, 48.807572651017281 ], [ 2.553815997337952, 48.807604189107387 ], [ 2.553869929860242, 48.807666447234908 ], [ 2.553946747968797, 48.807759369460129 ], [ 2.554063952669852, 48.80790640474784 ], [ 2.554124563059383, 48.807983977014224 ], [ 2.554212151861672, 48.808091329197623 ], [ 2.554371412495004, 48.808097319216813 ], [ 2.554574213526248, 48.808107068757678 ], [ 2.55471588098992, 48.808100401526964 ], [ 2.554818092834957, 48.808089989708989 ], [ 2.555088018756309, 48.808052321496952 ], [ 2.556111855028837, 48.807905931998654 ], [ 2.556563168806272, 48.807833858237053 ], [ 2.557688257387864, 48.80762847207356 ], [ 2.5579037841241, 48.807582501849559 ], [ 2.558213160601107, 48.807548569967125 ], [ 2.558492071801772, 48.807574782854687 ], [ 2.558460533320586, 48.80776173621657 ], [ 2.559233867622605, 48.808575825172952 ], [ 2.559695437983709, 48.809063187622996 ], [ 2.560254167450234, 48.809656132065832 ], [ 2.560599617292756, 48.810028843038765 ], [ 2.560907150119269, 48.810377130574238 ], [ 2.561313317005535, 48.81081751506656 ], [ 2.562057048318926, 48.811599996619826 ], [ 2.562852859609564, 48.811695544301735 ], [ 2.564094183898381, 48.812253189518501 ], [ 2.564220243864045, 48.8123229005745 ], [ 2.564248659370842, 48.812344589028456 ], [ 2.56481408592297, 48.812798132222298 ], [ 2.565021694399559, 48.813213497105927 ], [ 2.565086548317923, 48.813601361190408 ], [ 2.565481081856961, 48.813974235069793 ], [ 2.565419398363044, 48.814022576791793 ], [ 2.5651797719817, 48.814179994448999 ], [ 2.564477773679975, 48.814586652042365 ], [ 2.564267054664117, 48.814706399639519 ], [ 2.564004346698991, 48.814854737067634 ], [ 2.563796311452166, 48.814978990441546 ], [ 2.563651210582825, 48.815068397787208 ], [ 2.562844998774213, 48.815557407019796 ], [ 2.562661485357583, 48.815679949281332 ], [ 2.56242999119025, 48.815840089101847 ], [ 2.562343714773636, 48.815897332845452 ], [ 2.562249244705952, 48.81595724462872 ], [ 2.562161666502458, 48.816007288531438 ], [ 2.562095990291793, 48.816043922075252 ], [ 2.562016688381177, 48.816081405037778 ], [ 2.561851093824905, 48.816177929999576 ], [ 2.561536418553769, 48.816350354332307 ], [ 2.561090348220525, 48.81660054049059 ], [ 2.5609698948455, 48.816672946989712 ], [ 2.560755460222575, 48.816746806884289 ], [ 2.560530885870208, 48.81689257846736 ], [ 2.559668386287095, 48.817428125857433 ], [ 2.558431144465687, 48.818148452271956 ], [ 2.557366342999974, 48.818765976988928 ], [ 2.557902970820014, 48.819404712824557 ], [ 2.55746272759386, 48.819765528334983 ], [ 2.557287144343499, 48.819913273547741 ], [ 2.556672644833299, 48.820424533926221 ], [ 2.556631511985723, 48.820456758530263 ], [ 2.556325783774041, 48.820693056673079 ], [ 2.556054269536023, 48.820909695018798 ], [ 2.556172198704261, 48.820975786344619 ], [ 2.55655186482293, 48.821174155566318 ], [ 2.557126874491148, 48.821464982236861 ], [ 2.55741163874721, 48.821612632762687 ], [ 2.557681522309517, 48.821748535823268 ], [ 2.557982587423298, 48.821901641412964 ], [ 2.558424688941623, 48.822127216126624 ], [ 2.559070207402868, 48.822457865421136 ], [ 2.559303447953419, 48.822579239771805 ], [ 2.559680451674886, 48.822773092067841 ], [ 2.559850096392043, 48.822683780391309 ], [ 2.560058179372374, 48.822558635399972 ], [ 2.560237508254516, 48.822451371542897 ], [ 2.560530289143606, 48.822295958837316 ], [ 2.560941854467566, 48.82210590645429 ], [ 2.561301268922151, 48.821962428180548 ], [ 2.561644315253123, 48.821821586902594 ], [ 2.562277414731716, 48.821524418220328 ], [ 2.562453898398719, 48.821430631000915 ], [ 2.562574322979849, 48.821362719990276 ], [ 2.562722280227198, 48.821259834378935 ], [ 2.562878476374669, 48.821148884426165 ], [ 2.563068991535384, 48.821005682586581 ], [ 2.563193696016219, 48.820914403123794 ], [ 2.563319626416436, 48.82083931654396 ], [ 2.563544074467357, 48.820709728283461 ], [ 2.563612501968827, 48.820670406028384 ], [ 2.563702840561158, 48.820616773864245 ], [ 2.563758927747102, 48.820587299496296 ], [ 2.563820462559669, 48.820557844972896 ], [ 2.563887377291518, 48.820536504311583 ], [ 2.563976082711136, 48.820515243072101 ], [ 2.564192936405461, 48.82047915970049 ], [ 2.564465598453997, 48.820446876674552 ], [ 2.564776393892935, 48.82041473182786 ], [ 2.564892314595234, 48.820396267052296 ], [ 2.564997407397767, 48.820369668501066 ], [ 2.565114832354515, 48.820334121071262 ], [ 2.565258343506318, 48.820273486184625 ], [ 2.56564646844305, 48.820113910536158 ], [ 2.565918424620846, 48.820002477609037 ], [ 2.566217984347515, 48.819847075359526 ], [ 2.566354780594659, 48.819774723047161 ], [ 2.566497053971413, 48.81969879297521 ], [ 2.566583137757871, 48.819664929192228 ], [ 2.56678674072064, 48.819583824868467 ], [ 2.567025804600861, 48.819496553052637 ], [ 2.567084694626085, 48.819457194248258 ], [ 2.567245629510575, 48.819429896507565 ], [ 2.567294784544774, 48.819414785202646 ], [ 2.567434488462681, 48.819319958049263 ], [ 2.567574251538417, 48.819217936024721 ], [ 2.567686821100678, 48.81911041932814 ], [ 2.567826888729163, 48.81897152414431 ], [ 2.567969813491724, 48.818816450539551 ], [ 2.568116979449197, 48.818642505401932 ], [ 2.568254544328676, 48.818476619678194 ], [ 2.568444261102497, 48.818262356293943 ], [ 2.568720509727213, 48.817959367545349 ], [ 2.568924935398785, 48.817777533526254 ], [ 2.569048966156481, 48.817600805596378 ], [ 2.569206742727479, 48.817295589783512 ], [ 2.569263231815984, 48.817216649092295 ], [ 2.569311646294997, 48.817125987526445 ], [ 2.569436835524694, 48.81697354616125 ], [ 2.569478002261373, 48.816935921016444 ], [ 2.569577979914135, 48.816867929128023 ], [ 2.56959211037528, 48.816805923723471 ], [ 2.569628490170569, 48.816688237687345 ], [ 2.569656587558834, 48.816584012315609 ], [ 2.569672532389079, 48.816467152059566 ], [ 2.569690313926701, 48.816292738934223 ], [ 2.569697341890934, 48.816101199109937 ], [ 2.56970967966395, 48.81576128280102 ], [ 2.569739304991856, 48.815471793171774 ], [ 2.569752570243026, 48.815349526944402 ], [ 2.569756340045211, 48.815222729696472 ], [ 2.570025333389824, 48.814970975053321 ], [ 2.570156634809626, 48.814902195853648 ], [ 2.571188887092138, 48.814405853918927 ], [ 2.57146209690367, 48.8143025067778 ], [ 2.571729755201505, 48.814211730276256 ], [ 2.571830717245841, 48.814188708306943 ], [ 2.57200119520511, 48.814157840807283 ], [ 2.572369363484951, 48.814098900515724 ], [ 2.572875399473514, 48.81399998012062 ], [ 2.573600969366952, 48.813865865990302 ], [ 2.573763274735736, 48.81383496682998 ], [ 2.57386012051479, 48.813815525944015 ], [ 2.574081039438588, 48.813777640301964 ], [ 2.574233790001212, 48.813749404569599 ], [ 2.574432920458073, 48.813711440684244 ], [ 2.574488840049844, 48.813700847291969 ], [ 2.574159689314532, 48.812984677246433 ], [ 2.575395887901217, 48.81268508716289 ], [ 2.578145511983843, 48.811982520210307 ], [ 2.578197431156798, 48.811961118525687 ], [ 2.579662732791921, 48.811276462606955 ], [ 2.580007173010272, 48.811116685866608 ], [ 2.580264167258035, 48.810993475321503 ], [ 2.580392671162563, 48.810930970491881 ], [ 2.580681083216435, 48.810795278117169 ], [ 2.580932584264491, 48.810677443067192 ], [ 2.581100675991475, 48.810602485037613 ], [ 2.581175805861047, 48.810573069033083 ], [ 2.581444905254875, 48.81046788572862 ], [ 2.58163058170008, 48.810407378438363 ], [ 2.581945838665137, 48.810319443558413 ], [ 2.582858621459625, 48.810093292388444 ], [ 2.584888308991433, 48.809654269222818 ], [ 2.58530569302398, 48.809564881286455 ], [ 2.587160830554089, 48.809153094378949 ], [ 2.587263059328261, 48.809139956791427 ], [ 2.587399357165441, 48.809123339218608 ], [ 2.588477396975527, 48.809001143013035 ], [ 2.589436829206944, 48.808896517246232 ], [ 2.589829393188165, 48.808844801861746 ], [ 2.590088383552473, 48.808809715319079 ], [ 2.59014707448353, 48.80879192911754 ], [ 2.590214111736755, 48.808751687210915 ], [ 2.590489964596864, 48.808476525394305 ], [ 2.591277702507166, 48.807691371395251 ], [ 2.591641283922823, 48.807340059953326 ], [ 2.591728931921099, 48.807275604501172 ], [ 2.591775429719273, 48.807249681488308 ], [ 2.591849236426766, 48.807213958600059 ], [ 2.591922951556458, 48.807189927196468 ], [ 2.592254580912732, 48.807093027169842 ], [ 2.592462010925372, 48.807033476529327 ], [ 2.592758195345204, 48.806941850494859 ], [ 2.592801877917137, 48.806927609333087 ], [ 2.593032467333345, 48.80686633783759 ], [ 2.593303924229375, 48.806802506818194 ], [ 2.59345255925685, 48.806774232461834 ], [ 2.593730626825535, 48.806735605393023 ], [ 2.594271776545202, 48.806659197828814 ], [ 2.594827287840149, 48.806486603588333 ], [ 2.595463636325298, 48.806248626099304 ], [ 2.595779144538182, 48.806121982385946 ], [ 2.596038716416615, 48.806009538794164 ], [ 2.596221901539402, 48.805914824109955 ], [ 2.596354096505279, 48.805899081833665 ], [ 2.596429183160612, 48.805873253521163 ], [ 2.596464910288487, 48.805831103581106 ], [ 2.596474907261109, 48.805770879308099 ], [ 2.596458049201082, 48.805661998208429 ], [ 2.596123393059787, 48.805096960663285 ], [ 2.595798086541688, 48.804556236599687 ], [ 2.595678508851481, 48.80434987543574 ], [ 2.595540052473079, 48.804120066491151 ], [ 2.595229559918415, 48.803601874876954 ], [ 2.595076298823233, 48.803350430086724 ], [ 2.594403066953535, 48.802207738936247 ], [ 2.594300884122855, 48.802041906896804 ], [ 2.594229707173033, 48.801915752574772 ], [ 2.593958120013329, 48.801475035050828 ], [ 2.593874712859059, 48.801346140771294 ], [ 2.593795397381453, 48.801216360945197 ], [ 2.593768547194474, 48.801167703325135 ], [ 2.593743009444011, 48.801125345798567 ], [ 2.593722819334751, 48.801095597723915 ], [ 2.593647581851072, 48.800966731006703 ], [ 2.593585755635667, 48.800863991775074 ], [ 2.593533382433979, 48.800771177800748 ], [ 2.593282361306982, 48.80031344000929 ], [ 2.593239420775057, 48.800233249246027 ], [ 2.59319640322373, 48.800162951358139 ], [ 2.593094775825373, 48.800101447722014 ], [ 2.592899676037173, 48.799980266710058 ], [ 2.592546046809754, 48.799762311570902 ], [ 2.592332037858887, 48.799622178176797 ], [ 2.592193922533283, 48.799526372895194 ], [ 2.592080716323589, 48.799204908370321 ], [ 2.59193023770195, 48.798775390889212 ], [ 2.591888887024534, 48.798666424809348 ], [ 2.591636446580349, 48.797871410329932 ], [ 2.591455193323901, 48.79737433304097 ], [ 2.592823481296186, 48.797358316510753 ], [ 2.592905398840939, 48.797502496398188 ], [ 2.596018147967495, 48.796887089318481 ], [ 2.597806672957272, 48.79604050825013 ], [ 2.599889349772645, 48.794994322967341 ], [ 2.599564771345127, 48.79436186969761 ], [ 2.599329585276655, 48.793611895734543 ], [ 2.598983098433553, 48.792821075113054 ], [ 2.598975000355307, 48.792812054103884 ], [ 2.598891373389287, 48.792711941875922 ], [ 2.598770020584956, 48.792561337437299 ], [ 2.598514113549531, 48.792207020114446 ], [ 2.598437356653613, 48.792098836131238 ], [ 2.59832559715591, 48.791940168926423 ], [ 2.598182843026188, 48.79174092508373 ], [ 2.598108816771987, 48.791631850637103 ], [ 2.598013220031411, 48.791495722038235 ], [ 2.597962036261282, 48.791425397852613 ], [ 2.59784223747045, 48.791250514118587 ], [ 2.597749191086435, 48.791136878465245 ], [ 2.597493354692956, 48.790951643122924 ], [ 2.597435130461395, 48.790911874057159 ], [ 2.59704651515576, 48.790647044448995 ], [ 2.596694550234147, 48.790395827980447 ], [ 2.595830679672978, 48.789807409227684 ], [ 2.596149791374778, 48.789553961761051 ], [ 2.596222375983426, 48.789496646307349 ], [ 2.596275793500087, 48.789453656237441 ], [ 2.596583928573452, 48.789210963102335 ], [ 2.596811297127765, 48.789027356181222 ], [ 2.596852484614141, 48.788981626414973 ], [ 2.596697743134464, 48.788926241688173 ], [ 2.594822031532592, 48.788409044779591 ], [ 2.59424066868708, 48.788255075715654 ], [ 2.59408855634107, 48.788212287910532 ], [ 2.594358176402647, 48.787671772044249 ], [ 2.595091580839736, 48.784895147445098 ], [ 2.594549311016165, 48.784969756835785 ], [ 2.593666544937018, 48.785074685039298 ], [ 2.592922674669629, 48.785170186695382 ], [ 2.592094321004176, 48.785277986813725 ], [ 2.591731384335269, 48.784001411636048 ], [ 2.591598576936579, 48.783754524633011 ], [ 2.591481862894331, 48.783538271753713 ], [ 2.591406679166976, 48.783580286077296 ], [ 2.591293043237177, 48.783666239006536 ], [ 2.591186669757966, 48.783693756240574 ], [ 2.590663707276055, 48.783736935415511 ], [ 2.590503134706426, 48.783733687054749 ], [ 2.590348062496978, 48.783723262205378 ], [ 2.590106277265448, 48.783663073203009 ], [ 2.589990998306551, 48.783611412386158 ], [ 2.589909941466289, 48.783534685951778 ], [ 2.589856111065381, 48.783457153523145 ], [ 2.589828039986934, 48.783392300974612 ], [ 2.589687455399591, 48.783270400430794 ], [ 2.589599757476923, 48.783172964944292 ], [ 2.589237815811803, 48.783162727325099 ], [ 2.588953568794197, 48.783137466249819 ], [ 2.588816453206308, 48.7830938236728 ], [ 2.588533865571206, 48.783030792845565 ], [ 2.588347550868292, 48.783013062658341 ], [ 2.588303936770963, 48.783021006919981 ], [ 2.588712100552494, 48.781656235414658 ], [ 2.588674420439459, 48.781602142124299 ], [ 2.588682402539515, 48.780762136188834 ], [ 2.588694197143834, 48.780474370768829 ], [ 2.58809878038796, 48.77849365114529 ], [ 2.586311051387835, 48.778780677401464 ], [ 2.585628687848115, 48.778852063188914 ], [ 2.585453032828396, 48.778864944781652 ], [ 2.585424748202182, 48.778827971427752 ], [ 2.585443132081418, 48.778740793857402 ], [ 2.585439436219087, 48.77800687407462 ], [ 2.585444897525849, 48.777833309569402 ], [ 2.585445337091285, 48.77760666322763 ], [ 2.585452559208909, 48.777382738564803 ], [ 2.585460470521244, 48.777243359539497 ], [ 2.585470028334608, 48.777068010337814 ], [ 2.585510855566246, 48.776896367184634 ], [ 2.585594388067211, 48.776659216141688 ], [ 2.585662465761025, 48.776483170411161 ], [ 2.585746815120995, 48.776314376216909 ], [ 2.585848704007003, 48.776164530090838 ], [ 2.585909255644511, 48.77607929721615 ], [ 2.585958970938103, 48.775987730967238 ], [ 2.58600185372401, 48.775899738605254 ], [ 2.586033686230086, 48.775832394080922 ], [ 2.586051647153901, 48.775798279199854 ], [ 2.586065482987132, 48.775769546409528 ], [ 2.58609061855566, 48.775688687691535 ], [ 2.586110482221986, 48.775586225148615 ], [ 2.586155623776154, 48.775384916373696 ], [ 2.586211879090762, 48.775154865297175 ], [ 2.5862596914403, 48.774959861449155 ], [ 2.586320006637501, 48.774732522495356 ], [ 2.586363686128646, 48.774543800016609 ], [ 2.586403204746178, 48.774364956474521 ], [ 2.586429935019515, 48.774254422945354 ], [ 2.586470265187558, 48.774144835875759 ], [ 2.586495199825838, 48.774089159441971 ], [ 2.586560107988851, 48.773968864606246 ], [ 2.586646979467779, 48.773824361938914 ], [ 2.586741879366439, 48.773696975552909 ], [ 2.58686566671837, 48.773530115404014 ], [ 2.587024980746369, 48.773344490530569 ], [ 2.587256723044185, 48.77311954208777 ], [ 2.587428031732869, 48.772965437057842 ], [ 2.58775233926562, 48.772735410835651 ], [ 2.588019424772181, 48.772514180374536 ], [ 2.588059153978966, 48.772480140170188 ], [ 2.588426217866996, 48.772176508634203 ], [ 2.588586422058337, 48.772049345597729 ], [ 2.588697322926768, 48.771962485622623 ], [ 2.588741147412546, 48.771926660476723 ], [ 2.588889139618009, 48.771794957965867 ], [ 2.588961877492231, 48.771716060995928 ], [ 2.589086765868941, 48.771580681118088 ], [ 2.589203624233442, 48.77142818486324 ], [ 2.589350599950772, 48.771252407581066 ], [ 2.589455069613952, 48.771117856478881 ], [ 2.589674064200114, 48.771300287936761 ], [ 2.589949284819007, 48.771427149111823 ], [ 2.590190653039634, 48.771533207287085 ], [ 2.590416068525286, 48.771591542023785 ], [ 2.591058251141007, 48.77142555415314 ], [ 2.591265716844851, 48.77134351929967 ], [ 2.591369766313613, 48.771262029774071 ], [ 2.591757017812561, 48.771157224487141 ], [ 2.592171318789891, 48.771073196516255 ], [ 2.592766027372347, 48.771235318744274 ], [ 2.593162485455363, 48.771345497118283 ], [ 2.593346215266113, 48.771515210045756 ], [ 2.593520996078605, 48.771611141362662 ], [ 2.594206906656948, 48.771769968996892 ], [ 2.594779775205257, 48.771942799666107 ], [ 2.594984389901164, 48.772052320990532 ], [ 2.595212164619666, 48.772158322829618 ], [ 2.595317870909331, 48.772213544367958 ], [ 2.595535221677196, 48.772260149861019 ], [ 2.59628119316543, 48.772220401401334 ], [ 2.596464861965239, 48.772223720169038 ], [ 2.59662394151695, 48.772239547227308 ], [ 2.59680471538045, 48.772265340695149 ], [ 2.597200009611474, 48.772352117191822 ], [ 2.597491956665603, 48.772430449603469 ], [ 2.597767430977654, 48.772527613223055 ], [ 2.598052292511424, 48.772642795771901 ], [ 2.597966065738032, 48.773237907968536 ], [ 2.598396435862105, 48.773365271391775 ], [ 2.598549710050847, 48.773428744482906 ], [ 2.598654234650762, 48.773461474044609 ], [ 2.598876974175751, 48.773516186072364 ], [ 2.59896933579345, 48.773538081729136 ], [ 2.599189361482273, 48.773591884659702 ], [ 2.599245046599122, 48.773605562454854 ], [ 2.599572299197031, 48.773694800877003 ], [ 2.600021609721001, 48.773837511627249 ], [ 2.600204898639697, 48.773891189662308 ], [ 2.60036645790426, 48.773939398334221 ], [ 2.600849811167474, 48.774079521604179 ], [ 2.601117527946476, 48.774125385692749 ], [ 2.601321449586292, 48.774150350141362 ], [ 2.601713102126678, 48.774182236051161 ], [ 2.602050257903705, 48.774222933134908 ], [ 2.602317976473238, 48.774268794527593 ], [ 2.602716057562489, 48.774350165428082 ], [ 2.603182141821283, 48.774436257879231 ], [ 2.603360375966774, 48.77443954795973 ], [ 2.603534548463069, 48.774440126101737 ], [ 2.604163816267261, 48.774361266951523 ], [ 2.60441167875578, 48.774334206622228 ], [ 2.604633523804277, 48.774328645226944 ], [ 2.604735196350866, 48.774379347941142 ], [ 2.604870505845834, 48.774480528096312 ], [ 2.604963898839529, 48.774546492983177 ], [ 2.60506556532567, 48.77459809478168 ], [ 2.605216177410667, 48.774655254628996 ], [ 2.605426675540558, 48.77471081329287 ], [ 2.605569389046413, 48.774732870098411 ], [ 2.605819498533264, 48.774768772094241 ], [ 2.606147176896627, 48.774804029916538 ], [ 2.606357062076902, 48.774760651197333 ], [ 2.606695153761557, 48.774678120766843 ], [ 2.606981604478985, 48.77458642552623 ], [ 2.607085419201145, 48.77453370255396 ], [ 2.607166155561862, 48.774473708424189 ], [ 2.607218384256, 48.774404626536857 ], [ 2.607320918285233, 48.774160327422074 ], [ 2.607479923610832, 48.773825374525792 ], [ 2.607665172291546, 48.773438342411254 ], [ 2.607827397005688, 48.773217623048474 ], [ 2.607905699635115, 48.773118946230326 ], [ 2.608230842750455, 48.772765649850655 ], [ 2.608641636248612, 48.772421627105629 ], [ 2.608782553833436, 48.772319557168004 ], [ 2.608999991525367, 48.772174566368953 ], [ 2.609212025772141, 48.772024161087352 ], [ 2.609388466344326, 48.77190241981846 ], [ 2.609921885229974, 48.771534509566294 ], [ 2.61005044460113, 48.771446788112215 ], [ 2.610172166738821, 48.77136354120222 ], [ 2.610337610287314, 48.771256152988016 ], [ 2.610907954045155, 48.770861376602646 ], [ 2.611191205696414, 48.770647342191694 ], [ 2.611451250856549, 48.770443125002537 ], [ 2.611573189292, 48.77033019709117 ], [ 2.611684235602628, 48.770218133040125 ], [ 2.611774852212228, 48.770108700685142 ], [ 2.61194110426599, 48.769891585876891 ], [ 2.612077441808697, 48.769671675455562 ], [ 2.612131333914229, 48.769560324714995 ], [ 2.61217979678184, 48.769447157511166 ], [ 2.612237191357546, 48.769230588111995 ], [ 2.612274403876978, 48.768983373485575 ], [ 2.612295727820102, 48.768860224670028 ], [ 2.612319832932367, 48.768728990247723 ], [ 2.612351048034938, 48.768556406390815 ], [ 2.612379134382988, 48.768438675873192 ], [ 2.612406946786615, 48.768357819935034 ], [ 2.612447224535496, 48.76824732415691 ], [ 2.61247911173405, 48.768167380811668 ], [ 2.612516441066143, 48.768087455106347 ], [ 2.612539964442226, 48.768034466673605 ], [ 2.612556538126403, 48.768001242544798 ], [ 2.612581341871969, 48.767959051081974 ], [ 2.612643401118051, 48.767846827039207 ], [ 2.612704106221946, 48.767733699160964 ], [ 2.612755193829657, 48.767633131700151 ], [ 2.612795290146583, 48.767546919024333 ], [ 2.612823074745614, 48.767469660450956 ], [ 2.612868853117267, 48.767351087653672 ], [ 2.612879977553827, 48.767318745203561 ], [ 2.612806228753969, 48.767172802892922 ], [ 2.612778151263723, 48.767106156052108 ], [ 2.612750554257741, 48.766974753732299 ], [ 2.612782454084296, 48.766709533183111 ], [ 2.612858316976497, 48.766386893232067 ], [ 2.613009393445092, 48.766012331425614 ], [ 2.613111383935316, 48.765835479236557 ], [ 2.613258123458478, 48.765678558724225 ], [ 2.613416766821487, 48.765567546156959 ], [ 2.613445330497482, 48.765568538003826 ], [ 2.613785194698434, 48.765236857800801 ], [ 2.614331642516976, 48.76474934733168 ], [ 2.614498775679901, 48.764593390420472 ], [ 2.6145618020964, 48.764533333689364 ], [ 2.614631657245422, 48.764469701334541 ], [ 2.61481119203051, 48.764292198242465 ], [ 2.615019719645825, 48.764057226369793 ], [ 2.615104929819235, 48.763940578288526 ], [ 2.615512131798437, 48.763145016336885 ], [ 2.615620165792938, 48.762884536289327 ], [ 2.615648162253478, 48.762777597040937 ], [ 2.615675559648534, 48.76256722411096 ], [ 2.615681855455966, 48.762451220930693 ], [ 2.615646634150967, 48.762246042881706 ], [ 2.615566394065662, 48.762057808620938 ], [ 2.615433065987606, 48.761873900385154 ], [ 2.615191524103652, 48.761605998495256 ], [ 2.614902610170578, 48.761305564643955 ], [ 2.614862203485415, 48.761250570494731 ], [ 2.614846270425168, 48.761197454069197 ], [ 2.614837225546594, 48.761132667553717 ], [ 2.614834670686519, 48.761110174123701 ], [ 2.613998458352902, 48.761050811803543 ], [ 2.613651742567929, 48.761025406735683 ], [ 2.613257027611949, 48.761052010894296 ], [ 2.611326871749102, 48.761199543959798 ], [ 2.611497511420817, 48.760754892218898 ], [ 2.611539386520456, 48.760612022528299 ], [ 2.611601820679568, 48.760448533274577 ], [ 2.611593892729564, 48.760417028200074 ], [ 2.610591458189288, 48.760211397075693 ], [ 2.609642011101082, 48.76001582417075 ], [ 2.607381870372388, 48.759546119334217 ], [ 2.606720383340973, 48.759411729744052 ], [ 2.604988268184282, 48.759101113527578 ], [ 2.602743306041225, 48.758971347499774 ], [ 2.601023743837081, 48.759515154799772 ], [ 2.59924825419514, 48.760074039512659 ], [ 2.597467264285302, 48.760635577376256 ], [ 2.597753569555986, 48.759848659443627 ], [ 2.598119031520808, 48.758850645288788 ], [ 2.598481758933409, 48.757852620002801 ], [ 2.598847193006005, 48.756854601887817 ], [ 2.599369681011963, 48.755419094782674 ], [ 2.599429986404929, 48.755359935821282 ], [ 2.599751487102815, 48.755119971082998 ], [ 2.60045905375257, 48.754733793925119 ], [ 2.601626966445667, 48.754091017303359 ], [ 2.601709113127945, 48.754021137029241 ], [ 2.601754664843093, 48.75393404579436 ], [ 2.601785336677634, 48.753836111948978 ], [ 2.601859568543687, 48.753733826255832 ], [ 2.601967667495437, 48.753649641681129 ], [ 2.602191367565978, 48.753567640986759 ], [ 2.602177889130749, 48.753551406628986 ], [ 2.602026927115591, 48.753370121337483 ], [ 2.601810017511069, 48.753096875649852 ], [ 2.601812854446965, 48.753081595060578 ], [ 2.601835062912236, 48.753023207158144 ], [ 2.601833867355504, 48.75300161721885 ], [ 2.601833997669768, 48.752984528773631 ], [ 2.60182330155143, 48.752960208911126 ], [ 2.601768991080213, 48.752947435999687 ], [ 2.601713361637831, 48.752929262175471 ], [ 2.601651205898425, 48.752875089962025 ], [ 2.601603867923285, 48.752839854861882 ], [ 2.601288935318121, 48.752400788629409 ], [ 2.600827389571399, 48.751747170443821 ], [ 2.600718812932387, 48.751716227306638 ], [ 2.60063383328266, 48.751623303297883 ], [ 2.600432154207308, 48.751316827186216 ], [ 2.600228876376586, 48.75104182486433 ], [ 2.600084405163581, 48.750902830979918 ], [ 2.599870755437064, 48.750739320863964 ], [ 2.598828360358913, 48.750099935607345 ], [ 2.598683736492301, 48.749981625977739 ], [ 2.598565948446257, 48.749911075499085 ], [ 2.598526685834973, 48.749887558646094 ], [ 2.59807484398838, 48.750100999334563 ], [ 2.597888174396098, 48.749790971302744 ], [ 2.597853158660854, 48.749745882506652 ], [ 2.597569975168335, 48.749429232862902 ], [ 2.597416771662674, 48.749189471282278 ], [ 2.597168219691614, 48.748791989630405 ], [ 2.596122522219478, 48.74718209496838 ], [ 2.592363573058704, 48.747502106338906 ], [ 2.592064164970926, 48.747527166955905 ], [ 2.591650416370064, 48.747564427711588 ], [ 2.591512707343858, 48.747434440250402 ], [ 2.591288612753972, 48.747220510905017 ], [ 2.590623998538386, 48.746816193320619 ], [ 2.590383759609783, 48.746580620697991 ], [ 2.58998291994558, 48.746187097526139 ], [ 2.590172588435351, 48.745934112032941 ], [ 2.590549199970711, 48.745428130649024 ], [ 2.58776710275429, 48.744162964500099 ], [ 2.587595339325744, 48.744214537826792 ], [ 2.587081329331151, 48.743691096128828 ], [ 2.586487914158669, 48.743063943271082 ], [ 2.585184513444684, 48.741766949623219 ], [ 2.587387780870616, 48.740878757614723 ], [ 2.587974338610545, 48.740649631147257 ], [ 2.588135296339209, 48.740587226778189 ], [ 2.589768025981151, 48.73995605519498 ], [ 2.590193351621775, 48.739649012954956 ], [ 2.590314897247778, 48.739582872613148 ], [ 2.590751539081624, 48.739219203298077 ], [ 2.591169348925813, 48.738828485011759 ], [ 2.591455726827624, 48.738550643190536 ], [ 2.591654473655852, 48.738523440953337 ], [ 2.591425519040465, 48.737544980468904 ], [ 2.595801437009564, 48.73647876509137 ], [ 2.594499174787744, 48.735902312257629 ], [ 2.594645948951081, 48.735737315898994 ], [ 2.593901214486059, 48.735509927529733 ], [ 2.594748926929614, 48.73192857934383 ], [ 2.593338920477732, 48.731585597622171 ], [ 2.59320488214761, 48.732036655600027 ], [ 2.590130967717993, 48.731310192278691 ], [ 2.590248556336342, 48.731226049361432 ], [ 2.589350923239388, 48.729185748465575 ], [ 2.588718551935047, 48.729034265079115 ], [ 2.588273048639739, 48.728978763089188 ], [ 2.588219594210257, 48.729033444168451 ], [ 2.588129332810808, 48.729100590294003 ], [ 2.588006257738548, 48.729191008373171 ], [ 2.586851410558363, 48.728230917711464 ], [ 2.586939529124155, 48.728090910857972 ], [ 2.584488095131578, 48.726744041676355 ], [ 2.584808610407903, 48.726785631708836 ], [ 2.582971275304892, 48.724650258612932 ], [ 2.582634428662993, 48.724102222766874 ], [ 2.582325296182115, 48.724169498606074 ], [ 2.581366157638554, 48.722733331958111 ], [ 2.581465651327514, 48.722701301104465 ], [ 2.580941801165642, 48.72191335245568 ], [ 2.580939068031986, 48.721915141738577 ], [ 2.580778115931488, 48.721982933896371 ], [ 2.58061058323125, 48.722023719509338 ], [ 2.580406130941542, 48.72209135828529 ], [ 2.580333731002403, 48.722135176268772 ], [ 2.580258698935302, 48.722168191670605 ], [ 2.579934202435864, 48.722287574872212 ], [ 2.579774158715916, 48.722411134126688 ], [ 2.579700593800163, 48.72243066274244 ], [ 2.579644671646118, 48.722453851215576 ], [ 2.579618011417196, 48.722557192872884 ], [ 2.579580924848869, 48.722604732530925 ], [ 2.579538683027338, 48.722617175868706 ], [ 2.579492203808323, 48.722649391932094 ], [ 2.579424979164065, 48.72272560740771 ], [ 2.579408543589002, 48.722740839958071 ], [ 2.579363495969668, 48.722764066618787 ], [ 2.579081559245835, 48.722155950729267 ], [ 2.578448188864174, 48.720794660453812 ], [ 2.577428847251221, 48.721108558043383 ], [ 2.577415675877756, 48.7210563438299 ], [ 2.577085557703249, 48.719687123893436 ], [ 2.577349479070869, 48.719661075655772 ], [ 2.577260412331442, 48.718908826392905 ], [ 2.577339555811114, 48.718871330142655 ], [ 2.577286750858872, 48.718509567106942 ], [ 2.577239496840347, 48.718469824219902 ], [ 2.577190783519268, 48.718274472495253 ], [ 2.577140835055164, 48.718063825804393 ], [ 2.577093408929309, 48.717877472964865 ], [ 2.577030094530392, 48.717638896032376 ], [ 2.577014293325641, 48.717575878969441 ], [ 2.576871785570034, 48.717045601304761 ], [ 2.576760779829075, 48.716653949398925 ], [ 2.576542838867398, 48.716710740635598 ], [ 2.575991432843614, 48.71498004921515 ], [ 2.57588008767279, 48.714631567960808 ], [ 2.575891888092424, 48.714517380257043 ], [ 2.575865602870283, 48.714406654955972 ], [ 2.575401314441278, 48.712665473499797 ], [ 2.571799154132327, 48.713544852578629 ], [ 2.571092268695873, 48.711240626263908 ], [ 2.569228649986067, 48.711108889056611 ], [ 2.569229678991504, 48.710324572885192 ], [ 2.569235112924638, 48.710159993194978 ], [ 2.568742462931709, 48.710240063455693 ], [ 2.568737582740792, 48.710007987742593 ], [ 2.568699956634824, 48.7089680870859 ], [ 2.567789096983075, 48.709003467274023 ], [ 2.568151959860062, 48.708181783461086 ], [ 2.568670840321187, 48.70722664380591 ], [ 2.568860923200387, 48.706918818751028 ], [ 2.569081041724361, 48.706594012212179 ], [ 2.569383383408336, 48.706185852878896 ], [ 2.569915178587503, 48.705472705941489 ], [ 2.569929049083012, 48.705438576714727 ], [ 2.569921080585302, 48.705416061653011 ], [ 2.569911716163748, 48.705398038825201 ], [ 2.569838674917252, 48.705356400625057 ], [ 2.569798159017547, 48.705325673111908 ], [ 2.569776675439394, 48.705294114766325 ], [ 2.569772902251643, 48.705257223563684 ], [ 2.569788198335141, 48.705215004405524 ], [ 2.56985011209829, 48.705122583933182 ], [ 2.570278368082672, 48.704604242963995 ], [ 2.570458276580192, 48.704374630613302 ], [ 2.57048301758581, 48.704340540431872 ], [ 2.570649283668524, 48.704117174810342 ], [ 2.570805888426072, 48.70391176325267 ], [ 2.57081152338377, 48.703887498252527 ], [ 2.570804943169302, 48.703861390396831 ], [ 2.570768474957114, 48.703834275552552 ], [ 2.570715707602338, 48.703806202591473 ], [ 2.57051394394143, 48.703719128739237 ], [ 2.570195975910328, 48.703551584452967 ], [ 2.569943072838006, 48.703404061870785 ], [ 2.569925629563913, 48.703377015337828 ], [ 2.569929928207353, 48.703350047184443 ], [ 2.57003913345811, 48.703290177337898 ], [ 2.570673223231818, 48.703022624466662 ], [ 2.571071353872614, 48.702860355755995 ], [ 2.571355065549064, 48.702730954483371 ], [ 2.571649838274117, 48.702578206401235 ], [ 2.572162996322982, 48.702307512850581 ], [ 2.572552112582979, 48.70208314435515 ], [ 2.572881400221509, 48.701863057642889 ], [ 2.573254461224276, 48.701607148343761 ], [ 2.573648186969492, 48.701316232896389 ], [ 2.573964170313131, 48.701060117274004 ], [ 2.574264976615331, 48.700831829763018 ], [ 2.574330624045889, 48.700779895545267 ], [ 2.574418151309176, 48.700710949672072 ], [ 2.57456558994366, 48.700626926647885 ], [ 2.574902595720271, 48.700458130718467 ], [ 2.575110017116895, 48.700350035408327 ], [ 2.575317496119735, 48.70023474427915 ], [ 2.575638147718155, 48.700071284752127 ], [ 2.575703632199532, 48.700039137232359 ], [ 2.575740472660438, 48.700020379662853 ], [ 2.575808681878364, 48.699987342317975 ], [ 2.576734470457676, 48.699598467449071 ], [ 2.577803663555952, 48.699117448812238 ], [ 2.577888226239605, 48.699078171936691 ], [ 2.578570150883063, 48.698764873360908 ], [ 2.578686065152231, 48.698713114259213 ], [ 2.579209707396322, 48.698481103501749 ], [ 2.579557474666521, 48.698322226218856 ], [ 2.580400171776941, 48.697951918277361 ], [ 2.580884157817309, 48.697749442703724 ], [ 2.581193604327229, 48.697623705908654 ], [ 2.5813558035818, 48.697560413716225 ], [ 2.581415860932614, 48.697526445050336 ], [ 2.581541683886727, 48.697424348215449 ], [ 2.581094316855707, 48.697296853704287 ], [ 2.580684837124966, 48.697189278786233 ], [ 2.580128698227796, 48.697071292245013 ], [ 2.579320832558861, 48.696998287995129 ], [ 2.578849586774366, 48.696968741843392 ], [ 2.578104921675177, 48.696809604357085 ], [ 2.577585455636754, 48.696694433970549 ], [ 2.576652581118602, 48.696455468219263 ], [ 2.576449171157575, 48.696406175269772 ], [ 2.576198229394388, 48.696354014718686 ], [ 2.575787262454195, 48.696264406757656 ], [ 2.575693724913948, 48.696237989715755 ], [ 2.575592006155266, 48.696215141330796 ], [ 2.575305674653643, 48.69617094810328 ], [ 2.575102172025022, 48.696133345489429 ], [ 2.574703268497742, 48.696064464322987 ], [ 2.57425165596133, 48.69596121419432 ], [ 2.573957438838059, 48.695884608987967 ], [ 2.573861185553534, 48.695858180794566 ], [ 2.573533171550996, 48.695760766188265 ], [ 2.573041222631622, 48.695606097945046 ], [ 2.572858331671684, 48.695540681964602 ], [ 2.572724161931877, 48.69549882621984 ], [ 2.572153393459153, 48.695346570272278 ], [ 2.571332982119211, 48.695151139960856 ], [ 2.570782232004547, 48.695043922388074 ], [ 2.570820872442916, 48.694971205060476 ], [ 2.571084463371881, 48.694473851520534 ], [ 2.571212801353928, 48.694232357725994 ], [ 2.571628191499467, 48.693447720357817 ], [ 2.571593093787242, 48.693254209846451 ], [ 2.57160673910084, 48.692749660208783 ], [ 2.571759582777487, 48.692003654550057 ], [ 2.569745535605082, 48.691579054807022 ], [ 2.569739387138339, 48.691830882529025 ], [ 2.566090860769944, 48.691746607062043 ], [ 2.565906867954611, 48.690998482598168 ], [ 2.56490531175733, 48.691031711107136 ], [ 2.564328041296308, 48.691016111813731 ], [ 2.562861757699284, 48.690897414010166 ], [ 2.561086239341185, 48.690717296356695 ], [ 2.561241084452721, 48.689588137243121 ], [ 2.560465120727996, 48.689453957961156 ], [ 2.557103390229507, 48.688892846528951 ], [ 2.556874209190011, 48.68884432346475 ], [ 2.55639953890095, 48.688748114813215 ], [ 2.55586245644424, 48.688642677175686 ], [ 2.555155703625577, 48.688520413940225 ], [ 2.554925129259889, 48.688476379242019 ], [ 2.554892694194232, 48.688456469910179 ], [ 2.554884681155427, 48.688440249591075 ], [ 2.554880789507353, 48.688418647849296 ], [ 2.554882423672165, 48.688386273122354 ], [ 2.554896613412762, 48.688315268154838 ], [ 2.554913566008369, 48.688238876687613 ], [ 2.554917840521685, 48.688215506484624 ], [ 2.554999832168694, 48.687839834964507 ], [ 2.55504363632947, 48.687641216002554 ], [ 2.554295179135149, 48.687632124874717 ], [ 2.553683865071773, 48.68763073811855 ], [ 2.553699698206827, 48.687685664921915 ], [ 2.553731456708466, 48.687784725244214 ], [ 2.553773791328622, 48.687918004900006 ], [ 2.553814844457552, 48.688042285053164 ], [ 2.553834661156098, 48.688108020334333 ], [ 2.553867793994335, 48.688205286789263 ], [ 2.553885032022021, 48.688254821989958 ], [ 2.553920835954929, 48.688357495214007 ], [ 2.552394495811668, 48.688441723119269 ], [ 2.551386959527588, 48.688543175115633 ], [ 2.550308216525132, 48.68855170497568 ], [ 2.549768028625709, 48.688493000430931 ], [ 2.549516688650321, 48.688652156545778 ], [ 2.549165603490365, 48.68887749568848 ], [ 2.54905770087177, 48.688944547799018 ], [ 2.548952522724468, 48.68901071064581 ], [ 2.54985675957641, 48.68939010427907 ], [ 2.550603128136694, 48.68980307585943 ], [ 2.550802828136614, 48.689962134287704 ], [ 2.55095644772837, 48.690108426338448 ], [ 2.551046240605859, 48.690251779523145 ], [ 2.551084765112905, 48.690353564215563 ], [ 2.551077285059559, 48.690433588545162 ], [ 2.551034753474172, 48.690481999614107 ], [ 2.550886888380553, 48.690614563867314 ], [ 2.550830662908877, 48.69067551581324 ], [ 2.550748323618221, 48.690771448536232 ], [ 2.550685065463174, 48.690860257355602 ], [ 2.550611848838297, 48.691001197624274 ], [ 2.550432378764531, 48.691175017593039 ], [ 2.550238203279943, 48.691320898387779 ], [ 2.549905550089405, 48.691612869192149 ], [ 2.549821272791233, 48.691617947908568 ], [ 2.549741063415687, 48.691623941387917 ], [ 2.549636454144161, 48.691623546423685 ], [ 2.549424363435814, 48.691640734675076 ], [ 2.549375315633363, 48.691656739745689 ], [ 2.549228677484019, 48.691803697917798 ], [ 2.549122718046986, 48.691959804331105 ], [ 2.548717304517926, 48.692337845246094 ], [ 2.548557294251891, 48.69245956691374 ], [ 2.548521769111888, 48.692482818526678 ], [ 2.548449375690139, 48.692527517705471 ], [ 2.5483117233639, 48.692577366503563 ], [ 2.548163303136, 48.692615481309829 ], [ 2.547511574324838, 48.692724544178134 ], [ 2.547300564426206, 48.692773214016491 ], [ 2.546744902120122, 48.692927610505436 ], [ 2.54644778404387, 48.693035316225945 ], [ 2.546244634630145, 48.693117294264248 ], [ 2.546020114060909, 48.693156915787775 ], [ 2.545784872819771, 48.693179406240041 ], [ 2.545484668703539, 48.693172865830185 ], [ 2.545366681550439, 48.693148130614411 ], [ 2.545353851801959, 48.693217340466262 ], [ 2.545278716295543, 48.693576839721032 ], [ 2.5455339321031, 48.693601198508574 ], [ 2.545774125244704, 48.69363449417893 ], [ 2.546088878492656, 48.693686961878619 ], [ 2.546376467844981, 48.693738425971809 ], [ 2.546777916535974, 48.693820903839679 ], [ 2.546689341126032, 48.693851149001695 ], [ 2.54663177205991, 48.69390939533487 ], [ 2.546594160931043, 48.694016288545335 ], [ 2.546575632834596, 48.694116058572426 ], [ 2.546551545317335, 48.694230198869093 ], [ 2.546513083287918, 48.694435130298913 ], [ 2.546504158985312, 48.694524143234894 ], [ 2.546598889113213, 48.694567677605917 ], [ 2.546570076844721, 48.694599948754231 ], [ 2.546562979372255, 48.694635000837138 ], [ 2.546561199423203, 48.694683565081064 ], [ 2.54659339451818, 48.694887865584526 ], [ 2.546670114780412, 48.695284820304288 ], [ 2.546681757688535, 48.695352324252866 ], [ 2.546441735571589, 48.695298343499928 ], [ 2.546274862762695, 48.695269825495608 ], [ 2.545608599086949, 48.695171046674417 ], [ 2.545455290205603, 48.695145277577474 ], [ 2.545289910083273, 48.69510147300663 ], [ 2.545008226460987, 48.694995161663847 ], [ 2.54473343121823, 48.69487808237713 ], [ 2.54449534407991, 48.694758444242296 ], [ 2.544349292734201, 48.694679633090942 ], [ 2.544165443083001, 48.694572793941575 ], [ 2.543897901258943, 48.694559178689239 ], [ 2.543821644867748, 48.694578675259649 ], [ 2.543770865003575, 48.694636946156912 ], [ 2.543711124518888, 48.694787827469796 ], [ 2.543660980593669, 48.694928851356025 ], [ 2.543610773575077, 48.695077070668219 ], [ 2.543530353837988, 48.695262052301629 ], [ 2.543472292671247, 48.695376061872004 ], [ 2.543371515600159, 48.695558267048781 ], [ 2.543353570108748, 48.695590579003195 ], [ 2.543243273666838, 48.695773647059639 ], [ 2.543138474036996, 48.695949540343456 ], [ 2.543119169592624, 48.69598184704784 ], [ 2.542990964898793, 48.696192729549423 ], [ 2.542922063517329, 48.696303099387876 ], [ 2.542802504990217, 48.696457348660303 ], [ 2.542725655299359, 48.696544301886391 ], [ 2.542698269059189, 48.696568482367809 ], [ 2.542655834895452, 48.69660429815184 ], [ 2.542613392803316, 48.696641013351467 ], [ 2.542536841647886, 48.696693788038807 ], [ 2.54240561186093, 48.696784130321376 ], [ 2.543031540997821, 48.697301921400395 ], [ 2.543146221552749, 48.69739500520302 ], [ 2.543304114167564, 48.697518836021025 ], [ 2.543425471422387, 48.697625437013684 ], [ 2.543678782376835, 48.697870160263221 ], [ 2.54380263886481, 48.698001955297393 ], [ 2.544000496426444, 48.698217682940282 ], [ 2.544270645299834, 48.698557811953798 ], [ 2.544165567250886, 48.698609579153718 ], [ 2.544034570852323, 48.698672940173346 ], [ 2.543775019827728, 48.698831152219093 ], [ 2.543539932637006, 48.698988557840778 ], [ 2.543467470953253, 48.69903954975829 ], [ 2.543281540826599, 48.699169259716292 ], [ 2.54305604059015, 48.699317706457954 ], [ 2.54241503351941, 48.699743392090497 ], [ 2.542205896680649, 48.699884704264278 ], [ 2.541837229611845, 48.700088365595441 ], [ 2.541782626041873, 48.700116938559688 ], [ 2.541368926295148, 48.70034201244615 ], [ 2.541317095032993, 48.700364299637855 ], [ 2.541179785588494, 48.7002171597345 ], [ 2.541031669855776, 48.700062782399378 ], [ 2.540848716679598, 48.699852504277352 ], [ 2.540641528454453, 48.699616947635306 ], [ 2.540522984665541, 48.699499561305728 ], [ 2.540417870867271, 48.69940021578666 ], [ 2.54027894667059, 48.699282750666576 ], [ 2.540115581298916, 48.69916339222474 ], [ 2.539945359571839, 48.699051202783096 ], [ 2.539691181158322, 48.698906308563409 ], [ 2.539511291469041, 48.698812070372234 ], [ 2.53930175578531, 48.698689834128956 ], [ 2.539115327616092, 48.698566787323983 ], [ 2.539001772427532, 48.698500687892192 ], [ 2.538898984281861, 48.698446322958674 ], [ 2.53871364678567, 48.698353861378841 ], [ 2.538495779757626, 48.698252279041164 ], [ 2.538330800790975, 48.698162593993452 ], [ 2.53815244173392, 48.698049470914739 ], [ 2.537913211174769, 48.697905530081258 ], [ 2.537665718233634, 48.697774149180184 ], [ 2.53740051545264, 48.69764809583441 ], [ 2.537125747198947, 48.697528300993284 ], [ 2.537022883250924, 48.697482928705405 ], [ 2.536852346885224, 48.697407611351885 ], [ 2.536572114423267, 48.697291391831882 ], [ 2.536511283603523, 48.697256076468129 ], [ 2.536465390657178, 48.697221718584132 ], [ 2.536439830490551, 48.697192836473057 ], [ 2.536394224830953, 48.697126099046301 ], [ 2.536317810302151, 48.697162679964215 ], [ 2.536269976359689, 48.697193975177015 ], [ 2.53624524834553, 48.69722446074389 ], [ 2.536224380955985, 48.697279246785357 ], [ 2.536210195340419, 48.697346651266059 ], [ 2.536150736923922, 48.697769167033464 ], [ 2.536053035043639, 48.698366928795934 ], [ 2.535993860251911, 48.698604156312115 ], [ 2.535976605162609, 48.69871112502593 ], [ 2.53597435211993, 48.698811855862552 ], [ 2.53600061825613, 48.699067404842523 ], [ 2.536036522205151, 48.699155691620788 ], [ 2.536092480358697, 48.699280934247732 ], [ 2.536108027128374, 48.699366443435473 ], [ 2.536130992169178, 48.699534731796412 ], [ 2.536133480012086, 48.699713734021373 ], [ 2.536124680814877, 48.699786556060666 ], [ 2.536110462459718, 48.699857558101108 ], [ 2.535794959981107, 48.700804361100673 ], [ 2.535694721468596, 48.701074708172726 ], [ 2.534552601120169, 48.700846292002574 ], [ 2.534551020886077, 48.700718562620075 ], [ 2.534336755691082, 48.700670055055539 ], [ 2.534193011929391, 48.700637113308254 ], [ 2.533479722972165, 48.700473322644257 ], [ 2.533344197271264, 48.700433216326694 ], [ 2.533226287831612, 48.700398575543922 ], [ 2.531589119541032, 48.699918142739619 ], [ 2.53170039721556, 48.699782761157387 ], [ 2.531669242162793, 48.699771845321983 ], [ 2.5314782761204, 48.699701836982932 ], [ 2.531439000795313, 48.699687291350969 ], [ 2.531363151620051, 48.699660009581287 ], [ 2.531287310589565, 48.699631828334041 ], [ 2.53094955061238, 48.700020866451489 ], [ 2.530851834085206, 48.700158999030698 ], [ 2.530349592085415, 48.701007911598452 ], [ 2.530097097759063, 48.701282151798544 ], [ 2.529787020643032, 48.701612830366109 ], [ 2.529642580048124, 48.701808342976449 ], [ 2.529543327881456, 48.701965356878489 ], [ 2.529224447949804, 48.702518165327213 ], [ 2.529063248149628, 48.702914190118584 ], [ 2.528962349570276, 48.703102677931042 ], [ 2.528641339078932, 48.703588916070039 ], [ 2.528516237557267, 48.703748525139822 ], [ 2.52837635804429, 48.703889187034882 ], [ 2.528202578795298, 48.704021619575649 ], [ 2.528004533673509, 48.704132368876444 ], [ 2.527816138069739, 48.704227865264244 ], [ 2.527414860335977, 48.704421458505671 ], [ 2.527236105053794, 48.704502600840065 ], [ 2.527081907019785, 48.704573046771628 ], [ 2.526839013761559, 48.704683616310966 ], [ 2.526832820862655, 48.704767241228758 ], [ 2.526813826732903, 48.705063986580306 ], [ 2.526880071300303, 48.70510202648375 ], [ 2.527569355810442, 48.705069679247771 ], [ 2.527615574984848, 48.705068063354453 ], [ 2.527725817315452, 48.70504961123634 ], [ 2.52784013629308, 48.705031175150758 ], [ 2.528000926114704, 48.70498324075799 ], [ 2.528130398582952, 48.705092587162916 ], [ 2.52825708069998, 48.705210017488106 ], [ 2.528308321625073, 48.705254293453848 ], [ 2.528385966408646, 48.705233912926694 ], [ 2.528527325882357, 48.705230873833798 ], [ 2.529137178268237, 48.705266562273692 ], [ 2.529170883736605, 48.705296377353783 ], [ 2.529253250975908, 48.705355167043187 ], [ 2.529408676041618, 48.705450223118277 ], [ 2.529438288826299, 48.705481820885218 ], [ 2.52946520809838, 48.705510709652366 ], [ 2.529508029603946, 48.705584633925277 ], [ 2.529537091953267, 48.705677392492845 ], [ 2.529560524384749, 48.705791715784116 ], [ 2.529610162991021, 48.706165185596042 ], [ 2.529175640824899, 48.706276802950882 ] ] ] ] } },
{ "type": "Feature", "properties": { "id_projet": "ecs-2025-07", "lib_ept": "Grand-Orly Seine Bièvre", "territoire": "T12", "dispositif": "BTP match", "thematique": "BTP Construction et aménagement circulaire", "nom_projet": "Convention d'engagements réciproques BTP Match", "nom_projet_carto": "Outil BTP Match", "description": "Convention d'engagements réciproques pour la mise à disposition et l'utilisation de l'outil BTP Match", "annee": "2025", "deliberation": "BM2025/10/02", "nom_beneficaire": "EPT Grand Orly Seine Bièvre", "cat_beneficiaire": "EPT", "type_aide": "Accompagnement", "representation_carto": "Zone (surface)", "intermediaire": "Non", "financement_fim": "Non", "trophee_ECS": null, "competence": "Développement et d’aménagement économique, social et culturel" }, "geometry": { "type": "MultiPolygon", "coordinates": [ [ [ [ 2.327705679089993, 48.687216749202086 ], [ 2.328326773881452, 48.687514381003275 ], [ 2.328245037058683, 48.687531910347566 ], [ 2.328004785982533, 48.687621404927874 ], [ 2.327888429013573, 48.687690009660052 ], [ 2.32781142007955, 48.687762434010672 ], [ 2.327713675840555, 48.687862625489821 ], [ 2.327506330486214, 48.688034157776841 ], [ 2.32731379937401, 48.688215667592537 ], [ 2.327242546739833, 48.688262938417353 ], [ 2.327069831026729, 48.688382495076439 ], [ 2.326960506559375, 48.688432249356104 ], [ 2.326776026840013, 48.68851575976089 ], [ 2.326637791961056, 48.68859503356564 ], [ 2.326204937930275, 48.688870529853162 ], [ 2.325844192789893, 48.689032197528057 ], [ 2.325678692937314, 48.689118511958725 ], [ 2.325209975095489, 48.68943517809948 ], [ 2.325205586371176, 48.689564679123649 ], [ 2.324758562637268, 48.68988416460855 ], [ 2.324441173211237, 48.690054168791413 ], [ 2.324097830715627, 48.6902348188516 ], [ 2.323607069309236, 48.690468601001584 ], [ 2.323445357374099, 48.690576521384692 ], [ 2.322800942739235, 48.69071498259499 ], [ 2.32236634210017, 48.690807859435303 ], [ 2.321984873657413, 48.690889343462267 ], [ 2.321719823223432, 48.690898630182296 ], [ 2.321586315238876, 48.690926654325359 ], [ 2.32110090820888, 48.691060613828043 ], [ 2.320979228950184, 48.691119287090643 ], [ 2.320578058762194, 48.691252824537514 ], [ 2.320321861045354, 48.69131252970746 ], [ 2.320200589687615, 48.69133972254955 ], [ 2.320074024474323, 48.691356091278401 ], [ 2.319935314341762, 48.691366094233111 ], [ 2.319823669377752, 48.691384346740676 ], [ 2.319570245747236, 48.691439568697696 ], [ 2.319355961324844, 48.691514802138975 ], [ 2.319099842933624, 48.691568208749743 ], [ 2.318678767081803, 48.691664747312934 ], [ 2.31819896758934, 48.691784335291381 ], [ 2.318029863589578, 48.691832840095856 ], [ 2.317814381118741, 48.691895471137776 ], [ 2.317253648173146, 48.692073958304178 ], [ 2.317192231698536, 48.692095194324871 ], [ 2.316754657415511, 48.692206023384024 ], [ 2.316588220777151, 48.69225813935838 ], [ 2.316520646081293, 48.692230767617268 ], [ 2.316245860618357, 48.692152736476928 ], [ 2.316230810722081, 48.69216074555171 ], [ 2.316170599325292, 48.69219368124778 ], [ 2.316236285841324, 48.69226151913994 ], [ 2.316269567278866, 48.692313880001421 ], [ 2.316308400625156, 48.692357277838717 ], [ 2.316388072969144, 48.692394613359113 ], [ 2.316670658536458, 48.692499673346987 ], [ 2.316997619371913, 48.692640066633579 ], [ 2.317082386131979, 48.692703515870058 ], [ 2.317189579023013, 48.692818363984941 ], [ 2.317245875155943, 48.692877152680346 ], [ 2.317307989320687, 48.69301063175606 ], [ 2.317353311518213, 48.693077452923163 ], [ 2.317405849498703, 48.693111933973547 ], [ 2.317479024493647, 48.693126744467897 ], [ 2.317579535366985, 48.693129118562659 ], [ 2.31764870515877, 48.693138509137434 ], [ 2.318234923972151, 48.693402711529451 ], [ 2.318656667245571, 48.69356882736578 ], [ 2.31880230430794, 48.693653311117679 ], [ 2.319057834701952, 48.693854455366953 ], [ 2.319251000563414, 48.693941008846132 ], [ 2.319567342714832, 48.694063344575397 ], [ 2.31963355107073, 48.694091606213313 ], [ 2.319728137904711, 48.694131722941023 ], [ 2.319826695355538, 48.69417995757339 ], [ 2.319924901945341, 48.694255174580945 ], [ 2.319942411657393, 48.694266967683085 ], [ 2.320004649965286, 48.694287111133804 ], [ 2.320109215596766, 48.694291305161798 ], [ 2.32035641118995, 48.694298110883409 ], [ 2.320441862884191, 48.694309391557866 ], [ 2.320567722019289, 48.694347886812494 ], [ 2.320694671116252, 48.694407076221452 ], [ 2.320802389638302, 48.69448234665596 ], [ 2.320933757245749, 48.69461981586484 ], [ 2.321128131398023, 48.694927645530136 ], [ 2.321181097950148, 48.695034085782481 ], [ 2.321211563742857, 48.695094524410038 ], [ 2.321291804523603, 48.695402603567651 ], [ 2.3213260079097, 48.695489148359755 ], [ 2.321412602753615, 48.695621864734917 ], [ 2.321444719686073, 48.695659825643787 ], [ 2.321617264370334, 48.69587038611261 ], [ 2.321756649452666, 48.696018693585444 ], [ 2.32216482062774, 48.696500436833702 ], [ 2.322309970108297, 48.696623590881437 ], [ 2.322406313187827, 48.696738372170124 ], [ 2.322510563902189, 48.696872087356716 ], [ 2.322621177260311, 48.697039119313011 ], [ 2.323001631460549, 48.697563876786241 ], [ 2.323127519592426, 48.697705809437757 ], [ 2.323220951097639, 48.697835864561391 ], [ 2.323355559635141, 48.698039010967612 ], [ 2.323483166148043, 48.698258308083517 ], [ 2.3230198196754, 48.698362717243711 ], [ 2.322767770912666, 48.698414355729128 ], [ 2.322709183195478, 48.698426615780789 ], [ 2.322255723761123, 48.69860663430525 ], [ 2.32207247767563, 48.698696440317804 ], [ 2.321488498984301, 48.69898634988499 ], [ 2.321224688198289, 48.699106278545379 ], [ 2.320819828275342, 48.699309954538577 ], [ 2.320559961923453, 48.699439798430213 ], [ 2.320381183843185, 48.699499045013781 ], [ 2.320287103394038, 48.699523694343704 ], [ 2.320526035884182, 48.699749925045914 ], [ 2.320994056925094, 48.700228413658103 ], [ 2.322175924175803, 48.701407153434666 ], [ 2.32240634755382, 48.701662114797628 ], [ 2.322474806633753, 48.701727265914883 ], [ 2.322540594920068, 48.701788803916813 ], [ 2.322923203484379, 48.702149867002653 ], [ 2.323001070660857, 48.70222316646209 ], [ 2.323065501379755, 48.702284696437097 ], [ 2.322946550775312, 48.702340688340257 ], [ 2.323024476518444, 48.702409490725763 ], [ 2.323028506362469, 48.702413111496604 ], [ 2.323087618571599, 48.702465616512114 ], [ 2.323092995591615, 48.702470144400316 ], [ 2.323470503643311, 48.702805991226583 ], [ 2.323537688209845, 48.70286483810105 ], [ 2.323620969346996, 48.702939966750371 ], [ 2.323421474305785, 48.703024285596811 ], [ 2.323593390849243, 48.70318086965483 ], [ 2.323859659173873, 48.703397353570807 ], [ 2.324083770584022, 48.703616296413578 ], [ 2.324383642391084, 48.703861752619481 ], [ 2.324629267264729, 48.704098805643525 ], [ 2.324755686861065, 48.704201161830206 ], [ 2.325130779099903, 48.704515401734895 ], [ 2.325262357489333, 48.704639373885257 ], [ 2.32541776937145, 48.704812052208645 ], [ 2.32558684073706, 48.704979410678902 ], [ 2.325797296073077, 48.705204569039161 ], [ 2.326018867950396, 48.705410900847887 ], [ 2.326143366296361, 48.70555731872728 ], [ 2.326417057207031, 48.70583230400824 ], [ 2.326409578733783, 48.70588533066033 ], [ 2.326364375467618, 48.705912959073302 ], [ 2.326480476369372, 48.70597297976326 ], [ 2.32662998242295, 48.706077263031979 ], [ 2.326767876242471, 48.706239046791545 ], [ 2.326864721811567, 48.70631694786465 ], [ 2.326903562776504, 48.706361241141643 ], [ 2.326690415988689, 48.706555223808778 ], [ 2.326745911674994, 48.706572626964522 ], [ 2.326551811616269, 48.70676491789736 ], [ 2.326463634672065, 48.706857965179708 ], [ 2.326411044711827, 48.706931424945125 ], [ 2.32621354662881, 48.707492479367978 ], [ 2.325930908619875, 48.708226650076107 ], [ 2.325826062201954, 48.708452724258329 ], [ 2.325666961308588, 48.708775634470747 ], [ 2.325609745829117, 48.708891342737957 ], [ 2.325561776023393, 48.709027791046303 ], [ 2.325482119648338, 48.709197340574107 ], [ 2.325343481082524, 48.709619307528321 ], [ 2.325161073173311, 48.710167851801785 ], [ 2.325107630096538, 48.710306967242062 ], [ 2.325059773847126, 48.710434421149728 ], [ 2.325028260537116, 48.710559269075127 ], [ 2.324925275406708, 48.710851013817482 ], [ 2.324870286044586, 48.711004511827817 ], [ 2.326498414148605, 48.711013713446611 ], [ 2.328594761813724, 48.71086452371955 ], [ 2.32921929788187, 48.710810470545674 ], [ 2.330500763952209, 48.710719626081087 ], [ 2.33062717694024, 48.710718536420906 ], [ 2.330907148984875, 48.710719207339608 ], [ 2.332350495277197, 48.710616658176662 ], [ 2.332400848302069, 48.710611543123271 ], [ 2.332592689667282, 48.71059552650236 ], [ 2.333271689301627, 48.710426624853284 ], [ 2.334993700104985, 48.709999093639453 ], [ 2.335853923990276, 48.709792510111072 ], [ 2.336196177580464, 48.709704467937321 ], [ 2.336524805721421, 48.709619047417817 ], [ 2.336826423962857, 48.709519983833353 ], [ 2.337136229279709, 48.709418266564676 ], [ 2.337159926908101, 48.709478662624988 ], [ 2.339290546701573, 48.712093539373235 ], [ 2.33984644737108, 48.712738835207183 ], [ 2.34008782287305, 48.712998317115833 ], [ 2.340720860454403, 48.71367191827904 ], [ 2.34088731395714, 48.713837439973069 ], [ 2.341290965093417, 48.714271412108261 ], [ 2.341332848563527, 48.714291431538712 ], [ 2.341473358890895, 48.714358767466805 ], [ 2.341640926789298, 48.714544082353122 ], [ 2.342686589471872, 48.715591426367396 ], [ 2.342904929780211, 48.715739241454642 ], [ 2.343515642718276, 48.716356036736819 ], [ 2.343535894820807, 48.716366941707491 ], [ 2.343687083673178, 48.716450523938022 ], [ 2.343873239106022, 48.716563980506038 ], [ 2.344250655190638, 48.716925840127537 ], [ 2.345350606443513, 48.717987847811422 ], [ 2.346450624912323, 48.719048045592295 ], [ 2.347553395348812, 48.720109146531158 ], [ 2.347793697213486, 48.720351515221203 ], [ 2.348250165652443, 48.720810034843304 ], [ 2.349527320692247, 48.722501688178994 ], [ 2.349651930265355, 48.722756913738394 ], [ 2.349837537918586, 48.723135697041194 ], [ 2.350013845302096, 48.723497339588874 ], [ 2.350025743910117, 48.723524388091839 ], [ 2.350150391920593, 48.723776914720268 ], [ 2.350583917111152, 48.724663439853792 ], [ 2.350526699430214, 48.724673022504604 ], [ 2.35016300191932, 48.724730406804788 ], [ 2.349187689168452, 48.724884295915672 ], [ 2.349088251050975, 48.724899943825854 ], [ 2.347694729282471, 48.725120797205449 ], [ 2.347536162557941, 48.725625424390742 ], [ 2.347485190019475, 48.725787947106802 ], [ 2.347391805083439, 48.726080658842335 ], [ 2.347071949213145, 48.727088996879282 ], [ 2.346848076900629, 48.727052693232849 ], [ 2.346805413745719, 48.727311502534519 ], [ 2.346661106307477, 48.728196674552684 ], [ 2.346627273226138, 48.72840156469131 ], [ 2.346391838771516, 48.72983220426525 ], [ 2.346268228269194, 48.730583469028758 ], [ 2.346071073475984, 48.731778658997236 ], [ 2.346062184097578, 48.731837074585464 ], [ 2.346022648961886, 48.732062620057114 ], [ 2.3459948686093, 48.732218072759309 ], [ 2.345889917671447, 48.732347018513146 ], [ 2.34586642157746, 48.732377471059657 ], [ 2.345769762786504, 48.732495668734366 ], [ 2.345765627659878, 48.732500143320358 ], [ 2.345662057727021, 48.732627297517929 ], [ 2.34565324661609, 48.732679417315666 ], [ 2.343920744955841, 48.734755730321886 ], [ 2.346486917304255, 48.734730231187555 ], [ 2.350008038895632, 48.734016406009424 ], [ 2.351830641192611, 48.736272236997692 ], [ 2.352831047024768, 48.737511704713135 ], [ 2.352967656112281, 48.737680641528456 ], [ 2.353038641471325, 48.737768272453735 ], [ 2.353246237957451, 48.738024839776521 ], [ 2.353398239941509, 48.738049048754839 ], [ 2.353551479359015, 48.738083158134643 ], [ 2.353620514787276, 48.738108716412199 ], [ 2.353784062867806, 48.738079020712149 ], [ 2.353901023355638, 48.738077854895401 ], [ 2.354042136693379, 48.738102903563004 ], [ 2.354114929079837, 48.738154565784932 ], [ 2.354138915188049, 48.738194271133388 ], [ 2.354143308716752, 48.738278842720007 ], [ 2.354092152544232, 48.738346923750669 ], [ 2.353943060452996, 48.738417173117774 ], [ 2.353944912175679, 48.738487339826371 ], [ 2.353916459786301, 48.738588823089117 ], [ 2.353893223808798, 48.738708323459775 ], [ 2.353000240062287, 48.739111834874976 ], [ 2.352944155055104, 48.739138514228884 ], [ 2.352488729789391, 48.739347414294606 ], [ 2.352462726705962, 48.739360764915546 ], [ 2.352380671490474, 48.739398096462871 ], [ 2.352376569841893, 48.739399873100389 ], [ 2.352338272903832, 48.739417654221519 ], [ 2.352250744915267, 48.739457654320169 ], [ 2.352042852851779, 48.739553666098104 ], [ 2.351923859599809, 48.739608785717287 ], [ 2.351822666124695, 48.739654107977366 ], [ 2.351446546625749, 48.739827456828031 ], [ 2.351345329971581, 48.739874577441277 ], [ 2.351338497492953, 48.739877238648823 ], [ 2.351137445758207, 48.739969688224953 ], [ 2.350940495061254, 48.740060360868114 ], [ 2.350836546721145, 48.740108365637496 ], [ 2.35072438347994, 48.740160822856566 ], [ 2.350405704108097, 48.740307497463462 ], [ 2.350036407824788, 48.740478180620933 ], [ 2.349970778780838, 48.740506605488392 ], [ 2.349788837952259, 48.740592860720319 ], [ 2.349731423497238, 48.740616832977395 ], [ 2.34917472952624, 48.740874638016955 ], [ 2.348942214833961, 48.740981303425407 ], [ 2.348816382297684, 48.741039080946585 ], [ 2.348060010173539, 48.741386635183801 ], [ 2.347826108627052, 48.741495089708792 ], [ 2.347784627676515, 48.741440896525319 ], [ 2.347574493326351, 48.741170814873129 ], [ 2.346323738844823, 48.741467085455142 ], [ 2.345913189718617, 48.741563775598465 ], [ 2.345520362064087, 48.741656963709239 ], [ 2.345371156120634, 48.741517631429623 ], [ 2.345227311365902, 48.741384624448862 ], [ 2.344771631950876, 48.740959385970719 ], [ 2.344508527545155, 48.740685410205103 ], [ 2.343476637941601, 48.740446784024833 ], [ 2.342578223236283, 48.740300627250626 ], [ 2.342462605998564, 48.740302688843386 ], [ 2.342312993671095, 48.74030456304844 ], [ 2.342046087000014, 48.740333673456789 ], [ 2.341990221721055, 48.740342359998088 ], [ 2.341950560751426, 48.740360130277431 ], [ 2.341797469179943, 48.740422247430629 ], [ 2.340978666676366, 48.740756820764055 ], [ 2.340918505665981, 48.740782572529433 ], [ 2.339950698101499, 48.741177478261804 ], [ 2.339885074058147, 48.741204998186518 ], [ 2.339759310556474, 48.741256470483158 ], [ 2.338917228081258, 48.741601694158518 ], [ 2.338847814606581, 48.741498773186528 ], [ 2.338545042983155, 48.74156725268417 ], [ 2.337904027515096, 48.741713007096386 ], [ 2.337343859059563, 48.742024704453506 ], [ 2.337057595907795, 48.742185015035396 ], [ 2.337586010112177, 48.742876022038011 ], [ 2.337644886168755, 48.742951901882797 ], [ 2.337729166574059, 48.743062101438483 ], [ 2.337792054249356, 48.74314340010465 ], [ 2.33766754123301, 48.743202972067884 ], [ 2.337478714240204, 48.743293667512866 ], [ 2.337317301090779, 48.743367425414363 ], [ 2.337025796475127, 48.743511516719451 ], [ 2.336524638834727, 48.743779464886252 ], [ 2.336424555241783, 48.743842769060912 ], [ 2.336357017477026, 48.743913449598374 ], [ 2.336320894349772, 48.743973511422269 ], [ 2.33631307756023, 48.744053518312612 ], [ 2.33633264166851, 48.744119286331468 ], [ 2.336386294682004, 48.744285081871254 ], [ 2.336254657722312, 48.744369797099537 ], [ 2.336155589586024, 48.744460089921787 ], [ 2.336105923898156, 48.744515579147667 ], [ 2.335996969878507, 48.744634598989954 ], [ 2.335589617559625, 48.745010997684126 ], [ 2.335251320847123, 48.745304131371121 ], [ 2.335116352691602, 48.745436497124579 ], [ 2.335014411797613, 48.745538465674038 ], [ 2.33471754848114, 48.745781459825523 ], [ 2.334369126073393, 48.746121305363609 ], [ 2.334161628603169, 48.746288343780222 ], [ 2.333766271842288, 48.746681892119035 ], [ 2.333580793768737, 48.746828365209964 ], [ 2.333375247986517, 48.746948642198959 ], [ 2.332316693593808, 48.747406838437684 ], [ 2.331686908108933, 48.747624577205578 ], [ 2.331375252157791, 48.747746055619864 ], [ 2.331287751743152, 48.747781543184274 ], [ 2.331035807159733, 48.747913248943163 ], [ 2.330739845535421, 48.748083383345289 ], [ 2.33053510633001, 48.748245933548205 ], [ 2.330410065418239, 48.748345070161918 ], [ 2.33012369871898, 48.748615094545521 ], [ 2.329937718831103, 48.748799335448638 ], [ 2.329799892684083, 48.748940673267896 ], [ 2.329757154651766, 48.748985405317569 ], [ 2.329554505328387, 48.749196535169176 ], [ 2.329313207238679, 48.749451520053583 ], [ 2.328897493274927, 48.749836842242246 ], [ 2.3287336702549, 48.749989725316574 ], [ 2.328608378895117, 48.750107746727721 ], [ 2.328429767025817, 48.750247054634819 ], [ 2.327988031051565, 48.750539585021436 ], [ 2.327697415417612, 48.75071513834731 ], [ 2.32763025071803, 48.750755234864954 ], [ 2.327316441837834, 48.750936053269619 ], [ 2.327253449501719, 48.75096897757566 ], [ 2.327131695502895, 48.751023157239338 ], [ 2.326672168645224, 48.751217543717274 ], [ 2.32647789962783, 48.751304592968744 ], [ 2.326263066147368, 48.751404117995115 ], [ 2.326161769510563, 48.751453914898292 ], [ 2.325870618607211, 48.751564701206611 ], [ 2.325770843970298, 48.751601914247367 ], [ 2.325679322688504, 48.751631978315068 ], [ 2.325340589558501, 48.751740695740423 ], [ 2.325243685501878, 48.751766231875592 ], [ 2.325079892320442, 48.751810278064717 ], [ 2.32405344099599, 48.752086895277039 ], [ 2.323948188697378, 48.752126774094442 ], [ 2.323644229126475, 48.752280655409173 ], [ 2.323790244091786, 48.752034137206927 ], [ 2.323835768176012, 48.751984925959057 ], [ 2.323922677553067, 48.751890977159107 ], [ 2.324181265666522, 48.75156414636632 ], [ 2.324206154773953, 48.751532806920231 ], [ 2.324321800827572, 48.75132029468508 ], [ 2.324338622319968, 48.751281714054507 ], [ 2.324486283467692, 48.750907483972355 ], [ 2.324510195962926, 48.750846457473529 ], [ 2.324558612995334, 48.750783770705794 ], [ 2.324604077097771, 48.750739055972382 ], [ 2.324825758471891, 48.750530740588161 ], [ 2.324103402718585, 48.749803505420871 ], [ 2.323871177306253, 48.749565638265132 ], [ 2.323973357415135, 48.749447490870693 ], [ 2.323729453001434, 48.749166384146825 ], [ 2.323526395319766, 48.748987144922147 ], [ 2.323318524688201, 48.748864542732576 ], [ 2.323248444577276, 48.748814676378764 ], [ 2.323201613182348, 48.748755047925243 ], [ 2.323053041162515, 48.748569820557293 ], [ 2.323032967409886, 48.748544522434059 ], [ 2.322983404815536, 48.748485777833181 ], [ 2.322672629874088, 48.748117943227271 ], [ 2.320720714163472, 48.748758049315406 ], [ 2.320031867605258, 48.749014966059967 ], [ 2.319858653285817, 48.749156091003108 ], [ 2.319555801647062, 48.74943409124009 ], [ 2.319307055462621, 48.749630550135116 ], [ 2.319023298610928, 48.749695490695238 ], [ 2.318586020172452, 48.74974696242424 ], [ 2.318289328584383, 48.749864894343517 ], [ 2.31805629967232, 48.75000297678617 ], [ 2.317825193589606, 48.750097896673324 ], [ 2.317666851360479, 48.750141064466142 ], [ 2.317447564956467, 48.750164096034553 ], [ 2.317054344001884, 48.750174439799444 ], [ 2.317035825350216, 48.75003042361088 ], [ 2.316790928451641, 48.750139653652617 ], [ 2.315799019299057, 48.750581894784339 ], [ 2.314144562530242, 48.751344121820303 ], [ 2.312346291520354, 48.75135176824611 ], [ 2.311657559249858, 48.751594246176879 ], [ 2.311196752045479, 48.751777772720551 ], [ 2.310481739274787, 48.752052472024786 ], [ 2.31011944592349, 48.752191591283747 ], [ 2.311249587408708, 48.752825023364366 ], [ 2.311625152731628, 48.753020568032277 ], [ 2.31115367578938, 48.753496349849136 ], [ 2.311079302478765, 48.753566076894153 ], [ 2.311017253359108, 48.753629578937684 ], [ 2.310893119055969, 48.75375928102293 ], [ 2.311144168174568, 48.754010772921568 ], [ 2.311334712321786, 48.754208848555599 ], [ 2.311463710297235, 48.754329217462491 ], [ 2.310656998177049, 48.754643863277359 ], [ 2.308693502687006, 48.755409625573257 ], [ 2.308900257858544, 48.755615893639387 ], [ 2.309281520767943, 48.755998560679842 ], [ 2.309668218242737, 48.756382157194047 ], [ 2.312706610655972, 48.759318344307104 ], [ 2.312587554524036, 48.75937162504006 ], [ 2.312739314346872, 48.75952090478296 ], [ 2.313385255497474, 48.760160518529212 ], [ 2.313339655096799, 48.760421091521586 ], [ 2.313237534742934, 48.760944872788492 ], [ 2.313102585860494, 48.761585390923045 ], [ 2.313335584527291, 48.761868252474976 ], [ 2.31350367835278, 48.762121059247143 ], [ 2.313585170697464, 48.762234855818058 ], [ 2.313617145538904, 48.762286307090037 ], [ 2.314368456641056, 48.762054072342018 ], [ 2.314378867079093, 48.762090109307877 ], [ 2.314413494513959, 48.762250406625782 ], [ 2.314452144231368, 48.762415224146686 ], [ 2.314662857291294, 48.763256500554554 ], [ 2.314669328667917, 48.763281721702974 ], [ 2.314684921394755, 48.763337575776553 ], [ 2.314699118333462, 48.763396120123616 ], [ 2.314714711126346, 48.763451974187781 ], [ 2.314787154088924, 48.763840943063528 ], [ 2.314851618665432, 48.764008606593549 ], [ 2.315278595353843, 48.764855618163367 ], [ 2.315374309726633, 48.765441694184524 ], [ 2.315086286261131, 48.765513795980439 ], [ 2.315136650197012, 48.76561572005108 ], [ 2.315102913544004, 48.765698273911006 ], [ 2.315299778824473, 48.766041184858089 ], [ 2.315407008229338, 48.766060687454036 ], [ 2.315668120458851, 48.766796115795373 ], [ 2.3158780366085, 48.766766737771839 ], [ 2.316186006769134, 48.767041926803181 ], [ 2.316499269090667, 48.767328837773725 ], [ 2.316920040994539, 48.767822331108185 ], [ 2.317222313632665, 48.768325938515709 ], [ 2.317721821519392, 48.768522168997919 ], [ 2.317771526524409, 48.768571021826446 ], [ 2.31854006607173, 48.769317433830693 ], [ 2.319071876732754, 48.769854724261918 ], [ 2.319920413368245, 48.770730199775706 ], [ 2.320187832801145, 48.770988057387392 ], [ 2.32055885327697, 48.771440778827923 ], [ 2.320732660075764, 48.771886981130976 ], [ 2.321306668453369, 48.772845429152724 ], [ 2.32171851103605, 48.773614074615224 ], [ 2.322803763989226, 48.775236488476651 ], [ 2.323034738045123, 48.775474344680688 ], [ 2.323223158582395, 48.775740740713289 ], [ 2.323287062247826, 48.775849932338723 ], [ 2.32345378364613, 48.776110808482201 ], [ 2.323626879138467, 48.776404998875094 ], [ 2.323740234620709, 48.776583725316527 ], [ 2.324167291383004, 48.776392767084914 ], [ 2.324242563012694, 48.776359914407905 ], [ 2.324332509986467, 48.776454862020074 ], [ 2.324695906264763, 48.776871548207104 ], [ 2.324842052603913, 48.777040565257899 ], [ 2.325028499314539, 48.777250283561528 ], [ 2.325588841411508, 48.777065469804121 ], [ 2.325724801074369, 48.77707523138946 ], [ 2.326207971466858, 48.77801874730735 ], [ 2.326616564169432, 48.778731589659493 ], [ 2.324580300699614, 48.779074465378585 ], [ 2.324715949541007, 48.779318973787383 ], [ 2.32496314001169, 48.779778173063562 ], [ 2.325036368700885, 48.779903605474743 ], [ 2.324844095697517, 48.779933099225467 ], [ 2.325081461858911, 48.78041562725155 ], [ 2.325590857731208, 48.781437539934757 ], [ 2.325814779843311, 48.78190829753148 ], [ 2.325719029807311, 48.78194553258075 ], [ 2.325638412106928, 48.781970261174116 ], [ 2.32531904604873, 48.78203951189461 ], [ 2.324785297894662, 48.782163314075433 ], [ 2.324444038799045, 48.782241432868744 ], [ 2.324464974803627, 48.782306308991124 ], [ 2.324706465053315, 48.782891393087901 ], [ 2.324836843076726, 48.783228510177693 ], [ 2.324604939701088, 48.783269471947868 ], [ 2.324372931158674, 48.78331852738561 ], [ 2.324905628439421, 48.784434110856253 ], [ 2.324736288622474, 48.784478124561851 ], [ 2.325119460401385, 48.786316886005352 ], [ 2.324413634346064, 48.786481986582643 ], [ 2.323664076695733, 48.786660326626524 ], [ 2.322083238225995, 48.787020126647271 ], [ 2.321752691188403, 48.787109091311301 ], [ 2.321366072070591, 48.787218423051669 ], [ 2.320549112104842, 48.787449425915931 ], [ 2.320471228934948, 48.787472367695173 ], [ 2.319714216935387, 48.78769830927466 ], [ 2.318768670207017, 48.787977135952275 ], [ 2.318696264868559, 48.787997409573251 ], [ 2.318754213212467, 48.788146142467248 ], [ 2.31883790349734, 48.788408347580592 ], [ 2.319784738085084, 48.790850236907254 ], [ 2.319907970307802, 48.791212499796721 ], [ 2.32071587750389, 48.793249751742593 ], [ 2.321047764108882, 48.794106971427119 ], [ 2.321062257462477, 48.794143929335725 ], [ 2.321191161825513, 48.794490032709774 ], [ 2.321526984084333, 48.795359864035682 ], [ 2.321811119805591, 48.796122371510506 ], [ 2.321864920442054, 48.79627737401173 ], [ 2.322757035728178, 48.798551622296351 ], [ 2.323294755341805, 48.799919057620968 ], [ 2.323666005513946, 48.80089700677842 ], [ 2.323942048304942, 48.801553330361344 ], [ 2.32402505413716, 48.801766957121508 ], [ 2.32451445850445, 48.802980312616043 ], [ 2.324701401586236, 48.803474238238174 ], [ 2.325428681533908, 48.805352685167612 ], [ 2.325601653601936, 48.805770080878517 ], [ 2.325800405651959, 48.806300045832927 ], [ 2.325834828735011, 48.806375789069662 ], [ 2.325982705362688, 48.8067336823012 ], [ 2.326025683534116, 48.806885022749867 ], [ 2.326183483575509, 48.807528978529056 ], [ 2.326357396525387, 48.808296241277397 ], [ 2.325248750258954, 48.808420400796038 ], [ 2.325004376961318, 48.808153700428107 ], [ 2.324759542623592, 48.807607285652075 ], [ 2.324786277162239, 48.807014736435143 ], [ 2.324536010073852, 48.806993535926296 ], [ 2.324455913576685, 48.806869866385547 ], [ 2.324341104987951, 48.806692936346892 ], [ 2.324442323609347, 48.805816599022748 ], [ 2.32427564865059, 48.805859727306334 ], [ 2.324130250825222, 48.805626861500329 ], [ 2.323994804403164, 48.805361673519911 ], [ 2.321739150073868, 48.805950591474357 ], [ 2.321027728277045, 48.805687527067207 ], [ 2.320411997239638, 48.806127429873591 ], [ 2.319758950487547, 48.806086840326046 ], [ 2.319297690395497, 48.806061729774356 ], [ 2.3186444338587, 48.806037322041448 ], [ 2.318453845485558, 48.80603443678276 ], [ 2.318392647903661, 48.80602869148516 ], [ 2.31833553487429, 48.806022969447859 ], [ 2.31814298801729, 48.807003110871968 ], [ 2.317860500313393, 48.80840455346938 ], [ 2.317993038263159, 48.808577993141846 ], [ 2.318654626365195, 48.809426295308867 ], [ 2.318872691493131, 48.809724337339858 ], [ 2.319046753396586, 48.809951076295235 ], [ 2.319077366036552, 48.810005214168285 ], [ 2.319392204745278, 48.809983622804708 ], [ 2.32149731417621, 48.80978243305016 ], [ 2.321885923102823, 48.809742366564066 ], [ 2.322545293164174, 48.809719123118796 ], [ 2.323562964280068, 48.809682614274223 ], [ 2.325236079690049, 48.80961022483924 ], [ 2.325557826171094, 48.809580561724808 ], [ 2.325590027923679, 48.809617618438651 ], [ 2.32563298304647, 48.809665528498741 ], [ 2.326519941498558, 48.810682343250591 ], [ 2.326526656768154, 48.810689576204197 ], [ 2.327856571287284, 48.812313263991307 ], [ 2.328235983457759, 48.812776782937732 ], [ 2.328513800491874, 48.813093129595018 ], [ 2.328622338247206, 48.813230446167438 ], [ 2.328749431119197, 48.81340743987726 ], [ 2.328964017768625, 48.813664070658291 ], [ 2.329063257287335, 48.813783346804357 ], [ 2.331898060637626, 48.817010929647068 ], [ 2.331996248625253, 48.817000685632443 ], [ 2.332144938408537, 48.816981729783336 ], [ 2.333711090278114, 48.816771017573487 ], [ 2.334935049873801, 48.81669418910564 ], [ 2.335146299956006, 48.816681873189026 ], [ 2.335581090336554, 48.816654610379281 ], [ 2.336103080781857, 48.81662423266738 ], [ 2.336332045048368, 48.816611113631296 ], [ 2.33655556203248, 48.816597963931571 ], [ 2.336674118000443, 48.816592326021237 ], [ 2.336750435527919, 48.816588252467099 ], [ 2.337275148209403, 48.816557884744718 ], [ 2.337509547626263, 48.816545692966777 ], [ 2.33800702364043, 48.816515171119747 ], [ 2.338644774759564, 48.816484523810516 ], [ 2.339542877317384, 48.816435525058317 ], [ 2.340319779160497, 48.816385850924704 ], [ 2.340511984457827, 48.816371621691623 ], [ 2.341029645177584, 48.816360085690775 ], [ 2.341683722695742, 48.816330411553189 ], [ 2.341798294308863, 48.816316652168645 ], [ 2.342185914881536, 48.816249532771003 ], [ 2.342876711334013, 48.81611572551909 ], [ 2.343013285918382, 48.816084997590224 ], [ 2.343156782515658, 48.816045313686381 ], [ 2.343297668596647, 48.815996621425427 ], [ 2.343424947979884, 48.815946954894038 ], [ 2.343584954991723, 48.815893870368988 ], [ 2.343765705165507, 48.815815716708222 ], [ 2.343902504744147, 48.815767001302042 ], [ 2.344036580527387, 48.815718270795109 ], [ 2.344229494850482, 48.815647378242744 ], [ 2.344344437439912, 48.815603938756375 ], [ 2.344448463099662, 48.815562238072864 ], [ 2.344464193795621, 48.815610891104605 ], [ 2.344355599882104, 48.816015918163011 ], [ 2.344469729186359, 48.816037229793558 ], [ 2.344552650710489, 48.816049376393586 ], [ 2.344755273215884, 48.816072971602452 ], [ 2.344996127409927, 48.816088681455447 ], [ 2.345190828033565, 48.816092446068538 ], [ 2.345376109124036, 48.816087164948343 ], [ 2.345543732189824, 48.816078189350804 ], [ 2.346027784265766, 48.816031371772652 ], [ 2.346186021179197, 48.816010651939969 ], [ 2.346371448422841, 48.815993678081618 ], [ 2.346541772031784, 48.815986514618665 ], [ 2.346633022377527, 48.815986113912899 ], [ 2.346751373074081, 48.815996653817528 ], [ 2.346919974440822, 48.816018260704318 ], [ 2.347039461823857, 48.816046794216888 ], [ 2.347177687748716, 48.81610151206494 ], [ 2.348046857382352, 48.816513675504964 ], [ 2.348600538375941, 48.816780212676484 ], [ 2.348677711556633, 48.816816608433363 ], [ 2.348763033183109, 48.816854847287651 ], [ 2.349029960601781, 48.816964226858452 ], [ 2.350488624689273, 48.817614318952344 ], [ 2.350878645883241, 48.817791816569802 ], [ 2.351253779116588, 48.817962037037297 ], [ 2.352391840207207, 48.818551005936428 ], [ 2.353049262700184, 48.818033822687099 ], [ 2.353166067048314, 48.817949912700364 ], [ 2.353366712003786, 48.817804398663704 ], [ 2.35337770697941, 48.817796363684138 ], [ 2.35392605619736, 48.817397303953541 ], [ 2.354735454698257, 48.816812579064973 ], [ 2.355406705585211, 48.816274771111587 ], [ 2.355852301315166, 48.815922815498233 ], [ 2.356232015039089, 48.815942848259404 ], [ 2.356339528858111, 48.8159488233971 ], [ 2.356545035221203, 48.81595982275865 ], [ 2.356785970093019, 48.815969213597796 ], [ 2.356894890172978, 48.815971598266948 ], [ 2.357466681971601, 48.815987263785324 ], [ 2.358423747028377, 48.816013988376653 ], [ 2.358949272393267, 48.816026700377847 ], [ 2.359423050356637, 48.816039132837751 ], [ 2.359958086607811, 48.816053690123113 ], [ 2.360158246336463, 48.816056560198568 ], [ 2.36052581693921, 48.816067520493711 ], [ 2.360557126882432, 48.816068587329426 ], [ 2.360678292349534, 48.816071933421689 ], [ 2.36110441978891, 48.816083205030694 ], [ 2.363328923996346, 48.816148134592801 ], [ 2.36420428117288, 48.8163983240009 ], [ 2.364383324985561, 48.816457735795098 ], [ 2.365028986478497, 48.816670722470064 ], [ 2.365641023901095, 48.816849350691321 ], [ 2.366712905126914, 48.817179709524396 ], [ 2.366927252430259, 48.817248298232535 ], [ 2.367102293227545, 48.817301389013998 ], [ 2.367501106783894, 48.817432110885235 ], [ 2.367815816506704, 48.817535405319887 ], [ 2.368441186891432, 48.817739272126317 ], [ 2.368932306814356, 48.81789565932246 ], [ 2.369484375123111, 48.818080246671698 ], [ 2.370356799093813, 48.818352859320015 ], [ 2.370643203501612, 48.818432613229362 ], [ 2.370823677738411, 48.818487525825191 ], [ 2.37095800143098, 48.818529604041188 ], [ 2.371496606021113, 48.818702419153404 ], [ 2.371889993887894, 48.818833097589689 ], [ 2.371984955477797, 48.818864175297378 ], [ 2.37200665852426, 48.818871484322216 ], [ 2.372607558629133, 48.819074301025346 ], [ 2.37266590227963, 48.819092594729142 ], [ 2.372732384690138, 48.819113629238004 ], [ 2.372895191699046, 48.81916574782948 ], [ 2.372990154493845, 48.819196824729673 ], [ 2.373528913175678, 48.819357939392482 ], [ 2.37370530804232, 48.81941282618822 ], [ 2.373977942707532, 48.819505990539412 ], [ 2.374014659295745, 48.819510679657959 ], [ 2.374052780947822, 48.819511778604451 ], [ 2.374121901841233, 48.819540021171065 ], [ 2.374173426378142, 48.819559177811861 ], [ 2.374257517234202, 48.81958839802661 ], [ 2.374447575570882, 48.819639757694546 ], [ 2.37458872533113, 48.819680968089806 ], [ 2.375596723554164, 48.820010012326115 ], [ 2.375679486351844, 48.820036526450941 ], [ 2.375712117804962, 48.820041193713912 ], [ 2.37576097347909, 48.820055838830399 ], [ 2.375847832863151, 48.820081474844628 ], [ 2.376077120333645, 48.820155521101277 ], [ 2.376525981159313, 48.820318851049336 ], [ 2.377883819134931, 48.820780109028938 ], [ 2.379083321889078, 48.821157786505871 ], [ 2.379478291160394, 48.821273158297515 ], [ 2.380767116748347, 48.821700747802623 ], [ 2.381524148119776, 48.822410676067115 ], [ 2.383142198331908, 48.822990137316886 ], [ 2.38330363397122, 48.823044932492436 ], [ 2.383337544863623, 48.823056799249692 ], [ 2.384022522695706, 48.823298664029338 ], [ 2.384537917595146, 48.823483890878371 ], [ 2.384597579269298, 48.823506682299353 ], [ 2.385225588159263, 48.823729359974678 ], [ 2.386941338175522, 48.824463063889823 ], [ 2.387175971273418, 48.824548807659731 ], [ 2.387893505889207, 48.824805206564669 ], [ 2.38866961442715, 48.825061900516417 ], [ 2.388799862307387, 48.825105736192988 ], [ 2.389445425188181, 48.825344669629501 ], [ 2.390072014511325, 48.825692326824921 ], [ 2.392636823742175, 48.82394350858344 ], [ 2.393394711780287, 48.823425718591913 ], [ 2.394948765181816, 48.822374128646821 ], [ 2.395523780751687, 48.822001097998978 ], [ 2.39662065003645, 48.821374376871667 ], [ 2.396800321084086, 48.821266458902841 ], [ 2.397526483469699, 48.82089418074591 ], [ 2.397956491543014, 48.820691288827902 ], [ 2.398666567768351, 48.820413357141305 ], [ 2.399072865904592, 48.820258008865501 ], [ 2.400187539123582, 48.819852590543029 ], [ 2.400406392241819, 48.819770945532241 ], [ 2.401102317968482, 48.819536997778748 ], [ 2.402006056705752, 48.819233034668891 ], [ 2.403154247871903, 48.818870026886287 ], [ 2.403732433310826, 48.818687639864464 ], [ 2.4050025231072, 48.818262265686563 ], [ 2.405411222150176, 48.818132090268321 ], [ 2.405798037511365, 48.818009899095863 ], [ 2.406906099255974, 48.817697920248094 ], [ 2.4076451276611, 48.817501022546125 ], [ 2.408122262509268, 48.817339698634974 ], [ 2.408553510853896, 48.817141271348504 ], [ 2.409007350105887, 48.816871903288543 ], [ 2.409400412873232, 48.816557264361357 ], [ 2.409741509004468, 48.816261254493092 ], [ 2.409970193807331, 48.815909826815385 ], [ 2.410189996647098, 48.815259760926267 ], [ 2.410242905575783, 48.814916459000081 ], [ 2.4102702965402, 48.814541552793656 ], [ 2.410242700011741, 48.814091726682534 ], [ 2.410170005608495, 48.813535551000165 ], [ 2.409967876281194, 48.812503862978502 ], [ 2.409809004222037, 48.811982336823981 ], [ 2.409699081716346, 48.811587864798987 ], [ 2.409641407936036, 48.81138971591696 ], [ 2.409533402237447, 48.810826169027358 ], [ 2.409163661234644, 48.809206351395638 ], [ 2.409015795722242, 48.808556264969788 ], [ 2.409013500555886, 48.808518479466549 ], [ 2.408921119258659, 48.807538592361141 ], [ 2.409305344481781, 48.806074492268259 ], [ 2.410047567249915, 48.804737171396845 ], [ 2.411011915138287, 48.803740908059289 ], [ 2.412537992322083, 48.802429913904817 ], [ 2.41406536429656, 48.801118006082859 ], [ 2.415591288004591, 48.799806969910989 ], [ 2.415734088755072, 48.799698841710132 ], [ 2.416930068292506, 48.798789101465516 ], [ 2.417395529398876, 48.798436111422923 ], [ 2.417479303584088, 48.798370864126461 ], [ 2.418837218675185, 48.797339575756077 ], [ 2.41933836785149, 48.796957970773825 ], [ 2.420742366266137, 48.795693041323212 ], [ 2.421621636842389, 48.794478620349103 ], [ 2.422417277657382, 48.792822184290351 ], [ 2.422482796371727, 48.792683094527597 ], [ 2.422828322085808, 48.791104523682968 ], [ 2.422668710681759, 48.78953700139288 ], [ 2.42201703418621, 48.787910435493316 ], [ 2.421309714439043, 48.786763874253005 ], [ 2.420599693800815, 48.785618193826295 ], [ 2.42011171647967, 48.784825252124975 ], [ 2.419965979666136, 48.78458980067802 ], [ 2.419892436269576, 48.784471621888791 ], [ 2.419777453445175, 48.784285786599774 ], [ 2.419679873788259, 48.78412611838057 ], [ 2.419595474084042, 48.784005188417936 ], [ 2.419426705868898, 48.783760630210878 ], [ 2.418726152003114, 48.782749891884897 ], [ 2.418026986168831, 48.781739155184262 ], [ 2.417327837376364, 48.7807293128539 ], [ 2.416777366623127, 48.77993514947962 ], [ 2.41468607079002, 48.777226698895689 ], [ 2.415632786402196, 48.7771440906034 ], [ 2.416061882772528, 48.777105715251579 ], [ 2.416196719942258, 48.777095581307726 ], [ 2.416317959402575, 48.777084481371666 ], [ 2.416676224338428, 48.777052053608621 ], [ 2.41679202051367, 48.777040926614873 ], [ 2.416937753584349, 48.777029945615297 ], [ 2.417406340485925, 48.776989059934486 ], [ 2.417590224997762, 48.776973767131899 ], [ 2.417817714190843, 48.776953290085999 ], [ 2.418185502666865, 48.776920904210058 ], [ 2.418831167542954, 48.77686468580989 ], [ 2.421578634630633, 48.776625285440794 ], [ 2.421648093205826, 48.776620225253829 ], [ 2.423887466849088, 48.776424180963986 ], [ 2.424154432911695, 48.776402083408591 ], [ 2.424817794555604, 48.776344119171227 ], [ 2.425561478686745, 48.776282939855804 ], [ 2.428252512351765, 48.77609617994257 ], [ 2.428243637428969, 48.776036776489669 ], [ 2.428204411375563, 48.775890884518532 ], [ 2.428188693424259, 48.775835045934272 ], [ 2.428175618150493, 48.77578641526614 ], [ 2.428129845029185, 48.775617107262029 ], [ 2.428064449739003, 48.775375752532021 ], [ 2.427985950559929, 48.775088465083691 ], [ 2.427891823670342, 48.774737244571298 ], [ 2.427592333814159, 48.773631334105815 ], [ 2.42728837258095, 48.772314038566776 ], [ 2.427436857353878, 48.771430628194011 ], [ 2.427454270107164, 48.771331776273669 ], [ 2.427484766929949, 48.771156536972811 ], [ 2.427515411519034, 48.770967807153802 ], [ 2.427527065860875, 48.770897708800888 ], [ 2.427538651121242, 48.770833906002387 ], [ 2.427972646674956, 48.770963701638294 ], [ 2.428732208072608, 48.771184994295965 ], [ 2.429334415398642, 48.771362358660838 ], [ 2.429952905247916, 48.771544294704086 ], [ 2.431223717823741, 48.771926306363483 ], [ 2.43193578233293, 48.77213835806446 ], [ 2.432493198132132, 48.772307398547689 ], [ 2.432485679674534, 48.772248001677028 ], [ 2.432464279674236, 48.77208870417526 ], [ 2.432439296670683, 48.771883519626641 ], [ 2.432405210001429, 48.771639617068395 ], [ 2.432322138355817, 48.77102042675947 ], [ 2.431971892398158, 48.770945909415751 ], [ 2.431689521331613, 48.7708861045679 ], [ 2.431295816058035, 48.770804183159377 ], [ 2.431193995760817, 48.770783011882408 ], [ 2.430527428255084, 48.77064312533993 ], [ 2.430647393345423, 48.77037297387875 ], [ 2.430703141590375, 48.770251818805583 ], [ 2.430744989387753, 48.770157579850917 ], [ 2.430795177120994, 48.770047191175451 ], [ 2.430722787190799, 48.769822892277702 ], [ 2.430723034219572, 48.769301233514007 ], [ 2.430794460630748, 48.769239514329186 ], [ 2.430950960179513, 48.768987524622503 ], [ 2.431027104823787, 48.768867365839505 ], [ 2.431622966450801, 48.76800136814834 ], [ 2.43170592056933, 48.767880341829787 ], [ 2.431954849130003, 48.767510966871257 ], [ 2.431537218217864, 48.767379464273183 ], [ 2.431404288892257, 48.76734195555013 ], [ 2.431476534663198, 48.767204688871047 ], [ 2.431597494876862, 48.766966919406542 ], [ 2.431969550131615, 48.766785208486588 ], [ 2.432256548226358, 48.766792868871647 ], [ 2.432927091723645, 48.766813143045681 ], [ 2.433422247552755, 48.766821788671791 ], [ 2.433586839523921, 48.76682526752009 ], [ 2.434497092645259, 48.766948303275825 ], [ 2.434757550837664, 48.767019690485327 ], [ 2.435077570586869, 48.767119240700552 ], [ 2.435492555386638, 48.767244422506863 ], [ 2.435321992886948, 48.767415404591034 ], [ 2.439157640787239, 48.771201117420738 ], [ 2.440092590367231, 48.771313432652974 ], [ 2.439994500006908, 48.771705116229924 ], [ 2.440046126917809, 48.771712553528062 ], [ 2.440120836394537, 48.771724596045388 ], [ 2.440812532330116, 48.771808782880655 ], [ 2.440974794931133, 48.771777163521058 ], [ 2.441667518321026, 48.771638296251865 ], [ 2.446352595311443, 48.770722915319958 ], [ 2.448114554132324, 48.770347919199978 ], [ 2.448558869870957, 48.770278018180498 ], [ 2.449277328563232, 48.770146420880614 ], [ 2.450091557851327, 48.769577246561191 ], [ 2.450603974260531, 48.769241425393041 ], [ 2.450855927971818, 48.769089683824582 ], [ 2.451380390642914, 48.768771902859129 ], [ 2.451859400947546, 48.768506076912431 ], [ 2.452473675858839, 48.768186004902098 ], [ 2.453710573326604, 48.767526102322215 ], [ 2.453770709454063, 48.767500294344515 ], [ 2.453949747546712, 48.767423763377295 ], [ 2.454765757250017, 48.767065926655548 ], [ 2.455242576322023, 48.766876527072704 ], [ 2.45548289866418, 48.76679397736892 ], [ 2.455970409203025, 48.766622611876784 ], [ 2.456536862956479, 48.766448005933512 ], [ 2.457075261116521, 48.766354217046576 ], [ 2.457586191134188, 48.766415899635717 ], [ 2.457791327462338, 48.766445612244738 ], [ 2.45849104230368, 48.766539627244946 ], [ 2.45957396564731, 48.766679443801983 ], [ 2.459978468207935, 48.765718900281072 ], [ 2.46127734281417, 48.765893855431059 ], [ 2.46128091375939, 48.765943339312649 ], [ 2.462452974237557, 48.766410918461432 ], [ 2.463362059656258, 48.766785564504559 ], [ 2.46476300970927, 48.766430286159959 ], [ 2.465553821596477, 48.766265636841133 ], [ 2.465874219073701, 48.766200513390118 ], [ 2.466085537194051, 48.766158286304368 ], [ 2.466205545675244, 48.766130940853763 ], [ 2.466432132259572, 48.765792874282766 ], [ 2.466537450001293, 48.76560536719775 ], [ 2.466592705469652, 48.765523767295129 ], [ 2.46692455611395, 48.765002689152176 ], [ 2.46722072553193, 48.764511131413819 ], [ 2.467264985047032, 48.764440275061183 ], [ 2.46743251717179, 48.764155008233068 ], [ 2.467705898216839, 48.76362916957379 ], [ 2.46787818501259, 48.763277366373465 ], [ 2.467935254681311, 48.763150802999895 ], [ 2.467964483367943, 48.763086175265137 ], [ 2.46817582051907, 48.762372980111159 ], [ 2.468341540635426, 48.761863748731152 ], [ 2.468418816029791, 48.761623048981939 ], [ 2.468497496864605, 48.761377858304407 ], [ 2.468647743295166, 48.760918025185539 ], [ 2.468699733237922, 48.760755461904239 ], [ 2.468727736578377, 48.760677337142624 ], [ 2.468796517482721, 48.760067837763437 ], [ 2.468762836923931, 48.759367041031048 ], [ 2.468743128734245, 48.758897456726871 ], [ 2.468720117989331, 48.758351406883037 ], [ 2.46871445146541, 48.758239853656534 ], [ 2.468613617022361, 48.756251686105287 ], [ 2.468555852579786, 48.755779232878382 ], [ 2.468511555166252, 48.755587458946486 ], [ 2.468501149527155, 48.755540642709043 ], [ 2.468481561177134, 48.755460506994659 ], [ 2.468459453905521, 48.755360572779686 ], [ 2.468363409134658, 48.754773722065032 ], [ 2.468358710156485, 48.75470084793843 ], [ 2.468326875894435, 48.754487543095685 ], [ 2.468268992331183, 48.754160794953393 ], [ 2.468070433591577, 48.752955582923938 ], [ 2.467980850045802, 48.752402937537703 ], [ 2.467905194026577, 48.75195198884758 ], [ 2.467865404243236, 48.751718860564004 ], [ 2.467829658480675, 48.751489347940769 ], [ 2.467812985403927, 48.751390336891767 ], [ 2.467804051339421, 48.751332733874975 ], [ 2.467797470818223, 48.751311118345789 ], [ 2.467926515934026, 48.751327883070559 ], [ 2.468033781093776, 48.751346349478759 ], [ 2.468151789773812, 48.751378355015895 ], [ 2.468355238197601, 48.751435025336292 ], [ 2.468660347594864, 48.751526325850257 ], [ 2.46897913237678, 48.751610490990259 ], [ 2.469046955166924, 48.751628781072874 ], [ 2.469186736096204, 48.751659982955928 ], [ 2.469291236444554, 48.751682933057033 ], [ 2.469499899313573, 48.751762110190199 ], [ 2.469754852569302, 48.75183699538885 ], [ 2.469997638492986, 48.751904630636531 ], [ 2.470470971098375, 48.752039845356748 ], [ 2.470781564704363, 48.752127566993558 ], [ 2.470983649659815, 48.752185126154792 ], [ 2.471189824562126, 48.752241803657228 ], [ 2.471340443934285, 48.752277548106463 ], [ 2.47135497407053, 48.752185871181013 ], [ 2.471341132721554, 48.752075180737329 ], [ 2.471196227697548, 48.752012478859307 ], [ 2.471398231734789, 48.751406261744521 ], [ 2.472231162755575, 48.750010440479258 ], [ 2.472478759147815, 48.749601396391071 ], [ 2.472573941502684, 48.749334687304717 ], [ 2.472403056185851, 48.749286262774845 ], [ 2.472407254484139, 48.749274588783734 ], [ 2.471906831890349, 48.749130267253804 ], [ 2.472024318581637, 48.748944605523818 ], [ 2.471937393943801, 48.74893252858913 ], [ 2.471944703505471, 48.748882193026425 ], [ 2.473334476815885, 48.749042133001559 ], [ 2.473363636497117, 48.748982899472082 ], [ 2.473399197243165, 48.748963268926651 ], [ 2.473499042826123, 48.748907944786147 ], [ 2.47357205003342, 48.748816525178242 ], [ 2.473584589622974, 48.748786899385969 ], [ 2.473601698924054, 48.748708724701451 ], [ 2.473610321554832, 48.748662891956194 ], [ 2.473624964562293, 48.7485595224395 ], [ 2.47363324252526, 48.748412952365541 ], [ 2.473633188020231, 48.748283434652734 ], [ 2.473623776536306, 48.748137685989462 ], [ 2.473605398022584, 48.747937032716493 ], [ 2.473587336989053, 48.74770490084645 ], [ 2.473587826596966, 48.747656333924517 ], [ 2.473595034655685, 48.747615891467625 ], [ 2.473596911450431, 48.747429718241392 ], [ 2.473554570021649, 48.747312605967579 ], [ 2.473538703369295, 48.747267564623229 ], [ 2.473507378211534, 48.747137009470002 ], [ 2.473483487978032, 48.746943527120862 ], [ 2.473481203280788, 48.746900344501327 ], [ 2.47346441278413, 48.746542298046187 ], [ 2.473463515307909, 48.746496423243585 ], [ 2.473448266413369, 48.746120394885537 ], [ 2.473439100700411, 48.745950362437952 ], [ 2.473401041725902, 48.74540873833503 ], [ 2.473396309351279, 48.745338561983033 ], [ 2.473395439670835, 48.745155074564849 ], [ 2.473400508096231, 48.745057059111062 ], [ 2.473442621781549, 48.744791913124295 ], [ 2.473475995094611, 48.744584292030162 ], [ 2.473487237267565, 48.744548364413241 ], [ 2.47349983935478, 48.744512442791148 ], [ 2.473717110549627, 48.744409966269181 ], [ 2.473793638037542, 48.744373426946183 ], [ 2.473840364868442, 48.744325063657662 ], [ 2.473854598431595, 48.74426216628089 ], [ 2.473847181955477, 48.744188380330542 ], [ 2.473841678190619, 48.744059737562281 ], [ 2.473846519129469, 48.743984206755407 ], [ 2.473868866772, 48.743925842268247 ], [ 2.473924078785087, 48.743845136828838 ], [ 2.474311429102775, 48.743328770977058 ], [ 2.474618122292653, 48.742853422594223 ], [ 2.47487732614495, 48.742501985916995 ], [ 2.475019319320525, 48.742311031485769 ], [ 2.475608831571686, 48.741567993350742 ], [ 2.475683238853748, 48.741471181489807 ], [ 2.475739687944072, 48.741402173114082 ], [ 2.475787968774171, 48.741334028274807 ], [ 2.475948120745577, 48.741094582960351 ], [ 2.476032433606334, 48.740959138733622 ], [ 2.473592450473125, 48.739912258154355 ], [ 2.473410862134998, 48.739714481373625 ], [ 2.473493085116785, 48.739651883670682 ], [ 2.474443497344767, 48.739124506071242 ], [ 2.474721370926759, 48.738943143928509 ], [ 2.475046180236134, 48.738691831646911 ], [ 2.475441211013041, 48.738353581871564 ], [ 2.475667749077986, 48.738137813338717 ], [ 2.4768098137473, 48.736799067963794 ], [ 2.476852433807497, 48.736752484094417 ], [ 2.47825122002139, 48.737340540551848 ], [ 2.47854935789374, 48.737442579944947 ], [ 2.48023931318555, 48.738154207150565 ], [ 2.480435817010447, 48.738221620678324 ], [ 2.480518941697154, 48.738203993741308 ], [ 2.480656653716365, 48.738166816680227 ], [ 2.480725867614436, 48.738180609280697 ], [ 2.480392361113415, 48.736985608211249 ], [ 2.477822286038636, 48.735904065152866 ], [ 2.477713833326334, 48.735871210991263 ], [ 2.477774442718383, 48.735793225197021 ], [ 2.479221189636614, 48.7352517887633 ], [ 2.479905528550922, 48.734939969485033 ], [ 2.480192941296551, 48.734752339634738 ], [ 2.480611971562043, 48.734455550491255 ], [ 2.480983167627862, 48.734182836657226 ], [ 2.481378340182093, 48.733822980351256 ], [ 2.481942322308192, 48.733304654897395 ], [ 2.482219929375736, 48.733007245964792 ], [ 2.482375510724001, 48.732811843199158 ], [ 2.482513758119639, 48.732444572300437 ], [ 2.483006169704485, 48.731461820424911 ], [ 2.483522997315888, 48.730757997792651 ], [ 2.484630984053483, 48.729253526079383 ], [ 2.4844777916712, 48.729208791913749 ], [ 2.483756546971153, 48.729000602012398 ], [ 2.48282905253954, 48.728751938769143 ], [ 2.481955983172611, 48.728499906695724 ], [ 2.481256814111892, 48.728261216265771 ], [ 2.480057417664163, 48.72801404748585 ], [ 2.47726451633247, 48.727778786404926 ], [ 2.476619279110138, 48.727723791039978 ], [ 2.476374525292682, 48.727727214729299 ], [ 2.476259678625192, 48.727791470695529 ], [ 2.476171681240689, 48.727754207370502 ], [ 2.476097017325503, 48.727743086345271 ], [ 2.475323664325318, 48.727719901475581 ], [ 2.474442948331992, 48.727692641111581 ], [ 2.473906166416028, 48.727668689635529 ], [ 2.472950670976002, 48.727641988054607 ], [ 2.472803891389862, 48.727636842591323 ], [ 2.472799588041187, 48.727524393198593 ], [ 2.472403813713127, 48.727538834330446 ], [ 2.472101852932411, 48.72755278967972 ], [ 2.471906004824077, 48.727560018275561 ], [ 2.471785092222118, 48.727551388233579 ], [ 2.471555593508702, 48.727525187926297 ], [ 2.471401121614257, 48.727474135071404 ], [ 2.471271157157116, 48.727419592808992 ], [ 2.471111411826822, 48.727352326230019 ], [ 2.470804175935549, 48.727216047863237 ], [ 2.470652470214109, 48.727160509065612 ], [ 2.470496704619481, 48.727103153172415 ], [ 2.470188988345517, 48.727014541565765 ], [ 2.470007302472306, 48.726966064395675 ], [ 2.46978078177079, 48.726914689444563 ], [ 2.469540675949433, 48.726862354237092 ], [ 2.469445686619868, 48.726844842585351 ], [ 2.468567830155418, 48.726671841545766 ], [ 2.468345244080838, 48.726634872471152 ], [ 2.468035368784609, 48.726625396720721 ], [ 2.467940224663991, 48.726623173724434 ], [ 2.467831366808885, 48.726632582280196 ], [ 2.467749634046034, 48.726648407814139 ], [ 2.467670583502373, 48.726667843032047 ], [ 2.467637892194744, 48.726673993327502 ], [ 2.467671252378487, 48.728203196205072 ], [ 2.466758361877144, 48.729595955414268 ], [ 2.466686462327192, 48.729580343662711 ], [ 2.466588694827583, 48.729568214034636 ], [ 2.465882377877553, 48.729502094473723 ], [ 2.465829401879073, 48.729497360188233 ], [ 2.465777886607333, 48.729482738553578 ], [ 2.465745515268939, 48.729457409281508 ], [ 2.465726840513149, 48.729422247445648 ], [ 2.465713502731436, 48.729397003360312 ], [ 2.465674013856696, 48.729270005228827 ], [ 2.465636867011424, 48.729179894693246 ], [ 2.465616878903386, 48.729140229739031 ], [ 2.465584931118595, 48.729073527957958 ], [ 2.465546148981563, 48.72901039333172 ], [ 2.465462741949659, 48.728923673338322 ], [ 2.465302514566826, 48.72877094984397 ], [ 2.465093520566854, 48.728600918153056 ], [ 2.464976339003896, 48.728493359225695 ], [ 2.464931000008143, 48.728406809452103 ], [ 2.464911325968488, 48.728336564692796 ], [ 2.464904053367014, 48.728250185547985 ], [ 2.464878890202944, 48.728052195220236 ], [ 2.464888698185114, 48.727227449379704 ], [ 2.464898988416095, 48.727151942220402 ], [ 2.46467234289854, 48.727113149220699 ], [ 2.4639788228677, 48.72699580717449 ], [ 2.463330076047854, 48.726887656848803 ], [ 2.463034699914306, 48.726525651069494 ], [ 2.462994480082625, 48.726470603987437 ], [ 2.462942126929457, 48.726405608399553 ], [ 2.462891179598327, 48.726336121887051 ], [ 2.462860402258803, 48.726288312801628 ], [ 2.462828108301124, 48.726255787442852 ], [ 2.46208778978382, 48.726195788091438 ], [ 2.461582490955459, 48.726153034610888 ], [ 2.461521389853649, 48.726145563392905 ], [ 2.461236220690565, 48.726113695305571 ], [ 2.460805925081385, 48.726048790950585 ], [ 2.460695995526104, 48.726030305360695 ], [ 2.460580600401176, 48.72601449330223 ], [ 2.460299650242235, 48.725969150356882 ], [ 2.460226266734984, 48.725439944543602 ], [ 2.460216311303798, 48.725350854390506 ], [ 2.460196019511538, 48.725209549619557 ], [ 2.46007570008945, 48.72461806926264 ], [ 2.459915287729377, 48.723828528725832 ], [ 2.459582023267721, 48.723847707378397 ], [ 2.459127633120476, 48.723879827923469 ], [ 2.458594313805972, 48.723919683728397 ], [ 2.458233804467769, 48.723944131702545 ], [ 2.457832503664346, 48.723969292732733 ], [ 2.457704674029173, 48.723973209186902 ], [ 2.4564401670806, 48.723993540618174 ], [ 2.456283630883842, 48.724012615403659 ], [ 2.456185520452685, 48.72403465456582 ], [ 2.456111907143399, 48.724054106948628 ], [ 2.454936261281573, 48.724417516706779 ], [ 2.454531165886754, 48.724545186263207 ], [ 2.45417383583868, 48.724655083966539 ], [ 2.453392013801095, 48.723497514905844 ], [ 2.452871854542721, 48.723578780023409 ], [ 2.452671582466324, 48.723620135757358 ], [ 2.452512185862769, 48.723652684200488 ], [ 2.452461775528671, 48.723663246306003 ], [ 2.451802869011107, 48.723104362661999 ], [ 2.45230925076829, 48.722910607928625 ], [ 2.452726921773217, 48.722749723848416 ], [ 2.453028423408057, 48.722647669517038 ], [ 2.453682448414397, 48.72250405518519 ], [ 2.453967220933505, 48.722441497627031 ], [ 2.454245139641494, 48.722384304737531 ], [ 2.454653639840354, 48.722319612947068 ], [ 2.454897320066586, 48.722286547187366 ], [ 2.455041617461003, 48.722267418326553 ], [ 2.455225410871535, 48.722241274003565 ], [ 2.455349317809875, 48.722222051689599 ], [ 2.45622966751027, 48.722144216392891 ], [ 2.456305133504199, 48.72207710158375 ], [ 2.456593791483853, 48.722032544434015 ], [ 2.456541173924241, 48.721732788404893 ], [ 2.45664598301442, 48.721719773914963 ], [ 2.456573916746356, 48.721590824581355 ], [ 2.456451361729926, 48.721610953774771 ], [ 2.456231003670579, 48.721232181290134 ], [ 2.455471761715966, 48.721430195994969 ], [ 2.454565875182222, 48.721611345637079 ], [ 2.454420096239203, 48.721251799023108 ], [ 2.454290904280661, 48.721256605022006 ], [ 2.454100797165273, 48.720846485999047 ], [ 2.454382700637823, 48.720797406026037 ], [ 2.454338698210526, 48.720715354906773 ], [ 2.454218474487726, 48.720512428904911 ], [ 2.454174190670047, 48.720457359916537 ], [ 2.454122462042038, 48.720464318907112 ], [ 2.45406528679534, 48.720472152408476 ], [ 2.453674546495344, 48.720529727931272 ], [ 2.452951692402766, 48.720628054354677 ], [ 2.452769234574307, 48.720656899665748 ], [ 2.452664332427626, 48.7206789048304 ], [ 2.452536199446626, 48.72071249618206 ], [ 2.45248437609367, 48.720728448528092 ], [ 2.45243410996971, 48.720725519547997 ], [ 2.452385193732289, 48.720723496190999 ], [ 2.452347123679251, 48.720724220938841 ], [ 2.45228585109951, 48.720733833685109 ], [ 2.452200026070531, 48.72075142874759 ], [ 2.452096529964152, 48.720768942617823 ], [ 2.452497374282923, 48.721304155982551 ], [ 2.451535217827337, 48.721794435072155 ], [ 2.451380358126919, 48.7216543086274 ], [ 2.451231463493877, 48.721722881641085 ], [ 2.45060528186575, 48.721287365370188 ], [ 2.450562717231122, 48.721327644643203 ], [ 2.450505086445065, 48.721378647924006 ], [ 2.450071374288946, 48.721772407879165 ], [ 2.450009607714154, 48.721828788543299 ], [ 2.449924523927089, 48.721904849582501 ], [ 2.449311021892489, 48.722459678605027 ], [ 2.448461663722946, 48.723205896462652 ], [ 2.448078481687203, 48.723060213239165 ], [ 2.448149244043672, 48.722924723742096 ], [ 2.448166496936281, 48.7228357581062 ], [ 2.448177893461388, 48.722657719955073 ], [ 2.448175240380371, 48.722522790360486 ], [ 2.448189431504066, 48.722337569490577 ], [ 2.448278329498944, 48.722158090684971 ], [ 2.448337484112128, 48.722091804907002 ], [ 2.44846231423527, 48.721985347420606 ], [ 2.448471991028385, 48.721970101504049 ], [ 2.448492751408665, 48.721935118922758 ], [ 2.44850704736368, 48.721868625735972 ], [ 2.448507645491021, 48.721811963187861 ], [ 2.448449439379472, 48.721659687228836 ], [ 2.448358695205374, 48.721499165770979 ], [ 2.447941066247262, 48.720755188314598 ], [ 2.447883090929221, 48.720452704768853 ], [ 2.447852815477878, 48.720230400393874 ], [ 2.447833918403186, 48.720089099191213 ], [ 2.448025510433991, 48.719710417240293 ], [ 2.448133185867684, 48.719297167671087 ], [ 2.448267893922294, 48.719027055665272 ], [ 2.448430185988647, 48.718847915577861 ], [ 2.448485295237793, 48.718649391442348 ], [ 2.448483866277581, 48.718398437741762 ], [ 2.448247145208016, 48.718031266398292 ], [ 2.448085261650334, 48.717785866712134 ], [ 2.448274383616026, 48.717640130498495 ], [ 2.448588648015771, 48.717485977782928 ], [ 2.449372902849573, 48.717233255140762 ], [ 2.449529407584403, 48.717086466929082 ], [ 2.449503218310936, 48.716991903545967 ], [ 2.449457929857903, 48.716774926400248 ], [ 2.449465872559256, 48.716666129199616 ], [ 2.449593301601188, 48.716569576083202 ], [ 2.450165304935051, 48.716334757423013 ], [ 2.450569955521087, 48.715985834381947 ], [ 2.45064577922565, 48.715884545207352 ], [ 2.450589554185402, 48.715802436042836 ], [ 2.450539595562691, 48.71577072512099 ], [ 2.450378922332452, 48.715668346857946 ], [ 2.450247710287761, 48.715478857053093 ], [ 2.450202003650968, 48.715301453980302 ], [ 2.450283500289775, 48.715177704756805 ], [ 2.450815823937741, 48.714966085791737 ], [ 2.450836296383824, 48.714958084923524 ], [ 2.451148119837472, 48.714904652900728 ], [ 2.451119078150044, 48.714822668948244 ], [ 2.451055652937267, 48.714649681881177 ], [ 2.450966254891032, 48.714361445017602 ], [ 2.450507956244412, 48.714514041626849 ], [ 2.449252576758874, 48.714721424676917 ], [ 2.448805788356531, 48.714812904941098 ], [ 2.448362431502256, 48.71509418433471 ], [ 2.447486690175373, 48.715774617349602 ], [ 2.44634202296223, 48.71681807487731 ], [ 2.445149274811684, 48.718160814874317 ], [ 2.444494474739116, 48.719019443700148 ], [ 2.444141020596807, 48.719533183655557 ], [ 2.443441671205241, 48.72074238414303 ], [ 2.443185375572408, 48.720683623724675 ], [ 2.443105397022559, 48.720662563158903 ], [ 2.443068791653245, 48.720653397824101 ], [ 2.442996901902863, 48.720638671089269 ], [ 2.442953538404865, 48.720625876371997 ], [ 2.442744964249108, 48.720936112531021 ], [ 2.442520075770768, 48.721246272044525 ], [ 2.442468907502521, 48.721327882982905 ], [ 2.442434156554908, 48.721399676646946 ], [ 2.442410212929403, 48.721477816943917 ], [ 2.442398685573484, 48.721538925693586 ], [ 2.442391207381561, 48.721602751708971 ], [ 2.442395809565608, 48.721681025366031 ], [ 2.442441431739823, 48.721737004422657 ], [ 2.442599568460862, 48.721950013307776 ], [ 2.442717568926825, 48.722102571395865 ], [ 2.44278598410882, 48.722188338567989 ], [ 2.442839753631181, 48.722245254934037 ], [ 2.442968668627291, 48.722394265886663 ], [ 2.443067028712745, 48.722476574840734 ], [ 2.443128916614888, 48.722537126742701 ], [ 2.44317057728858, 48.722582293596126 ], [ 2.443228329854654, 48.72264822284022 ], [ 2.443273972934164, 48.722702402723236 ], [ 2.443423405295072, 48.722839815988685 ], [ 2.443573862389643, 48.724412753410199 ], [ 2.443457356157271, 48.724374433357433 ], [ 2.443281237728728, 48.72431694672138 ], [ 2.443171461817134, 48.724284953915102 ], [ 2.443017008072931, 48.724235662992498 ], [ 2.442931605743197, 48.724212778190662 ], [ 2.442724385425138, 48.724139854923784 ], [ 2.442568640314383, 48.724084261243817 ], [ 2.442396650018759, 48.724022295319401 ], [ 2.442165029395028, 48.723942960918613 ], [ 2.441930642659401, 48.723868110366809 ], [ 2.441773794011379, 48.72391594703187 ], [ 2.440698212060902, 48.724193337997605 ], [ 2.439719305367454, 48.725342738004002 ], [ 2.439178303814965, 48.725208877705668 ], [ 2.438084345157358, 48.724915908837858 ], [ 2.437148664564889, 48.724696531673274 ], [ 2.436009498789217, 48.724437509382206 ], [ 2.435010495891463, 48.724292470259272 ], [ 2.430763475281378, 48.723672356401345 ], [ 2.430310147818555, 48.723605432935898 ], [ 2.428472371025811, 48.723338504042445 ], [ 2.427797984110738, 48.723223740740849 ], [ 2.426319539960708, 48.72291892499387 ], [ 2.425403183263502, 48.722680659388701 ], [ 2.424383940572807, 48.722404113515822 ], [ 2.423316338280497, 48.722076056422857 ], [ 2.422203238370832, 48.721683908282081 ], [ 2.420882036335136, 48.721181006703205 ], [ 2.419929481690223, 48.72077972187995 ], [ 2.418581222485426, 48.72002481581692 ], [ 2.416879052848644, 48.719072983461359 ], [ 2.416822325302485, 48.719040325899371 ], [ 2.416748017822499, 48.718999487298973 ], [ 2.414716115754515, 48.717880511089177 ], [ 2.414441875505437, 48.717728956658696 ], [ 2.412732433310623, 48.716832793145777 ], [ 2.411077447301591, 48.7159341745744 ], [ 2.410705752727826, 48.715747950808904 ], [ 2.409344212706515, 48.715108900311733 ], [ 2.408717075385791, 48.714795481301884 ], [ 2.407338097059581, 48.71402050246094 ], [ 2.406417056611733, 48.713378207595497 ], [ 2.40622733311992, 48.713209064696422 ], [ 2.405864628506492, 48.712833083956632 ], [ 2.405423914586479, 48.712146399453779 ], [ 2.405144200690749, 48.711644905139543 ], [ 2.404584789005214, 48.710641913899131 ], [ 2.403977813209698, 48.709402122813607 ], [ 2.403501060914961, 48.708186364388887 ], [ 2.403025679471873, 48.706971509010735 ], [ 2.402548971499169, 48.705755744259925 ], [ 2.40219211586524, 48.704756448828775 ], [ 2.402144358592306, 48.704654569800894 ], [ 2.402119146866295, 48.704601374928878 ], [ 2.402083383128862, 48.704520243699839 ], [ 2.402056833231369, 48.704465243167839 ], [ 2.401767773447447, 48.703836865581714 ], [ 2.401349878531557, 48.70306752350843 ], [ 2.400807757610189, 48.702230095368144 ], [ 2.400469165545903, 48.701775961455965 ], [ 2.400012316495166, 48.701206999052538 ], [ 2.399509914344584, 48.700700768154029 ], [ 2.398884273808918, 48.700041003975215 ], [ 2.398248350876163, 48.699449543976399 ], [ 2.397794441201915, 48.69898312627577 ], [ 2.396317848877669, 48.697768571484367 ], [ 2.394841335585089, 48.696553097740704 ], [ 2.39336488051978, 48.695338503886759 ], [ 2.392073807584726, 48.694194994255483 ], [ 2.391172697394852, 48.693287324299263 ], [ 2.39059161177421, 48.692668215361351 ], [ 2.389929693914945, 48.691875090652296 ], [ 2.389568619883148, 48.691382128439528 ], [ 2.389066345045031, 48.690649180473081 ], [ 2.388686235250945, 48.69004278315402 ], [ 2.388606073099202, 48.690043271715439 ], [ 2.387985499324766, 48.689089339232623 ], [ 2.387965480173964, 48.689058654191648 ], [ 2.387407659861656, 48.688200384737684 ], [ 2.387033739876407, 48.687416814763608 ], [ 2.386657243651464, 48.686506402879338 ], [ 2.386158307195711, 48.684918048395652 ], [ 2.385949862699405, 48.684159610362236 ], [ 2.385915562415182, 48.683725882592199 ], [ 2.385940065934372, 48.68314314308752 ], [ 2.386001422766841, 48.68254530181698 ], [ 2.386210466874731, 48.681516467537108 ], [ 2.386392362655623, 48.680716861317741 ], [ 2.38655835660467, 48.680230193832578 ], [ 2.386949169014455, 48.679336314940542 ], [ 2.387261039194454, 48.678918756930223 ], [ 2.38781159016683, 48.678416972339008 ], [ 2.38828889454919, 48.678021848367436 ], [ 2.388605635187184, 48.677883152792582 ], [ 2.389875307775713, 48.677327476382132 ], [ 2.391097019868659, 48.676805721980159 ], [ 2.392380409897845, 48.676116964335741 ], [ 2.393838207855225, 48.675259975439054 ], [ 2.39482493735272, 48.674614656837939 ], [ 2.396189070458973, 48.673746369170473 ], [ 2.395474518080809, 48.673290304334579 ], [ 2.395342404987888, 48.673205082226531 ], [ 2.394846310899649, 48.672885044797191 ], [ 2.394807218681738, 48.67285966060841 ], [ 2.394390662292857, 48.67259129589938 ], [ 2.394254509844276, 48.672503353524057 ], [ 2.394149374070617, 48.672434457932617 ], [ 2.394103533986369, 48.672405441242113 ], [ 2.39400916915106, 48.672344695684146 ], [ 2.393825841021725, 48.672225930271146 ], [ 2.393751691009098, 48.672178779655809 ], [ 2.393724728349222, 48.672161552198446 ], [ 2.393536011088425, 48.672039160941061 ], [ 2.393394471114276, 48.671947592153515 ], [ 2.393316289527282, 48.671896822770428 ], [ 2.393252931635774, 48.671856023190834 ], [ 2.393050730258065, 48.671725467065905 ], [ 2.391725634178838, 48.670872290916584 ], [ 2.391431787113621, 48.670681897712321 ], [ 2.390276632652661, 48.669933913134251 ], [ 2.389512380063454, 48.669439777606726 ], [ 2.388812840211372, 48.668987345450866 ], [ 2.388640315156573, 48.66887582295233 ], [ 2.388204958206734, 48.66859474605824 ], [ 2.387768258527454, 48.668312761092686 ], [ 2.387599980238242, 48.668186866884454 ], [ 2.387548726308601, 48.668156920225236 ], [ 2.386132031939668, 48.667255534482443 ], [ 2.385757342795797, 48.667014338372567 ], [ 2.385657618597284, 48.666949060730857 ], [ 2.385359731402033, 48.666759530381093 ], [ 2.385188547234147, 48.666650708006884 ], [ 2.385060509623846, 48.666568193367183 ], [ 2.384974239129943, 48.666513778485594 ], [ 2.384203307812366, 48.666018673031751 ], [ 2.383621061197936, 48.665645970306521 ], [ 2.383561760239957, 48.665607884755019 ], [ 2.383427002043098, 48.665519936520816 ], [ 2.383375318356609, 48.665526865165447 ], [ 2.383339355905416, 48.665467312270948 ], [ 2.383237006801195, 48.665394822925656 ], [ 2.383203336045186, 48.665371261760797 ], [ 2.383070011182767, 48.665277024029031 ], [ 2.382911121000442, 48.665162864835708 ], [ 2.382779208118808, 48.665064136574721 ], [ 2.382654031904826, 48.664969940537667 ], [ 2.382593459505979, 48.664924651903277 ], [ 2.382575956113608, 48.664911968266594 ], [ 2.38259518895673, 48.664893178416001 ], [ 2.381701357718279, 48.664345248311314 ], [ 2.38141255772095, 48.664193533628982 ], [ 2.380991341778829, 48.663986261207988 ], [ 2.380864387672318, 48.663928033917109 ], [ 2.380571316565875, 48.663793385424121 ], [ 2.380353911716536, 48.663690612035445 ], [ 2.380197660444095, 48.663813031118444 ], [ 2.379670475774166, 48.663496363409116 ], [ 2.379498031004733, 48.663381229388946 ], [ 2.379403120644578, 48.663254805302458 ], [ 2.379400447721179, 48.663251193386365 ], [ 2.379392407609344, 48.663242156526501 ], [ 2.379261392168186, 48.663068770319384 ], [ 2.37922261374516, 48.663018196364057 ], [ 2.379091610104804, 48.662843910493073 ], [ 2.378758711079684, 48.662405018710572 ], [ 2.37874534690598, 48.662386959044277 ], [ 2.378630372653786, 48.662235243621659 ], [ 2.378304184685978, 48.661803581299047 ], [ 2.378288126670117, 48.66178370851803 ], [ 2.378232009243217, 48.66170695820125 ], [ 2.377975329372935, 48.661368305973795 ], [ 2.377846974637001, 48.661200328785426 ], [ 2.377834947440554, 48.661184074977456 ], [ 2.377674532030518, 48.660971854630397 ], [ 2.37762908569339, 48.660911350716773 ], [ 2.377459328353821, 48.660685588712454 ], [ 2.377379095247394, 48.66058172688912 ], [ 2.377229170575977, 48.660401043196806 ], [ 2.377174178306696, 48.660344087207925 ], [ 2.376789356865025, 48.659821263754736 ], [ 2.376546186896149, 48.65948987447991 ], [ 2.37644398080977, 48.659293248139747 ], [ 2.376335669114956, 48.659153258438835 ], [ 2.376208650595844, 48.658987984620602 ], [ 2.37582756765741, 48.658494860559429 ], [ 2.375776759288414, 48.658428930687613 ], [ 2.375699194665319, 48.658329578997112 ], [ 2.375636360780512, 48.658247394991619 ], [ 2.375485262957245, 48.65805231047257 ], [ 2.375200483922737, 48.657682021149213 ], [ 2.37519113070467, 48.657669379053758 ], [ 2.374847500639498, 48.657225020814892 ], [ 2.374776652543833, 48.657132000169725 ], [ 2.37464426705358, 48.656962198672964 ], [ 2.374568064394711, 48.656862853247816 ], [ 2.373546608230346, 48.655539712673054 ], [ 2.373387520481625, 48.655332889388362 ], [ 2.373213726769172, 48.655107098869365 ], [ 2.373132163834763, 48.655002327112314 ], [ 2.372878157214354, 48.654672670791619 ], [ 2.372872813145888, 48.654665446614793 ], [ 2.372793934389443, 48.654563387225956 ], [ 2.372732434814749, 48.65448390692633 ], [ 2.372364788064154, 48.65400793095138 ], [ 2.372287247267442, 48.653907677222108 ], [ 2.37212950542681, 48.653702658028081 ], [ 2.372051954737268, 48.653603303571167 ], [ 2.371816675745035, 48.653298029926994 ], [ 2.371736465170374, 48.653194163663251 ], [ 2.371582735428204, 48.652994561801648 ], [ 2.371506544361973, 48.652895214089334 ], [ 2.37117901858315, 48.652471616800902 ], [ 2.371100146438486, 48.652369556103842 ], [ 2.370840908418281, 48.652025474826289 ], [ 2.37037989480497, 48.651414072161259 ], [ 2.370339797760735, 48.651361688745716 ], [ 2.370279121863268, 48.651327186769024 ], [ 2.370235082430102, 48.651263988363482 ], [ 2.369675355230518, 48.650621477455772 ], [ 2.368983097493374, 48.649825344938854 ], [ 2.368872045358056, 48.649690729693461 ], [ 2.368803857029217, 48.6496040154667 ], [ 2.368569690180853, 48.649322127384956 ], [ 2.368298277861303, 48.648977075511539 ], [ 2.368180529033537, 48.648835227913153 ], [ 2.367910120638671, 48.64851986421067 ], [ 2.367370388270923, 48.647912527748794 ], [ 2.367163221494001, 48.647644272456048 ], [ 2.366942700580222, 48.647357955526694 ], [ 2.366700638131298, 48.647057131411543 ], [ 2.366683253439927, 48.647035450697281 ], [ 2.366414438577961, 48.646702101227532 ], [ 2.366382340859637, 48.646662351957914 ], [ 2.366327516447909, 48.646593697386109 ], [ 2.366284712415125, 48.646541297958905 ], [ 2.366221852999518, 48.646463605460305 ], [ 2.366208486329626, 48.646446443603693 ], [ 2.366078783228216, 48.646283841164639 ], [ 2.365928982147395, 48.646099543275952 ], [ 2.365890790807439, 48.64611463178435 ], [ 2.365873047037628, 48.646122632985417 ], [ 2.365645234021239, 48.646214969878315 ], [ 2.365561966021409, 48.646253205666703 ], [ 2.365515553938945, 48.64627454688214 ], [ 2.365501903960853, 48.646280770797539 ], [ 2.365261665997203, 48.646390131556103 ], [ 2.364452203271351, 48.646760014729971 ], [ 2.364435816438096, 48.64676802295233 ], [ 2.363810627957103, 48.647053430640071 ], [ 2.363803808233765, 48.64705609277069 ], [ 2.363704161438136, 48.647101435909853 ], [ 2.363698688148724, 48.647105004737661 ], [ 2.363487111886639, 48.64720102222666 ], [ 2.363429784305558, 48.647226801882461 ], [ 2.363424300041165, 48.647231270152275 ], [ 2.36335303735198, 48.647286659270634 ], [ 2.363343448074648, 48.647293804144809 ], [ 2.362826827259086, 48.647692225766427 ], [ 2.362739121132162, 48.647760119761337 ], [ 2.362310450712787, 48.648069957567643 ], [ 2.36237499250265, 48.648120675661637 ], [ 2.362485258989456, 48.648206719350199 ], [ 2.362513490675554, 48.648229358204013 ], [ 2.362591486467925, 48.64829004278576 ], [ 2.362662728229615, 48.648347992651246 ], [ 2.362723198451534, 48.648398688764779 ], [ 2.362797177253367, 48.648454854155169 ], [ 2.362830762211069, 48.648483818141024 ], [ 2.362868058018782, 48.648542485871218 ], [ 2.362893356156864, 48.648583099192315 ], [ 2.362949699845156, 48.648638270678276 ], [ 2.363012754124269, 48.648699774592394 ], [ 2.363035556601033, 48.648722384289023 ], [ 2.363087861155021, 48.64877483557445 ], [ 2.36312006715358, 48.648805591123434 ], [ 2.36315625789184, 48.648843564056349 ], [ 2.36320316580816, 48.648893287907022 ], [ 2.363254178947921, 48.648940335135883 ], [ 2.363305181233851, 48.648988281794757 ], [ 2.363336030057896, 48.649019030027205 ], [ 2.363361503903504, 48.649045251974634 ], [ 2.363404427439923, 48.649087758352636 ], [ 2.363464800749767, 48.64914654914066 ], [ 2.363549279845786, 48.649232454001762 ], [ 2.362732790667264, 48.649282960676445 ], [ 2.361928440101745, 48.649339823343688 ], [ 2.360981215707497, 48.649423799401148 ], [ 2.360705379862027, 48.649444807741823 ], [ 2.359619747121926, 48.649523532830443 ], [ 2.358418408166103, 48.649627711000512 ], [ 2.358321930023616, 48.649635287143596 ], [ 2.358781349298148, 48.650031746319662 ], [ 2.359454399785123, 48.650610153821617 ], [ 2.359766152901194, 48.650871787840842 ], [ 2.360579877039853, 48.651494120639029 ], [ 2.360894608774648, 48.65173507869919 ], [ 2.361011580089827, 48.651828355502694 ], [ 2.361097891251059, 48.652097771790359 ], [ 2.361152863926781, 48.652265375345863 ], [ 2.361218279807714, 48.652467216198076 ], [ 2.361320323440775, 48.652782591480246 ], [ 2.361358253481794, 48.652900630485746 ], [ 2.361381821718322, 48.652971818022593 ], [ 2.361398821913948, 48.653024980169612 ], [ 2.361427622801588, 48.653112386894776 ], [ 2.361457693501617, 48.653206996483014 ], [ 2.361501003117487, 48.653218022637716 ], [ 2.361575426470152, 48.653238210548238 ], [ 2.361823066841573, 48.653304301554954 ], [ 2.362471270124076, 48.653476878546293 ], [ 2.362728382744141, 48.653545716843944 ], [ 2.362957075051671, 48.653607206595844 ], [ 2.363289993065367, 48.653694439023418 ], [ 2.363598760638407, 48.653758154326589 ], [ 2.363849561318295, 48.654011355691054 ], [ 2.363961211146815, 48.654096505386995 ], [ 2.364037881666538, 48.654155382579702 ], [ 2.364142809856381, 48.654235099174734 ], [ 2.364197269827324, 48.654445874610381 ], [ 2.364220744244216, 48.654525156540224 ], [ 2.364244546650093, 48.654577454973563 ], [ 2.364298972297193, 48.654679389677455 ], [ 2.364344146438466, 48.654760586325658 ], [ 2.364366733561687, 48.654801184641265 ], [ 2.364403948172252, 48.654867047175934 ], [ 2.364521001076966, 48.65506646254223 ], [ 2.364640901152888, 48.655255098846126 ], [ 2.364698207318104, 48.655343556049488 ], [ 2.364743502796589, 48.655414858562487 ], [ 2.364832769282505, 48.655554757942234 ], [ 2.36490606162499, 48.655668486411891 ], [ 2.364996664752607, 48.655810191770975 ], [ 2.365123258081233, 48.656006958675952 ], [ 2.365171215372721, 48.656082772693225 ], [ 2.365208519222536, 48.656141439318269 ], [ 2.365223169262024, 48.656164904518043 ], [ 2.365277805817863, 48.656249749120164 ], [ 2.36536973584949, 48.656394159701748 ], [ 2.36544434452213, 48.656511492782442 ], [ 2.365510960470457, 48.656616190166133 ], [ 2.365553608343889, 48.6566820811517 ], [ 2.365637546776832, 48.65681385584007 ], [ 2.365665522712904, 48.656858080535834 ], [ 2.365764123134847, 48.657012420794715 ], [ 2.365866720752148, 48.657173078756848 ], [ 2.365918447866493, 48.657274098605164 ], [ 2.365790103810839, 48.657445221305267 ], [ 2.365745960983134, 48.657502554760178 ], [ 2.365704566088177, 48.65755720430424 ], [ 2.365667276797812, 48.657609177166471 ], [ 2.365610707524895, 48.657683535031076 ], [ 2.365363939223544, 48.657879212982635 ], [ 2.365032159991065, 48.658031261288208 ], [ 2.364862848175635, 48.658109515617625 ], [ 2.364525569772351, 48.658266930225111 ], [ 2.364057230586222, 48.65848301197704 ], [ 2.363475685289196, 48.658740764076107 ], [ 2.363001392438486, 48.65888754798091 ], [ 2.362930463953507, 48.658914154029191 ], [ 2.362882725693163, 48.658931888951777 ], [ 2.361918318130849, 48.659297325804062 ], [ 2.361675495055239, 48.659390473582832 ], [ 2.361726220735361, 48.659461806085474 ], [ 2.361902387536433, 48.659712811540743 ], [ 2.362158373939789, 48.660099169440002 ], [ 2.362293025605613, 48.66030317779834 ], [ 2.362376435366409, 48.660478127741385 ], [ 2.362408209616005, 48.660544860978021 ], [ 2.362486856323939, 48.660776454038782 ], [ 2.362507407234372, 48.660872810810417 ], [ 2.362567375238189, 48.661077318754174 ], [ 2.362631318328647, 48.661289943412882 ], [ 2.362702324690324, 48.661480118191633 ], [ 2.362859110827507, 48.661762500714566 ], [ 2.361562040298179, 48.662122557444867 ], [ 2.361043003652175, 48.662260998149286 ], [ 2.360784168684109, 48.66232977156691 ], [ 2.360754198622542, 48.66233770636471 ], [ 2.360101588866963, 48.662516803657979 ], [ 2.359151963034801, 48.662777055092043 ], [ 2.358503426726899, 48.662955266026358 ], [ 2.359456902976625, 48.663600838820955 ], [ 2.359657565194662, 48.663736842160809 ], [ 2.361132387184119, 48.664726111196224 ], [ 2.36158244786376, 48.665011865056002 ], [ 2.36178850852973, 48.665151491501646 ], [ 2.36190285059894, 48.665240254635677 ], [ 2.362598438164939, 48.665771082940594 ], [ 2.361854402541361, 48.666206057948934 ], [ 2.360867248152988, 48.66664332298069 ], [ 2.360815406480886, 48.666662833999403 ], [ 2.359101893787984, 48.66730667018949 ], [ 2.358458302513404, 48.667519987536494 ], [ 2.356830126636755, 48.667735189361245 ], [ 2.356427352699321, 48.667800478007926 ], [ 2.356419371962461, 48.668117957892889 ], [ 2.356189790746923, 48.669447975128477 ], [ 2.356153645256459, 48.669736518550799 ], [ 2.356119588199195, 48.669965706372722 ], [ 2.35603322721664, 48.670030903187758 ], [ 2.355868807584095, 48.670148748524738 ], [ 2.355406844529093, 48.670497055366774 ], [ 2.35541289173033, 48.670557354338797 ], [ 2.355425706739942, 48.670619488892477 ], [ 2.355437119443512, 48.670685213845715 ], [ 2.355441442887956, 48.670775186870259 ], [ 2.355434375764562, 48.670797636072351 ], [ 2.355423068354514, 48.670833554793923 ], [ 2.355406073952312, 48.670890131181544 ], [ 2.355318125477974, 48.670863570227858 ], [ 2.355217833122294, 48.670846836908282 ], [ 2.354923025299976, 48.670855136550742 ], [ 2.354721841659169, 48.670870238727879 ], [ 2.354589749399629, 48.670899207073852 ], [ 2.354423240645113, 48.670965767759292 ], [ 2.353897900934225, 48.671275946559483 ], [ 2.353749188741733, 48.671330909289779 ], [ 2.353630786067743, 48.671350955815932 ], [ 2.353516624119246, 48.671357532777883 ], [ 2.353349610880176, 48.671354828011239 ], [ 2.353060621371935, 48.671331672252059 ], [ 2.352785579554816, 48.671278908132258 ], [ 2.352617954575168, 48.67121593276137 ], [ 2.352141251812947, 48.670997464042834 ], [ 2.351918095373878, 48.670922492422392 ], [ 2.351583806727548, 48.67082892605152 ], [ 2.351059656594085, 48.670713636970248 ], [ 2.350345792130748, 48.670564929997411 ], [ 2.350085784390453, 48.670505045526085 ], [ 2.349835562703368, 48.670422726420476 ], [ 2.349626058986764, 48.670342427914669 ], [ 2.349489652058737, 48.670281417356961 ], [ 2.349265659301744, 48.670165059241484 ], [ 2.348940188735167, 48.670018463119376 ], [ 2.348848451047574, 48.669969389212021 ], [ 2.34880662259462, 48.669947572793902 ], [ 2.347465818681366, 48.669325884157828 ], [ 2.345910371222598, 48.668604057552351 ], [ 2.34554713393278, 48.66843835516358 ], [ 2.34529708690758, 48.668343434265367 ], [ 2.344706352511431, 48.668126107665564 ], [ 2.344424907129819, 48.668044504791048 ], [ 2.34406076471433, 48.667951652245705 ], [ 2.343589415657472, 48.667852811308627 ], [ 2.342103353507312, 48.66766831730444 ], [ 2.34110789068313, 48.667563874353696 ], [ 2.340357702878801, 48.667501258052575 ], [ 2.340174441758516, 48.667495746339071 ], [ 2.33946901636911, 48.667544910238547 ], [ 2.339204121440831, 48.66755153768522 ], [ 2.338785691496768, 48.667564509040254 ], [ 2.338352381208622, 48.667572898835964 ], [ 2.338129888587226, 48.66755547272053 ], [ 2.33812532540746, 48.667594125907009 ], [ 2.338119244951478, 48.667645363674325 ], [ 2.338145663382209, 48.667703977881089 ], [ 2.338187064479983, 48.667759077256832 ], [ 2.338242170029632, 48.667804358188391 ], [ 2.338336518773855, 48.66786065091712 ], [ 2.33853078506693, 48.667962473037086 ], [ 2.338638577154688, 48.668029634110368 ], [ 2.338677490641392, 48.668066729493901 ], [ 2.338788747621848, 48.668289523139144 ], [ 2.338828882893225, 48.668337419238682 ], [ 2.339014629187106, 48.668468876752542 ], [ 2.339096883558926, 48.668515207280578 ], [ 2.339198194657531, 48.668558045385218 ], [ 2.338893515014147, 48.668810914517827 ], [ 2.338847315686681, 48.668920397240363 ], [ 2.338810071205226, 48.668966065147146 ], [ 2.338781224526307, 48.668991990633693 ], [ 2.338747071114987, 48.669007992184504 ], [ 2.338631361102493, 48.669029837790127 ], [ 2.338502219384828, 48.669039915261848 ], [ 2.338443611376596, 48.669056680527241 ], [ 2.338421417687763, 48.669093436837755 ], [ 2.338411456914406, 48.669129361532534 ], [ 2.338433825316504, 48.669186154121626 ], [ 2.338466579574605, 48.669280783303165 ], [ 2.338464504866703, 48.669337440237946 ], [ 2.338450379183037, 48.66938053780985 ], [ 2.338318664787097, 48.669593887592193 ], [ 2.338295226617435, 48.669621641967602 ], [ 2.338243282527392, 48.669648338606756 ], [ 2.338110535387868, 48.669728556559264 ], [ 2.338099557813366, 48.669737490599232 ], [ 2.338059812456696, 48.669766053883521 ], [ 2.338036385457001, 48.669792908768407 ], [ 2.338019702743796, 48.669823399093588 ], [ 2.337974255229481, 48.669980559006767 ], [ 2.337946105158384, 48.67005865906583 ], [ 2.337899227982193, 48.670114167643234 ], [ 2.337852703726097, 48.67014179370414 ], [ 2.337578943517638, 48.670311177598201 ], [ 2.33741763041717, 48.670394834014054 ], [ 2.33729751230246, 48.670442739274726 ], [ 2.337281136687086, 48.670448944733458 ], [ 2.337188280664025, 48.670488905943266 ], [ 2.337122424658278, 48.670541610188039 ], [ 2.336908868750732, 48.670782387607609 ], [ 2.336863028484086, 48.670863087469151 ], [ 2.336851331936804, 48.670928685770363 ], [ 2.33685778058239, 48.671062746849628 ], [ 2.33686025708165, 48.671081650082684 ], [ 2.336876793452876, 48.671169892862373 ], [ 2.336864252070946, 48.671195009044467 ], [ 2.336823763564392, 48.671282035118409 ], [ 2.336787839424121, 48.671330408159889 ], [ 2.336525732533774, 48.67154392973265 ], [ 2.336462533503757, 48.671601145851831 ], [ 2.336339946561723, 48.671736287642652 ], [ 2.335992038476153, 48.672182300136853 ], [ 2.335903456926783, 48.672313133331699 ], [ 2.335905464851023, 48.67236891333777 ], [ 2.335905772091146, 48.672451668779175 ], [ 2.335998197658488, 48.672552927241306 ], [ 2.336002226100037, 48.672556547665359 ], [ 2.336030436626074, 48.672580991196369 ], [ 2.336034465072016, 48.672584611619229 ], [ 2.336121767234421, 48.672661555023531 ], [ 2.336087005424852, 48.672725225724726 ], [ 2.336081447638215, 48.672735089239723 ], [ 2.336014788294833, 48.672850753093478 ], [ 2.3359406531265, 48.673020345058042 ], [ 2.335842756551711, 48.673242874880408 ], [ 2.335731973919929, 48.673517503573073 ], [ 2.335648363005898, 48.673791384021271 ], [ 2.335397415072185, 48.674407939042844 ], [ 2.335472439376762, 48.674489311829106 ], [ 2.335588888772337, 48.674731025598568 ], [ 2.335661138861358, 48.674923920187879 ], [ 2.335800380913302, 48.675189147520399 ], [ 2.33584591691414, 48.675239772902906 ], [ 2.336030835131526, 48.675437792208072 ], [ 2.336135786161549, 48.675515733168453 ], [ 2.336246101483622, 48.675599100860772 ], [ 2.336525189579332, 48.67576166375634 ], [ 2.337296018162225, 48.676240883642031 ], [ 2.337376879509539, 48.676290805227332 ], [ 2.337452342642352, 48.676337998276018 ], [ 2.33723576329828, 48.676601245771749 ], [ 2.337215071906711, 48.676626316578748 ], [ 2.337132727999037, 48.676693320844393 ], [ 2.336968575556766, 48.676785055973731 ], [ 2.336750370213646, 48.676854902359032 ], [ 2.3366454501781, 48.676881303482908 ], [ 2.336525065391526, 48.676948995165255 ], [ 2.336455240245549, 48.67699268178162 ], [ 2.336371513800245, 48.677061476802443 ], [ 2.336237968613332, 48.677202853400509 ], [ 2.33600294864357, 48.677313082002101 ], [ 2.336020456308279, 48.677324872912841 ], [ 2.336106659422834, 48.67738202100454 ], [ 2.336086092797589, 48.677397197872637 ], [ 2.336009019007637, 48.677476823583469 ], [ 2.335962213078155, 48.677526035045226 ], [ 2.335412290028983, 48.678153515717504 ], [ 2.335221123757381, 48.678339544528932 ], [ 2.334861127999524, 48.678557013071142 ], [ 2.334468715564977, 48.67875990769199 ], [ 2.334139384635042, 48.678915480199286 ], [ 2.333808693535898, 48.679071044188085 ], [ 2.333590050301677, 48.679174163495695 ], [ 2.333328911648382, 48.679307627539785 ], [ 2.333271499598614, 48.679336090274624 ], [ 2.33292289395237, 48.679511340432285 ], [ 2.332134320735815, 48.679995350228175 ], [ 2.331885306456448, 48.68013607490326 ], [ 2.331630650929199, 48.680292958275594 ], [ 2.331584102807025, 48.680321481080142 ], [ 2.331782260492941, 48.680546565068362 ], [ 2.332012535367807, 48.680809607225065 ], [ 2.331964651721475, 48.680836323703417 ], [ 2.331891940165442, 48.680892584257883 ], [ 2.331479886324009, 48.681248272196314 ], [ 2.331361856276962, 48.681342956433454 ], [ 2.331271393834832, 48.681406312981188 ], [ 2.331159636031679, 48.68143536936774 ], [ 2.331141345704259, 48.681484738760588 ], [ 2.331094140386155, 48.681564528630425 ], [ 2.331061116051013, 48.681597624523341 ], [ 2.330778882308893, 48.681891973256938 ], [ 2.330492754790261, 48.682171907562498 ], [ 2.330483120074518, 48.682181747859097 ], [ 2.330400413234861, 48.682275729924136 ], [ 2.3302774284566, 48.682438746448689 ], [ 2.330192590555011, 48.682592982208632 ], [ 2.330146270060898, 48.682603515893433 ], [ 2.329949005235469, 48.682626693833235 ], [ 2.329046271891518, 48.683744180827091 ], [ 2.32834248916196, 48.684599230754536 ], [ 2.327705527707314, 48.68532692547371 ], [ 2.327249661487779, 48.685915318137205 ], [ 2.326851289518171, 48.68646895336839 ], [ 2.326661852485909, 48.686726936221859 ], [ 2.32686183139085, 48.686810817982078 ], [ 2.327083441337246, 48.686902916837838 ], [ 2.327337191120294, 48.687031176031496 ], [ 2.327705679089993, 48.687216749202086 ] ] ] ] } },
{ "type": "Feature", "properties": { "id_projet": "ecs-2025-33", "lib_ept": "Grand Paris Seine Ouest", "territoire": "T03", "dispositif": "BTP match", "thematique": "BTP Construction et aménagement circulaire", "nom_projet": "Convention d'engagements réciproques BTP Match", "nom_projet_carto": "BTP Match", "description": "Convention d'engagement réciproques pour la mise à disposition et l'utilisation de l'outil BTP Match", "annee": "2025", "deliberation": null, "nom_beneficaire": "EPT Grand Paris Seine Ouest", "cat_beneficiaire": "EPT", "type_aide": "Accompagnement", "representation_carto": "Zone (surface)", "intermediaire": "Non", "financement_fim": "Non", "trophee_ECS": null, "competence": "Développement et d’aménagement économique, social et culturel" }, "geometry": { "type": "MultiPolygon", "coordinates": [ [ [ [ 2.251941579202737, 48.81627749428057 ], [ 2.252066775485944, 48.815999465438047 ], [ 2.252159865482508, 48.815965870761381 ], [ 2.252227223750812, 48.815922221750036 ], [ 2.252567050897787, 48.815587073851027 ], [ 2.252633214143439, 48.815531725006238 ], [ 2.25282415981347, 48.81541689657152 ], [ 2.253395089251855, 48.81511017205527 ], [ 2.25344049018059, 48.815078077353441 ], [ 2.253489078003567, 48.815013624329424 ], [ 2.254341318232303, 48.814271545454304 ], [ 2.253644919145499, 48.814116101786396 ], [ 2.25408197805463, 48.81345597491589 ], [ 2.254227517194986, 48.81318256712597 ], [ 2.254358294896802, 48.81289377730549 ], [ 2.254447475190102, 48.812656892867878 ], [ 2.254500787346633, 48.812547498958665 ], [ 2.254564119466155, 48.812403990425949 ], [ 2.254633752132326, 48.811533808435037 ], [ 2.254651146678484, 48.811364830199544 ], [ 2.254696842079416, 48.810930706094133 ], [ 2.254717177270665, 48.810841792494152 ], [ 2.254756472354088, 48.81076019225813 ], [ 2.25484434936382, 48.810614138177137 ], [ 2.254876823123251, 48.810533394767944 ], [ 2.255000924005436, 48.810139332424242 ], [ 2.254618235188414, 48.810047007166339 ], [ 2.254371129694457, 48.809995999310303 ], [ 2.25408593832114, 48.809942055115549 ], [ 2.253983895110914, 48.809936021991938 ], [ 2.253127053500041, 48.809767880844554 ], [ 2.253029366041263, 48.80974298674046 ], [ 2.252895237574974, 48.809695379856073 ], [ 2.252777358326156, 48.809654170174909 ], [ 2.252659543699711, 48.80960846378418 ], [ 2.252547910340833, 48.809511530178689 ], [ 2.25238802073067, 48.809361230139949 ], [ 2.252253641139311, 48.809236272604856 ], [ 2.251741831371955, 48.808748293888932 ], [ 2.25161391432537, 48.80864765979247 ], [ 2.251437174928423, 48.808533228845619 ], [ 2.250592263879494, 48.808010780120412 ], [ 2.250544958407218, 48.807986199747148 ], [ 2.250462446471539, 48.807947907608984 ], [ 2.250412521417823, 48.80791611555231 ], [ 2.250361389991002, 48.807873523101961 ], [ 2.250342729010101, 48.807845524663094 ], [ 2.25033768354157, 48.80781761160447 ], [ 2.250112015503474, 48.807791912403665 ], [ 2.249866027949961, 48.807758890066467 ], [ 2.248737406083513, 48.807555733259392 ], [ 2.248542004863472, 48.807508635658415 ], [ 2.248277191401094, 48.807459302466185 ], [ 2.248343452577278, 48.807396761039371 ], [ 2.248575928242448, 48.806477235431963 ], [ 2.249278952135203, 48.806069726434387 ], [ 2.249558240332135, 48.805585802839488 ], [ 2.249211152994381, 48.805671764822733 ], [ 2.24905885040944, 48.805185130726549 ], [ 2.248899197763827, 48.804641787619765 ], [ 2.248648644440564, 48.804265161769536 ], [ 2.248579079561212, 48.804179281144513 ], [ 2.248420708772384, 48.804019990425537 ], [ 2.248251771888092, 48.803932585334955 ], [ 2.246944706134881, 48.8044954795348 ], [ 2.246559394213443, 48.804682825670007 ], [ 2.246345718908965, 48.804770519623219 ], [ 2.246288173325157, 48.804795340092397 ], [ 2.246284049928265, 48.804798012303472 ], [ 2.246264017771103, 48.804770903888787 ], [ 2.24623454952915, 48.804643002772657 ], [ 2.245977629877681, 48.80442552553825 ], [ 2.245726258113735, 48.804295324886453 ], [ 2.245497693486012, 48.804471064974791 ], [ 2.245181629100598, 48.804671435420822 ], [ 2.245093610142292, 48.804732039035976 ], [ 2.244692054244996, 48.804536130613251 ], [ 2.243491462905424, 48.803950221540987 ], [ 2.243422563949248, 48.803912909891608 ], [ 2.243270599402099, 48.803782433702054 ], [ 2.24275545655455, 48.803252120153886 ], [ 2.242345580712238, 48.803442894954017 ], [ 2.241837522997248, 48.803081710327575 ], [ 2.241815962443437, 48.80306628368244 ], [ 2.241648466514725, 48.802974381209445 ], [ 2.24157320767212, 48.802906448310566 ], [ 2.241534602687794, 48.802845943188622 ], [ 2.241106234727684, 48.801968102341043 ], [ 2.241030834099278, 48.801910061595898 ], [ 2.24138741346572, 48.801825982207887 ], [ 2.241805932103644, 48.801601987263147 ], [ 2.241577823762981, 48.80090349985629 ], [ 2.241081225108227, 48.800786123103002 ], [ 2.240786947931311, 48.800799544192181 ], [ 2.240708643346453, 48.800754076427317 ], [ 2.240592129108606, 48.800714661702251 ], [ 2.240064707515171, 48.799629321997763 ], [ 2.239600400940298, 48.799632664887227 ], [ 2.238953990170549, 48.798493496827021 ], [ 2.238764587687424, 48.797758372457146 ], [ 2.237160795776446, 48.79645839219976 ], [ 2.236063835577843, 48.795600542272084 ], [ 2.234789457571507, 48.79542509900093 ], [ 2.236455431156925, 48.789029224664795 ], [ 2.236611986443899, 48.788934886675889 ], [ 2.236497639228047, 48.788842415592512 ], [ 2.236516767377814, 48.788744501329681 ], [ 2.236371943324446, 48.78878135147221 ], [ 2.235919064518844, 48.788382712908707 ], [ 2.235916421462871, 48.788377299502983 ], [ 2.235849963263196, 48.788268045003896 ], [ 2.235736111875427, 48.787677298730038 ], [ 2.235632118208822, 48.787342949369453 ], [ 2.235562092771954, 48.787198594456328 ], [ 2.235415808326388, 48.786963809686846 ], [ 2.234847092981066, 48.784534434191933 ], [ 2.234545333914997, 48.784507317682518 ], [ 2.232908856031505, 48.784076793292883 ], [ 2.231609792986053, 48.783656511279766 ], [ 2.231299468198759, 48.783564573048125 ], [ 2.231094699188985, 48.783513787299434 ], [ 2.230305858929464, 48.783291048234048 ], [ 2.230056566946688, 48.783213890618214 ], [ 2.229697666645813, 48.783093753035452 ], [ 2.229289464180147, 48.782902241958766 ], [ 2.229141001257268, 48.782817637919436 ], [ 2.228863062847524, 48.782653048918895 ], [ 2.228471902261378, 48.782413975494244 ], [ 2.228139732521262, 48.782235543177727 ], [ 2.22798564357651, 48.782163493212067 ], [ 2.2279125022457, 48.78213963559017 ], [ 2.226811652549705, 48.781666615386293 ], [ 2.226615567033261, 48.781581699881954 ], [ 2.226189634214347, 48.782128490071301 ], [ 2.226058964164137, 48.782312924984346 ], [ 2.22569560764853, 48.782769276716188 ], [ 2.22523359092308, 48.783361699772342 ], [ 2.224750267986936, 48.784013344438058 ], [ 2.224344723212584, 48.784559359996138 ], [ 2.224066316781752, 48.784975783519485 ], [ 2.223319655227995, 48.785943206967666 ], [ 2.223024310502216, 48.785942186311964 ], [ 2.221381575127052, 48.785934191602742 ], [ 2.219768942994357, 48.785460470525102 ], [ 2.219235511935468, 48.785361647487655 ], [ 2.211508821625951, 48.788138691842356 ], [ 2.209316824997998, 48.787723965611406 ], [ 2.209101200201282, 48.787671271652222 ], [ 2.208957941440305, 48.787603766213941 ], [ 2.207118284025953, 48.785234187657835 ], [ 2.207002296492579, 48.785343147597125 ], [ 2.206681957076848, 48.784927286433359 ], [ 2.206516468614452, 48.78471122532553 ], [ 2.206270138114367, 48.784888574593552 ], [ 2.208767636413303, 48.78785614303326 ], [ 2.210658120172558, 48.790116296245181 ], [ 2.210730475695631, 48.790192325352137 ], [ 2.211625072133448, 48.791255047242437 ], [ 2.211493467659807, 48.791316238809934 ], [ 2.210039606976152, 48.793656814437135 ], [ 2.209936904519872, 48.793876492508588 ], [ 2.207630684153982, 48.794693184064649 ], [ 2.207303430660661, 48.794817831534374 ], [ 2.20699276982021, 48.794925499306366 ], [ 2.206193194908166, 48.794956167799818 ], [ 2.206011935493398, 48.794969354382225 ], [ 2.205524702674655, 48.795139703668234 ], [ 2.205340725005116, 48.795241913314577 ], [ 2.205205243428823, 48.79537772356904 ], [ 2.205048639435253, 48.795470221222352 ], [ 2.204971451745905, 48.795532666860865 ], [ 2.204797370310912, 48.795610657267957 ], [ 2.20456666907408, 48.795741336100924 ], [ 2.204469391136815, 48.795782061727209 ], [ 2.204401484012426, 48.795860758236579 ], [ 2.204403825806701, 48.795974999553366 ], [ 2.204511809130501, 48.796125021236385 ], [ 2.20471024007914, 48.796593138096327 ], [ 2.20467131010535, 48.79682492798738 ], [ 2.204508906333172, 48.797118855057782 ], [ 2.20431274011721, 48.79730552680509 ], [ 2.203780807367405, 48.797548423750719 ], [ 2.203444590072591, 48.797723367982343 ], [ 2.203206465275429, 48.797893568761204 ], [ 2.202623728557707, 48.798431129435059 ], [ 2.198699507897484, 48.798467843755247 ], [ 2.19859340967461, 48.798461735913691 ], [ 2.198404521261526, 48.798616067822948 ], [ 2.197383985281255, 48.798049783459412 ], [ 2.196528535257057, 48.797550257148529 ], [ 2.195181625337335, 48.797492626463061 ], [ 2.194669843239584, 48.797485581447923 ], [ 2.193085881596321, 48.797438921409913 ], [ 2.192756440687015, 48.797437596189098 ], [ 2.192352130031178, 48.797435764149483 ], [ 2.192329002392558, 48.797434708446289 ], [ 2.191403758213143, 48.797401469860596 ], [ 2.189418340438086, 48.797344849137559 ], [ 2.188319953248006, 48.797327501159351 ], [ 2.187839538791378, 48.797317042237665 ], [ 2.18751972568685, 48.79730947208779 ], [ 2.186684035716465, 48.797295693419748 ], [ 2.185791313501248, 48.797272526227573 ], [ 2.183695292753622, 48.797237542241028 ], [ 2.182937140491151, 48.79722786458251 ], [ 2.18341667722668, 48.79764217519444 ], [ 2.183524044707402, 48.797740945074857 ], [ 2.1841446691678, 48.798274939116851 ], [ 2.184949331707017, 48.798968481801161 ], [ 2.185019192329912, 48.799028319567441 ], [ 2.185142817141368, 48.799132595173965 ], [ 2.185564483911795, 48.79950602803509 ], [ 2.185638247406107, 48.799577584383634 ], [ 2.185832705561588, 48.799766886748969 ], [ 2.186071766364763, 48.799977179021283 ], [ 2.186442529101682, 48.800298095765328 ], [ 2.186684457717103, 48.800499412064241 ], [ 2.18696445000384, 48.800704584399838 ], [ 2.186526629216107, 48.800841913961811 ], [ 2.186444484961836, 48.800871035516302 ], [ 2.185904404974611, 48.801017560276115 ], [ 2.185784268317639, 48.801038327885514 ], [ 2.185724199953278, 48.801048711644818 ], [ 2.185625985353679, 48.801060634304463 ], [ 2.185414960233654, 48.801060095751943 ], [ 2.185205591488915, 48.801040680438035 ], [ 2.185094240869951, 48.801021933060646 ], [ 2.184868859314288, 48.800981721472979 ], [ 2.183997944297035, 48.800866050502385 ], [ 2.183519915254149, 48.800788134723881 ], [ 2.183071935981318, 48.800704126507277 ], [ 2.18287511755199, 48.800665905174796 ], [ 2.18259146896586, 48.800608202042277 ], [ 2.182494037947284, 48.800657003464423 ], [ 2.182063138490163, 48.800612682474899 ], [ 2.181963985639884, 48.800597613287714 ], [ 2.181836259102752, 48.800928622809266 ], [ 2.180441354530485, 48.804527509722931 ], [ 2.180438532709446, 48.804533786253835 ], [ 2.180491069053349, 48.804656466350032 ], [ 2.180423345137092, 48.804807103074452 ], [ 2.183067344841783, 48.805256918948061 ], [ 2.182657886302847, 48.80557970642878 ], [ 2.18258323886556, 48.805651148803214 ], [ 2.181924015647692, 48.80618448621933 ], [ 2.182048441051323, 48.806238402836534 ], [ 2.181608838743856, 48.806659015895647 ], [ 2.181569228024178, 48.806666839391774 ], [ 2.181398572577642, 48.806868937368755 ], [ 2.180997624805562, 48.807341978424432 ], [ 2.180724488199883, 48.807653101047897 ], [ 2.180385928469651, 48.808054614693155 ], [ 2.180456333037717, 48.808080280812433 ], [ 2.180368986957783, 48.808179516289712 ], [ 2.180008999644676, 48.808471154031039 ], [ 2.179776167255528, 48.808643142485593 ], [ 2.179671260097916, 48.808733262848868 ], [ 2.179599610117893, 48.808786735631806 ], [ 2.179488644425963, 48.808829145635947 ], [ 2.178552017789624, 48.809592606278997 ], [ 2.178179934880963, 48.809440747364782 ], [ 2.178009128817967, 48.809564590681738 ], [ 2.177767037417476, 48.809718523325564 ], [ 2.177568671483671, 48.809862862806263 ], [ 2.177384572915791, 48.809965927392916 ], [ 2.177308848301889, 48.810018471327439 ], [ 2.177271035400383, 48.810084767232254 ], [ 2.177282807401715, 48.810115428086746 ], [ 2.177314918259788, 48.810151625346819 ], [ 2.177403620531219, 48.810225987099855 ], [ 2.176393100221832, 48.810922365720224 ], [ 2.176361072856023, 48.810967115398611 ], [ 2.176361141980036, 48.811048961862667 ], [ 2.176421830837997, 48.811172598632744 ], [ 2.176554654691191, 48.811471217019836 ], [ 2.176593828124917, 48.811577616741459 ], [ 2.176569757347027, 48.811635912340549 ], [ 2.176542013411244, 48.811668099860896 ], [ 2.176531006710565, 48.811675219295211 ], [ 2.176447151528906, 48.811725008406633 ], [ 2.176134015028119, 48.811806495660704 ], [ 2.175977409621765, 48.811892658718222 ], [ 2.175937040909536, 48.811948143626942 ], [ 2.175918088952966, 48.812027160696438 ], [ 2.175855562026765, 48.812623035507542 ], [ 2.175869261212155, 48.812704076409368 ], [ 2.175916803134035, 48.812797942255017 ], [ 2.176006613803719, 48.812888501783128 ], [ 2.176151784462243, 48.813009123090872 ], [ 2.176218561088983, 48.81309232847115 ], [ 2.176350227753233, 48.813292004072018 ], [ 2.176670270949346, 48.813808667808409 ], [ 2.17674337393055, 48.814008838918738 ], [ 2.175705966620485, 48.814591699963472 ], [ 2.175406112572025, 48.814779406430524 ], [ 2.175058581834571, 48.814967682582441 ], [ 2.174815279917995, 48.815109908148685 ], [ 2.174100695459565, 48.815170630532613 ], [ 2.171355473159649, 48.815578852304427 ], [ 2.169315492582345, 48.815912765587122 ], [ 2.16834176003026, 48.814203424280329 ], [ 2.168131274788171, 48.813824209820964 ], [ 2.167874610224251, 48.813437478193926 ], [ 2.167670638402333, 48.813077195478087 ], [ 2.167391330448925, 48.812829712815308 ], [ 2.166855174423538, 48.812548960569956 ], [ 2.16653231468415, 48.812300272819932 ], [ 2.165274992090115, 48.81232387943416 ], [ 2.164423224699299, 48.812363799101114 ], [ 2.163399988601862, 48.812396217098907 ], [ 2.162728086954893, 48.812429288549424 ], [ 2.162531532128583, 48.812457592285959 ], [ 2.162044120721009, 48.812535123634675 ], [ 2.161618736947775, 48.812650863080435 ], [ 2.161428193621168, 48.812728674542704 ], [ 2.161277542970828, 48.812781582177188 ], [ 2.160906520847773, 48.812903996291794 ], [ 2.160491141771125, 48.813074665754655 ], [ 2.16026102022543, 48.813242138093663 ], [ 2.159860759468595, 48.813488461681416 ], [ 2.15854304401663, 48.8139612765058 ], [ 2.157344389329559, 48.81456532984695 ], [ 2.156910090829845, 48.814809604721752 ], [ 2.156516034617373, 48.8150073928133 ], [ 2.155675905353186, 48.815418787032499 ], [ 2.154866689363496, 48.815854677748909 ], [ 2.154557454110269, 48.816027875501291 ], [ 2.154492912481016, 48.816060697089078 ], [ 2.154303999513442, 48.816120520553781 ], [ 2.154058797113542, 48.816124182356809 ], [ 2.153585331698301, 48.816094748764002 ], [ 2.153417807437735, 48.816095361509674 ], [ 2.153238688222641, 48.816139063352082 ], [ 2.153043815290452, 48.816230321803388 ], [ 2.152627375618722, 48.81646301524281 ], [ 2.152120880338398, 48.816705861479882 ], [ 2.151764979687688, 48.816900306761347 ], [ 2.151639844304857, 48.81697406953036 ], [ 2.151560950319629, 48.817051757924972 ], [ 2.151401903000982, 48.817284474395436 ], [ 2.151342044445544, 48.817447741144974 ], [ 2.151282961305311, 48.81756334492318 ], [ 2.151225883788785, 48.817639389115534 ], [ 2.151086469123459, 48.817753523095313 ], [ 2.150968007912196, 48.817835427149234 ], [ 2.150879696211232, 48.817905852944556 ], [ 2.15082132916252, 48.817977390749824 ], [ 2.150790168641342, 48.818050920564652 ], [ 2.150771103129299, 48.818134429715194 ], [ 2.150757235774476, 48.81823326564195 ], [ 2.150748463342061, 48.818521012508747 ], [ 2.15074729048807, 48.81884389000821 ], [ 2.150302093771604, 48.818749887380974 ], [ 2.150584936574337, 48.819446236226632 ], [ 2.150786428136895, 48.819869487266359 ], [ 2.1512441300504, 48.820701985768267 ], [ 2.151352070766768, 48.820932099321944 ], [ 2.151421015533018, 48.821131356343898 ], [ 2.151469665067265, 48.821406018969526 ], [ 2.151484633644797, 48.821657957484511 ], [ 2.151467121665901, 48.821897073847097 ], [ 2.151424245588231, 48.822104531143701 ], [ 2.151395441342485, 48.822200562592684 ], [ 2.151141440288941, 48.822826541171892 ], [ 2.151088515977638, 48.822981761665588 ], [ 2.151028283900009, 48.823251154006819 ], [ 2.151005629102972, 48.823554990235102 ], [ 2.151043090241559, 48.823847560991609 ], [ 2.151311812517066, 48.825078946526659 ], [ 2.151406613885427, 48.825614761111204 ], [ 2.151458974537662, 48.826080121219334 ], [ 2.151542264666308, 48.827658254130661 ], [ 2.15160638608206, 48.829075257054654 ], [ 2.151608629333137, 48.829272240455751 ], [ 2.151630777207656, 48.82950174322918 ], [ 2.151661287047821, 48.829635969447764 ], [ 2.151696850353285, 48.829794515135646 ], [ 2.151793783307949, 48.830032642747945 ], [ 2.151919438676961, 48.830263778751878 ], [ 2.152050426634191, 48.830502147527049 ], [ 2.152353652661129, 48.831039436189208 ], [ 2.152634400777362, 48.831535192453963 ], [ 2.152767651805013, 48.831802356726946 ], [ 2.152840451404787, 48.831933284335214 ], [ 2.153038755874495, 48.832305238468955 ], [ 2.153332792401651, 48.832906315375688 ], [ 2.153457259976041, 48.833127547358636 ], [ 2.15362560066592, 48.833415644591554 ], [ 2.153717825935532, 48.833525123521142 ], [ 2.153915072441863, 48.833879080283225 ], [ 2.154100295122987, 48.834218561303835 ], [ 2.15413995057138, 48.834293491169525 ], [ 2.154311831071977, 48.834615788945563 ], [ 2.154333043203055, 48.834651914533296 ], [ 2.154391303771427, 48.834755756308887 ], [ 2.154624357093463, 48.835086580454437 ], [ 2.154661624898284, 48.835140807239306 ], [ 2.15474174098234, 48.835241205694388 ], [ 2.154816262553263, 48.835350558448326 ], [ 2.154898812162759, 48.835468961760178 ], [ 2.154910780856939, 48.835487034113726 ], [ 2.155001402398729, 48.835611790093871 ], [ 2.155052074907692, 48.835679602264044 ], [ 2.155130801156322, 48.835781789359281 ], [ 2.155223783902374, 48.835929046535682 ], [ 2.15528852382777, 48.836053619440762 ], [ 2.155300463644464, 48.836073490317908 ], [ 2.155402582411049, 48.836329637867756 ], [ 2.155447282467616, 48.836429785636604 ], [ 2.155540376577158, 48.836654390661202 ], [ 2.15556397987496, 48.836711218767483 ], [ 2.155708412735273, 48.837046810766772 ], [ 2.155868699940373, 48.837413093550218 ], [ 2.155942155927064, 48.837504450077937 ], [ 2.155995235759098, 48.837592065227277 ], [ 2.156184000026444, 48.83763027190011 ], [ 2.156217941351742, 48.837637706433846 ], [ 2.156515487233204, 48.837689271320073 ], [ 2.156981902535661, 48.837745623283517 ], [ 2.157380537406874, 48.83778081005449 ], [ 2.157524913805982, 48.837783625793541 ], [ 2.15782740605375, 48.837782158386752 ], [ 2.158222753616645, 48.83776785290344 ], [ 2.158899042661495, 48.837736634825774 ], [ 2.159444432719855, 48.837711688244589 ], [ 2.160180691082889, 48.837679085557028 ], [ 2.16064405151104, 48.837671545291251 ], [ 2.161078484792677, 48.837683586865815 ], [ 2.161433831708365, 48.837699569381229 ], [ 2.162057410300783, 48.837726424065117 ], [ 2.162806654829184, 48.837733469211834 ], [ 2.165786543746318, 48.837722810061287 ], [ 2.166652002557025, 48.837704559360269 ], [ 2.166942046398508, 48.837714674202054 ], [ 2.167310874818616, 48.837739726997064 ], [ 2.167884638229041, 48.837814771328496 ], [ 2.168598062469001, 48.837932155454034 ], [ 2.171333011104006, 48.838417015398207 ], [ 2.171589934981465, 48.838453871031902 ], [ 2.17168795171184, 48.838459046736602 ], [ 2.171937416378117, 48.838450880716692 ], [ 2.172866637155143, 48.838364673124467 ], [ 2.17327453128207, 48.838332416958792 ], [ 2.173413731701539, 48.838318089415147 ], [ 2.174390415570947, 48.838245688758647 ], [ 2.174787295279498, 48.838220546499073 ], [ 2.175257797334324, 48.838192313028337 ], [ 2.176406044360926, 48.838126475041527 ], [ 2.176630871143044, 48.838125324682409 ], [ 2.176831161804323, 48.838124904435986 ], [ 2.176997380055673, 48.838125148812416 ], [ 2.177351415107291, 48.838138376801375 ], [ 2.177499852175417, 48.838142995112214 ], [ 2.177612811959729, 48.838150966867488 ], [ 2.177806120837475, 48.838161289600905 ], [ 2.177923196064532, 48.838167490581235 ], [ 2.178390503487775, 48.838168902534477 ], [ 2.178453170654162, 48.838169332961982 ], [ 2.18026382042396, 48.838174560100221 ], [ 2.181098858269283, 48.838184776677394 ], [ 2.181195541360876, 48.838188136691414 ], [ 2.181371169031249, 48.838196533855282 ], [ 2.18208186838227, 48.838229276536907 ], [ 2.182626448629645, 48.838255483658727 ], [ 2.183008982221931, 48.838276084692289 ], [ 2.183496415830448, 48.838297400596247 ], [ 2.184155306935138, 48.83833247543317 ], [ 2.184415344068011, 48.838345041340126 ], [ 2.184612742019005, 48.838355380938623 ], [ 2.184772022772109, 48.8383636616676 ], [ 2.185248573285288, 48.838383996863563 ], [ 2.186416378074679, 48.838548438196021 ], [ 2.186509885713314, 48.838318832035036 ], [ 2.186591273944648, 48.838254629909486 ], [ 2.187215294455068, 48.837730034180488 ], [ 2.187425128940569, 48.837554281210195 ], [ 2.186922945827237, 48.837081390160343 ], [ 2.186703458320242, 48.836915310632499 ], [ 2.186584979453942, 48.836824566533856 ], [ 2.186411516529954, 48.836590446153423 ], [ 2.1863110715339, 48.836479138559504 ], [ 2.185931640510135, 48.835475540901164 ], [ 2.185304922694038, 48.833907240749497 ], [ 2.180796681357069, 48.830624257452783 ], [ 2.184777438833424, 48.828870664865669 ], [ 2.184987095289117, 48.8292273532781 ], [ 2.186157725450738, 48.828848587081545 ], [ 2.186723004606251, 48.82876429218863 ], [ 2.187518240895571, 48.828871328601331 ], [ 2.187559255073013, 48.828774473015031 ], [ 2.188330413616336, 48.828940700231421 ], [ 2.18901272421812, 48.829214246813152 ], [ 2.190117790543714, 48.829371034093946 ], [ 2.191035258248875, 48.829239636869801 ], [ 2.193241411508268, 48.829371460114814 ], [ 2.193753740154626, 48.82962764354842 ], [ 2.193914205474171, 48.829557673434877 ], [ 2.193984090082666, 48.829531162757284 ], [ 2.194271814329344, 48.829424275396676 ], [ 2.196889602738627, 48.829807035138714 ], [ 2.198269266069336, 48.829738045053489 ], [ 2.199257731947031, 48.829772548365732 ], [ 2.199433265119229, 48.829785415554703 ], [ 2.200583327943915, 48.829853367495076 ], [ 2.206943735473201, 48.828865913718452 ], [ 2.211027082640016, 48.827646369037879 ], [ 2.213010881235053, 48.827617168941401 ], [ 2.214076872780309, 48.827657456520178 ], [ 2.214567702627854, 48.827628303132975 ], [ 2.218063143390118, 48.827443450171977 ], [ 2.218570175805184, 48.826969188943259 ], [ 2.218432001556638, 48.826736243652377 ], [ 2.218887038872071, 48.826367768959933 ], [ 2.219432179764769, 48.82662225797317 ], [ 2.221647819258022, 48.827027933198636 ], [ 2.221616914354166, 48.827090689237316 ], [ 2.221554051118968, 48.827195508493887 ], [ 2.221180334602772, 48.827865817559697 ], [ 2.220985927566574, 48.828204519906336 ], [ 2.220828316650396, 48.828450824694507 ], [ 2.221676499679736, 48.829212732207083 ], [ 2.221782958527033, 48.829199034807587 ], [ 2.221906789087865, 48.82920793500292 ], [ 2.22199085027102, 48.829234564094122 ], [ 2.222038054195564, 48.829266349694734 ], [ 2.222074146618591, 48.829312453184194 ], [ 2.223055397565843, 48.829557169244502 ], [ 2.223791426430394, 48.829712146014423 ], [ 2.223334867201101, 48.830183158324147 ], [ 2.223138255338315, 48.830395935145837 ], [ 2.222980170515513, 48.830582879750651 ], [ 2.222863538765607, 48.830730520533464 ], [ 2.222756374341879, 48.830882719639646 ], [ 2.22268485318152, 48.831019860749286 ], [ 2.222610258652729, 48.831180365834953 ], [ 2.222430234786847, 48.831467898105089 ], [ 2.222423152077543, 48.831942727117685 ], [ 2.222213485533018, 48.83229931874839 ], [ 2.222171755039133, 48.832630920059962 ], [ 2.222093480553732, 48.835411302480153 ], [ 2.222675240561468, 48.835318850828834 ], [ 2.224049690235517, 48.835149697729442 ], [ 2.223690195365047, 48.835595256993024 ], [ 2.223456059624984, 48.835856356466721 ], [ 2.223202281963939, 48.836246838726218 ], [ 2.223117256008489, 48.836558371623653 ], [ 2.223048558286028, 48.836962646615738 ], [ 2.222938033831907, 48.837979127309865 ], [ 2.222928664406919, 48.838333421903634 ], [ 2.222934975734857, 48.838915361094216 ], [ 2.222970456952714, 48.839277141772023 ], [ 2.22303990422116, 48.83964543858847 ], [ 2.223339783217783, 48.840551260619598 ], [ 2.223564925745881, 48.841169694857619 ], [ 2.223576678411019, 48.841203947459015 ], [ 2.223593532452724, 48.841261616964466 ], [ 2.223609144678441, 48.841311184014103 ], [ 2.223787706684589, 48.841855566193097 ], [ 2.224545912864448, 48.84401178930834 ], [ 2.225325313157685, 48.84630484491251 ], [ 2.225369607159152, 48.846533572311991 ], [ 2.225456847125855, 48.846990118814148 ], [ 2.225528911883337, 48.847642629804717 ], [ 2.22548319597127, 48.849709986811369 ], [ 2.224915319155259, 48.851332368731931 ], [ 2.224544282426593, 48.852363338532854 ], [ 2.224365767603508, 48.852819959519422 ], [ 2.224335209393279, 48.852950169682437 ], [ 2.224241889954148, 48.853359676080913 ], [ 2.224219105880446, 48.853516917562075 ], [ 2.225912135430607, 48.853035029459107 ], [ 2.226233484587051, 48.852962460531401 ], [ 2.226594150345918, 48.852811899947405 ], [ 2.227351684730697, 48.852642316896926 ], [ 2.229227704131867, 48.85222361974747 ], [ 2.230010953262445, 48.852064977939015 ], [ 2.231536662495808, 48.85174022205905 ], [ 2.232296652111728, 48.851586812125866 ], [ 2.233193699860402, 48.851380313783764 ], [ 2.233576415529299, 48.851303621593715 ], [ 2.234498100422846, 48.851089176990001 ], [ 2.235663190705886, 48.850817821579469 ], [ 2.237379106853175, 48.850434847970973 ], [ 2.237426957895582, 48.850424360548935 ], [ 2.237778292862653, 48.850349253661406 ], [ 2.23896627819264, 48.850094200599173 ], [ 2.239179626559882, 48.850042494757844 ], [ 2.239572636392845, 48.849912786163237 ], [ 2.23977005149147, 48.849832198223261 ], [ 2.240007900713619, 48.849688911035081 ], [ 2.24018404966848, 48.849571313222043 ], [ 2.240499842470814, 48.849316098961182 ], [ 2.241516051480364, 48.848407887660514 ], [ 2.241574563661168, 48.84832012042677 ], [ 2.241683779877298, 48.848212888424435 ], [ 2.241761224036452, 48.848135134143511 ], [ 2.241956924168444, 48.84798438085766 ], [ 2.242233905383632, 48.847772984957516 ], [ 2.242362313011172, 48.847657779525321 ], [ 2.242659105669378, 48.847583212240188 ], [ 2.243235014035359, 48.847431265540706 ], [ 2.245514981559114, 48.846855679095249 ], [ 2.24593492962924, 48.846745006131663 ], [ 2.246476586100555, 48.846604519749285 ], [ 2.246766541075142, 48.846530798582535 ], [ 2.247067460658853, 48.846452648869672 ], [ 2.247599534206474, 48.846314795204229 ], [ 2.247903163420556, 48.846237559801132 ], [ 2.248339503918157, 48.846123383969449 ], [ 2.249130050793303, 48.845920593796201 ], [ 2.249867271262904, 48.845730055229929 ], [ 2.25051568878781, 48.845555144489254 ], [ 2.250608573946109, 48.845539537693206 ], [ 2.250766770197564, 48.845530635458893 ], [ 2.251794599084775, 48.845503791323551 ], [ 2.252477551164905, 48.845485576374685 ], [ 2.25234687912035, 48.845190665717183 ], [ 2.251908753307214, 48.844291254096582 ], [ 2.25173479752875, 48.843974486824493 ], [ 2.251216230486769, 48.842890197046948 ], [ 2.251219763560907, 48.842739124585229 ], [ 2.251230934575342, 48.842720307683535 ], [ 2.251299357647797, 48.842130747390577 ], [ 2.251308552889278, 48.842059754469489 ], [ 2.251709308946857, 48.838821816239708 ], [ 2.251914920671711, 48.838640529034684 ], [ 2.251930255061035, 48.838616341788537 ], [ 2.252011052563392, 48.838492733192211 ], [ 2.252228618652612, 48.838237771327691 ], [ 2.252304927925926, 48.838142015101411 ], [ 2.25238956574078, 48.838035518359902 ], [ 2.253496801889641, 48.836734739961088 ], [ 2.25353975455653, 48.836684642900003 ], [ 2.25354669486146, 48.836675692439997 ], [ 2.254830994989939, 48.835183538422228 ], [ 2.25495005215599, 48.835051172106944 ], [ 2.255072103122055, 48.834899937359829 ], [ 2.255144238417507, 48.834809549374668 ], [ 2.25530390491147, 48.834790757255405 ], [ 2.256537602212384, 48.834642839561454 ], [ 2.256994597220261, 48.834600710361883 ], [ 2.25850260842458, 48.83441850102335 ], [ 2.261405151319141, 48.834080306065005 ], [ 2.261492487377967, 48.834070052808578 ], [ 2.262791524526516, 48.833923373529117 ], [ 2.264992745234483, 48.834237313004962 ], [ 2.267475422198173, 48.834592508399062 ], [ 2.267788866344093, 48.834585433862316 ], [ 2.268101694609093, 48.834428158716307 ], [ 2.26988939056056, 48.83304684772498 ], [ 2.269930760703454, 48.833011125122439 ], [ 2.269645463710277, 48.832857388359969 ], [ 2.267338606820313, 48.831531984408755 ], [ 2.267625707632298, 48.827968595618195 ], [ 2.267826452957427, 48.82783581677819 ], [ 2.271099017149216, 48.827891782790203 ], [ 2.272793190186762, 48.827920084230819 ], [ 2.272852607332395, 48.827957320182527 ], [ 2.27292775495579, 48.828038721459855 ], [ 2.273075005441873, 48.828126856643706 ], [ 2.27331005239187, 48.828268588680338 ], [ 2.273417155918585, 48.828305214703228 ], [ 2.273460003286124, 48.828358538536285 ], [ 2.275275687274643, 48.829446114375017 ], [ 2.275304441773053, 48.829435496049307 ], [ 2.276297348984293, 48.830232063723983 ], [ 2.278827155788745, 48.832292532644615 ], [ 2.279051930653324, 48.832489952150738 ], [ 2.279110853401829, 48.832465124733091 ], [ 2.279164302435102, 48.832442063052547 ], [ 2.279944978334267, 48.832140977071653 ], [ 2.280391323890181, 48.831979077238664 ], [ 2.282670920956135, 48.831152751912121 ], [ 2.283585827211768, 48.830795786206942 ], [ 2.284683712603739, 48.830306799915725 ], [ 2.284719350405197, 48.830290824238077 ], [ 2.286693837737294, 48.829451804099257 ], [ 2.289407656009721, 48.828333841589505 ], [ 2.290235122003242, 48.827988896433091 ], [ 2.29219183648019, 48.827141584940549 ], [ 2.292292946367537, 48.827118799426508 ], [ 2.296970964406001, 48.826084222666459 ], [ 2.300177424536503, 48.825375430378251 ], [ 2.301315418488453, 48.825125760846866 ], [ 2.29919119552553, 48.823453970687844 ], [ 2.298945966058062, 48.823255568366207 ], [ 2.297722594809057, 48.822261766060564 ], [ 2.29545901992278, 48.820336358066243 ], [ 2.294977083618067, 48.820018732365341 ], [ 2.294701937372852, 48.819819244760154 ], [ 2.294129544916968, 48.819443521101533 ], [ 2.294025594932079, 48.819375453399871 ], [ 2.293393985565543, 48.818948111300124 ], [ 2.292884496423958, 48.818655496645242 ], [ 2.292393712515232, 48.818389972040656 ], [ 2.292219281319004, 48.818297202082086 ], [ 2.292019146976304, 48.818191688238286 ], [ 2.291511529014656, 48.817962935089746 ], [ 2.291201652466923, 48.817815397651856 ], [ 2.290924179908655, 48.817688737486627 ], [ 2.290553098637186, 48.81753543900026 ], [ 2.289754249210953, 48.81719162680772 ], [ 2.289101429362796, 48.816926024922097 ], [ 2.289029940981274, 48.816875234055075 ], [ 2.288015153094326, 48.816488753764951 ], [ 2.287630090279023, 48.816363243769842 ], [ 2.286476274722989, 48.815986714386888 ], [ 2.28614808104448, 48.815885822426679 ], [ 2.285955572349932, 48.815821715570543 ], [ 2.285265146391212, 48.815619724345595 ], [ 2.284678877596538, 48.815469617546839 ], [ 2.282601357128628, 48.815023663460515 ], [ 2.282340558531844, 48.814974430568746 ], [ 2.282264461937977, 48.814962281689269 ], [ 2.281529370963959, 48.814840945703594 ], [ 2.281273884892805, 48.814801635699212 ], [ 2.280658519366058, 48.814689108499628 ], [ 2.278183329673126, 48.814248778198518 ], [ 2.278154900166348, 48.814334948237047 ], [ 2.278096148506326, 48.814643984473612 ], [ 2.278070533915822, 48.814821909456278 ], [ 2.277964422537832, 48.81491210728754 ], [ 2.27750180343692, 48.815177331415804 ], [ 2.277360534154289, 48.81524932839671 ], [ 2.277188994353073, 48.815343627006293 ], [ 2.276932683553375, 48.815265628903745 ], [ 2.276263524866565, 48.815006152866388 ], [ 2.276102189282938, 48.814953910796802 ], [ 2.275248192388269, 48.81476616046946 ], [ 2.274475730250408, 48.814591490273962 ], [ 2.274195864769509, 48.814543023226406 ], [ 2.273918585523671, 48.814504464545067 ], [ 2.273552894686478, 48.814458172917377 ], [ 2.272874245995648, 48.814392888795886 ], [ 2.272560936455357, 48.814399077469879 ], [ 2.271789504245919, 48.814346713511718 ], [ 2.270588222409016, 48.81425934474035 ], [ 2.270227781758867, 48.814227465228562 ], [ 2.269992481207366, 48.814206242102834 ], [ 2.268944903106763, 48.814132386672142 ], [ 2.26892585167501, 48.814131370785312 ], [ 2.267741109596245, 48.814030583560545 ], [ 2.267485132587451, 48.814027216723204 ], [ 2.26744826523973, 48.814034185988724 ], [ 2.267281014469732, 48.814016072622643 ], [ 2.266650207883819, 48.813842219580515 ], [ 2.266314966523135, 48.813761915510547 ], [ 2.265788168976247, 48.813648955485185 ], [ 2.264938092834417, 48.813573579332051 ], [ 2.264860759917737, 48.813649552377555 ], [ 2.263938101918665, 48.814471318206884 ], [ 2.262804909583164, 48.813903114438865 ], [ 2.261672123217416, 48.813404155411426 ], [ 2.2614906874372, 48.813330183820277 ], [ 2.261297619756557, 48.813308304991025 ], [ 2.26123365682772, 48.813401446851287 ], [ 2.260956894939894, 48.813711826396435 ], [ 2.260823953222358, 48.813867499230128 ], [ 2.26076155445014, 48.813946260157948 ], [ 2.260365829485524, 48.814386314789274 ], [ 2.259934563080112, 48.814259529633127 ], [ 2.259790442290793, 48.814434918746564 ], [ 2.259645592757374, 48.814661568620132 ], [ 2.259535931168244, 48.814615919802137 ], [ 2.259363377712407, 48.814779440143738 ], [ 2.259680146311689, 48.814913612914587 ], [ 2.258912271400289, 48.815473675085045 ], [ 2.258795678939291, 48.815532312323747 ], [ 2.258527874374105, 48.815306702796931 ], [ 2.258449583694505, 48.815257649981099 ], [ 2.258360322472336, 48.815213925424366 ], [ 2.257744827565387, 48.815974590499366 ], [ 2.257614133103627, 48.816162651652292 ], [ 2.257049158712352, 48.81595677883012 ], [ 2.256744305578693, 48.816419870431631 ], [ 2.25660169654064, 48.816583572758098 ], [ 2.256746560892636, 48.81664383330056 ], [ 2.256476823026565, 48.817031593283815 ], [ 2.255642504480253, 48.816708017087954 ], [ 2.255577447061287, 48.816686026621703 ], [ 2.255533228883084, 48.8168260566028 ], [ 2.255159470159177, 48.816772463436244 ], [ 2.254877388548276, 48.816688861092032 ], [ 2.25355762201962, 48.816504348020892 ], [ 2.253373460271201, 48.816525682990417 ], [ 2.253361191400497, 48.816526505769659 ], [ 2.253256283049125, 48.816529448181853 ], [ 2.25287700437759, 48.81648120972401 ], [ 2.252629122510664, 48.816482358708392 ], [ 2.252530009371489, 48.816461053083906 ], [ 2.252445527734952, 48.816464122482344 ], [ 2.252348880369716, 48.816460819993573 ], [ 2.252109569089716, 48.816434140293353 ], [ 2.251866495297643, 48.81638495172939 ], [ 2.251941579202737, 48.81627749428057 ] ] ] ] } }
]
}
