{
"type": "FeatureCollection",
"name": "geom_mgp26",
"crs": { "type": "name", "properties": { "name": "urn:ogc:def:crs:OGC:1.3:CRS84" } },
"features": [
{ "type": "Feature", "properties": { "fid": 1, "lib_epci": "Métropole du Grand Paris", "NOM_M": "METROPOLE DU GRAND PARIS", "codes_insee_des_communes_membres": "75056/91027/91326/91432/91479/91589/91687/92002/92004/92007/92009/92012/92014/92019/92020/92022/92023/92024/92025/92026/92032/92033/92035/92036/92040/92044/92046/92047/92048/92049/92050/92051/92060/92062/92063/92064/92071/92072/92073/92075/92076/92077/92078/93001/93005/93006/93007/93008/93010/93013/93014/93015/93027/93029/93030/93031/93032/93033/93039/93045/93046/93047/93048/93049/93050/93051/93053/93055/93057/93061/93062/93063/93064/93066/93070/93071/93072/93073/93074/93077/93078/93079/94001/94002/94003/94004/94011/94015/94016/94017/94018/94019/94021/94022/94028/94033/94034/94037/94038/94041/94042/94043/94044/94046/94047/94048/94052/94053/94054/94055/94056/94058/94059/94060/94065/94067/94068/94069/94070/94071/94073/94074/94075/94076/94077/94078/94079/94080/94081/95018", "codes_insee_des_departements_membres": "75/91/92/93/94/95", "code_epci": "200054781" }, "geometry": { "type": "MultiPolygon", "coordinates": [ [ [ [ 2.320465784551206, 48.746817404712381 ], [ 2.31847611891092, 48.745036861308144 ], [ 2.317553007403578, 48.744490123583532 ], [ 2.317201801565235, 48.744722870321496 ], [ 2.316363764523346, 48.744119944687831 ], [ 2.316166672657745, 48.744319391959266 ], [ 2.314344099383161, 48.743296164707417 ], [ 2.317031556921273, 48.740893859244828 ], [ 2.316902002867064, 48.74081756452965 ], [ 2.315552405392174, 48.739926577837757 ], [ 2.315637431255233, 48.739872199 ], [ 2.315558995360198, 48.739735033339656 ], [ 2.315419039640109, 48.739622699374991 ], [ 2.314170643208259, 48.738899573491885 ], [ 2.314315165864727, 48.738767285343791 ], [ 2.31302941716352, 48.738198637447098 ], [ 2.314602680878901, 48.736857607322307 ], [ 2.315913979287618, 48.737239300000262 ], [ 2.318160164101556, 48.737882664345378 ], [ 2.318718087902937, 48.737018781007016 ], [ 2.318381856698143, 48.736733535094608 ], [ 2.3178140898289, 48.736164537959617 ], [ 2.317322677083987, 48.735580683804969 ], [ 2.316883382523248, 48.734859509534935 ], [ 2.316670049723928, 48.734536284977544 ], [ 2.316481951512633, 48.733843529770041 ], [ 2.315960995666676, 48.733753298709715 ], [ 2.315931060274781, 48.73375492606381 ], [ 2.315668816884081, 48.733740830583514 ], [ 2.315287621986526, 48.733672984582441 ], [ 2.315422507627091, 48.733340960906993 ], [ 2.315224028742854, 48.732715602316503 ], [ 2.315167735591527, 48.732549780016342 ], [ 2.315047621194592, 48.732273858162401 ], [ 2.314917917177985, 48.731899840644068 ], [ 2.314845673792195, 48.731602606273427 ], [ 2.314750554601544, 48.731287251370759 ], [ 2.314609483075222, 48.730950944993147 ], [ 2.314601774190937, 48.730916721462954 ], [ 2.314442400735644, 48.730421106196474 ], [ 2.314216715150672, 48.730316372422323 ], [ 2.314053393303074, 48.730328925758542 ], [ 2.313751611014267, 48.730324492693029 ], [ 2.313293990203946, 48.730280485820053 ], [ 2.31285831205233, 48.730222212230672 ], [ 2.312371233018199, 48.730143852918147 ], [ 2.311311986251647, 48.729944362960097 ], [ 2.310850719407223, 48.729867945238908 ], [ 2.308544953071367, 48.729444458013553 ], [ 2.308093187457802, 48.729369883508454 ], [ 2.307919372299837, 48.729353585025081 ], [ 2.307796992287034, 48.729354674262886 ], [ 2.306909110985316, 48.729358516295783 ], [ 2.305924118561421, 48.729405860411525 ], [ 2.303996513035542, 48.729482782286524 ], [ 2.303840060837941, 48.729489964975592 ], [ 2.303851457457308, 48.729552993400603 ], [ 2.303827003168496, 48.729653589887846 ], [ 2.303398088740595, 48.730720540594952 ], [ 2.303436200629429, 48.730921341596115 ], [ 2.302956889350414, 48.732299206821594 ], [ 2.302727220274237, 48.732901399186318 ], [ 2.302046767103952, 48.734370727164951 ], [ 2.301779826613732, 48.735013174176068 ], [ 2.301680274318564, 48.735441630570307 ], [ 2.30154725997169, 48.736236867223667 ], [ 2.30157338340838, 48.736317071250852 ], [ 2.301577294113384, 48.736329686451661 ], [ 2.301668601394248, 48.736721481937309 ], [ 2.301792354063812, 48.73743277197778 ], [ 2.301977229214889, 48.738353091222358 ], [ 2.302040745364081, 48.738688057879024 ], [ 2.302349754695943, 48.740191044417614 ], [ 2.302454557187072, 48.740795186504656 ], [ 2.301695586322456, 48.740296952480712 ], [ 2.301433578207054, 48.74016140181508 ], [ 2.301211980062099, 48.740054869447206 ], [ 2.300518697248712, 48.739628967893914 ], [ 2.300299955327162, 48.73951255655534 ], [ 2.299927200866787, 48.739320587447324 ], [ 2.299644793662199, 48.739185812508559 ], [ 2.299306722048096, 48.739044414023958 ], [ 2.298549590813204, 48.738717065210651 ], [ 2.298133457319223, 48.738515840901293 ], [ 2.297333131881806, 48.738165743911537 ], [ 2.296939190729484, 48.738033903611623 ], [ 2.296646565444169, 48.737952128756419 ], [ 2.295924979015367, 48.737714017864796 ], [ 2.295483454436356, 48.737581892014212 ], [ 2.29537378990461, 48.737546166168507 ], [ 2.295248185058886, 48.737482463129069 ], [ 2.294635741060693, 48.737218904471092 ], [ 2.294176208927715, 48.73701111334384 ], [ 2.293978882689981, 48.736921800187368 ], [ 2.293724352194869, 48.736839343874436 ], [ 2.2936472990146, 48.73680560824733 ], [ 2.293219482257026, 48.736666359334585 ], [ 2.292702110441323, 48.736513086488401 ], [ 2.292221380247346, 48.736365425334242 ], [ 2.291770383001357, 48.736231430403947 ], [ 2.29100949722012, 48.735986759837836 ], [ 2.290183390756166, 48.735738998166624 ], [ 2.289637924273271, 48.735553164431266 ], [ 2.289313978493973, 48.735476581608559 ], [ 2.289301778181348, 48.735473810612234 ], [ 2.288131020003517, 48.735173612667822 ], [ 2.287067746280922, 48.734969387204799 ], [ 2.28539568359737, 48.734638283976523 ], [ 2.285376710063603, 48.734633673117656 ], [ 2.283204281112186, 48.734104360643478 ], [ 2.282719076419149, 48.733989014140946 ], [ 2.28270686445271, 48.73398714184804 ], [ 2.282545451480119, 48.733958288677421 ], [ 2.282136240321865, 48.73385418997281 ], [ 2.281684005223941, 48.733714752184156 ], [ 2.281272585858337, 48.733573759505788 ], [ 2.280718758684976, 48.733307782427474 ], [ 2.280205183697985, 48.732982681311164 ], [ 2.279883437612638, 48.732748680947793 ], [ 2.279820400121015, 48.732784278887721 ], [ 2.279752924095231, 48.732845934246683 ], [ 2.27955566056509, 48.733050719289622 ], [ 2.279406515384209, 48.733217117860697 ], [ 2.279276552764314, 48.733372838579804 ], [ 2.27918354727225, 48.733510793201582 ], [ 2.27904643755664, 48.733691655242261 ], [ 2.278954244220745, 48.73386919060956 ], [ 2.278933104860287, 48.733923030252292 ], [ 2.278879235024713, 48.733983867807204 ], [ 2.278847156408012, 48.734042138621298 ], [ 2.278787661540187, 48.734116433978883 ], [ 2.278633581599152, 48.734245923978214 ], [ 2.278109203685381, 48.734604334935696 ], [ 2.278021216698914, 48.734673960298764 ], [ 2.27779653501926, 48.734893867094229 ], [ 2.277735590973167, 48.734974449304602 ], [ 2.27769426650883, 48.735012875819123 ], [ 2.277475621366963, 48.735287685229068 ], [ 2.277383292084148, 48.735376172357867 ], [ 2.277363796362148, 48.735409334159769 ], [ 2.277294593480576, 48.735497061756639 ], [ 2.277215063674516, 48.7356431913215 ], [ 2.277131765586112, 48.73576681163923 ], [ 2.277003550560376, 48.735991798180358 ], [ 2.276774047303388, 48.736362781933146 ], [ 2.276106386498098, 48.737343636758332 ], [ 2.275859705762134, 48.737677636656883 ], [ 2.275359785249415, 48.738425646154496 ], [ 2.275175578494227, 48.739058641705974 ], [ 2.275347617800031, 48.739400578397522 ], [ 2.275381748507634, 48.739586972065517 ], [ 2.275095518962484, 48.739927925382851 ], [ 2.274821276941025, 48.740090859417599 ], [ 2.274553099752072, 48.740698158454308 ], [ 2.275124889493217, 48.740849141546619 ], [ 2.275777247124209, 48.740682205133282 ], [ 2.275990786078303, 48.740679902544571 ], [ 2.276073497189107, 48.74069749368639 ], [ 2.276234291737954, 48.740772223567447 ], [ 2.276417781341703, 48.74097571219643 ], [ 2.276778067594787, 48.74147349238207 ], [ 2.276865923027235, 48.741610740955984 ], [ 2.276953514875232, 48.741668836268794 ], [ 2.277011726045742, 48.741688077250032 ], [ 2.277044274798083, 48.74169457050612 ], [ 2.277151688888003, 48.741696120367273 ], [ 2.27723185660121, 48.741701102982844 ], [ 2.277290142588006, 48.74171494758145 ], [ 2.277337313497304, 48.741745814415033 ], [ 2.277398596389931, 48.741837929221461 ], [ 2.27742668001994, 48.741872278283928 ], [ 2.277463121791706, 48.741892286729758 ], [ 2.277675434088891, 48.741979019180654 ], [ 2.277814415264, 48.742058112080812 ], [ 2.277984847291068, 48.74212480272962 ], [ 2.278091392012235, 48.7421893079337 ], [ 2.278157166529902, 48.742251767639658 ], [ 2.27822045769099, 48.742297122756909 ], [ 2.278328536901806, 48.742349044724968 ], [ 2.278481777114834, 48.74238055220146 ], [ 2.278650472767833, 48.742376174900457 ], [ 2.278746972262091, 48.742380355716442 ], [ 2.278785997963034, 48.742410273294254 ], [ 2.278781061383447, 48.742472305455181 ], [ 2.27875837219252, 48.742539627061191 ], [ 2.278767332208239, 48.742580156391796 ], [ 2.278805023057287, 48.742608266995511 ], [ 2.27887799564624, 48.742641987391892 ], [ 2.278917344498741, 48.742648521200429 ], [ 2.278983927711142, 48.742652521127987 ], [ 2.279036750970561, 48.742668130759959 ], [ 2.279075739805224, 48.74270074635708 ], [ 2.279115591941557, 48.742769345102943 ], [ 2.279134629952162, 48.742769460055733 ], [ 2.279279308620738, 48.742731657240597 ], [ 2.279335149634936, 48.742725698186248 ], [ 2.279392189158706, 48.742731439173482 ], [ 2.279423143213877, 48.7427550116698 ], [ 2.279434885547794, 48.742791060488862 ], [ 2.279362901663066, 48.742981309117546 ], [ 2.279370750574691, 48.743003842707061 ], [ 2.279416675702943, 48.743026606114235 ], [ 2.279480390799464, 48.743041381831517 ], [ 2.279559200934731, 48.743046354671613 ], [ 2.27962330069513, 48.7430332497308 ], [ 2.279669536100236, 48.743033528699904 ], [ 2.279730097385515, 48.743079765950306 ], [ 2.279733949069594, 48.743194918580443 ], [ 2.279775807319009, 48.743216757860232 ], [ 2.279828904250389, 48.743212580917415 ], [ 2.279921044822694, 48.743138482472943 ], [ 2.279972682591859, 48.743141492252555 ], [ 2.280207535559012, 48.74336956935862 ], [ 2.28034363100039, 48.743461234049136 ], [ 2.280428150677794, 48.743545392151447 ], [ 2.280482087315491, 48.743578996793623 ], [ 2.28055812903695, 48.743587550074217 ], [ 2.280623378471385, 48.743589742143058 ], [ 2.280681568358449, 48.743610780049565 ], [ 2.280777463348876, 48.743659028509548 ], [ 2.280820793762204, 48.743672781247149 ], [ 2.280901212551237, 48.743659773925309 ], [ 2.280991249531604, 48.743639628890854 ], [ 2.28107821999953, 48.743644649863342 ], [ 2.281114367265511, 48.743686242122493 ], [ 2.281133205543869, 48.743799685970473 ], [ 2.28120232447275, 48.743817191630455 ], [ 2.281286724020985, 48.743811403597725 ], [ 2.281433183254128, 48.74384196694141 ], [ 2.281485426844709, 48.743899846011878 ], [ 2.281502004074154, 48.743979996609404 ], [ 2.28152450350526, 48.744025104385365 ], [ 2.28172942560197, 48.744155857823877 ], [ 2.281875922589448, 48.744282661697071 ], [ 2.28206242619774, 48.744368331379746 ], [ 2.282295500835026, 48.744429995651139 ], [ 2.28236235883552, 48.74451314666733 ], [ 2.282388296277591, 48.744605046162022 ], [ 2.282462769814537, 48.744628879383598 ], [ 2.282562154221072, 48.744621381608731 ], [ 2.282672504330991, 48.744607653506634 ], [ 2.282807988535461, 48.744645344759817 ], [ 2.282876541008843, 48.744704220580331 ], [ 2.282904283974198, 48.744763750702404 ], [ 2.282970203332118, 48.744816314519362 ], [ 2.283044306997751, 48.744867128550311 ], [ 2.28321012998836, 48.74487442032656 ], [ 2.283324300996117, 48.744879602941893 ], [ 2.283356864865048, 48.744885195086539 ], [ 2.283462952904788, 48.744983871497894 ], [ 2.283560027817342, 48.74504561641394 ], [ 2.283749663836859, 48.745101620435825 ], [ 2.283890355446425, 48.745156431153077 ], [ 2.284360132163045, 48.745412891723575 ], [ 2.284579294520605, 48.745497853644693 ], [ 2.284827637052454, 48.745636956700672 ], [ 2.284455003586681, 48.745933340078338 ], [ 2.284119984579591, 48.746164288252466 ], [ 2.284960866437679, 48.747130833889116 ], [ 2.28535822404277, 48.747512778465513 ], [ 2.284816084165594, 48.747970047840568 ], [ 2.28459694943378, 48.74818010442084 ], [ 2.284473230785268, 48.74827560358672 ], [ 2.284254894708784, 48.74842720044024 ], [ 2.283964862542809, 48.748649423005382 ], [ 2.28395101911771, 48.748766267657402 ], [ 2.28390338159678, 48.748768680300067 ], [ 2.283846014270855, 48.748786325107282 ], [ 2.28381583488635, 48.748805032408214 ], [ 2.28366914389866, 48.748988538374107 ], [ 2.283629160392958, 48.749027874006124 ], [ 2.283421637212216, 48.749184031359455 ], [ 2.283280887950844, 48.74923175653467 ], [ 2.283181001007597, 48.749275229643494 ], [ 2.282989598288089, 48.74944587409145 ], [ 2.282983874106985, 48.749466526910155 ], [ 2.283003904108885, 48.749493630480615 ], [ 2.282898662756037, 48.749530775094158 ], [ 2.282728968341177, 48.749606208509753 ], [ 2.282408569600559, 48.749859725230152 ], [ 2.282303216064316, 48.750003902334562 ], [ 2.282247355371766, 48.750109700809382 ], [ 2.282125123819232, 48.750294251192031 ], [ 2.281983430078377, 48.750509265439185 ], [ 2.282079227268979, 48.750763484176481 ], [ 2.281431744748531, 48.751062701528497 ], [ 2.280987026352438, 48.751552019212333 ], [ 2.281031129016382, 48.751608949589894 ], [ 2.28060232689158, 48.752127143611986 ], [ 2.280455615276879, 48.752310645101382 ], [ 2.280195257061473, 48.752548327290519 ], [ 2.280125345709906, 48.752587481253634 ], [ 2.280023742354186, 48.7526561256485 ], [ 2.279910898083371, 48.752750785954788 ], [ 2.279845930527, 48.752825947196293 ], [ 2.279639381213194, 48.753008187275022 ], [ 2.278603926593902, 48.753424673487295 ], [ 2.278232067572382, 48.75356004084658 ], [ 2.277446689533199, 48.753793642957611 ], [ 2.277274838218321, 48.753826781729821 ], [ 2.277404208216452, 48.75401284932245 ], [ 2.276762333758026, 48.754196946528573 ], [ 2.276529923462801, 48.754280985521973 ], [ 2.276024782962358, 48.754511778504749 ], [ 2.275684792413936, 48.754702196921762 ], [ 2.275577626115108, 48.754778898683924 ], [ 2.275413431788007, 48.754946097738276 ], [ 2.275058062106571, 48.755166102517329 ], [ 2.275002455966339, 48.755252111129174 ], [ 2.275033240624999, 48.75528827559814 ], [ 2.275377327942501, 48.755685217808846 ], [ 2.276121999838045, 48.756624250791766 ], [ 2.275799241758651, 48.756748215296554 ], [ 2.275315688510679, 48.756891890362773 ], [ 2.27518478225872, 48.756914481309003 ], [ 2.274789179959094, 48.756993928472724 ], [ 2.274007380811296, 48.757160970994605 ], [ 2.272971583312352, 48.757397517976059 ], [ 2.271415402350211, 48.757782887348007 ], [ 2.271062357314589, 48.757833799797289 ], [ 2.270885311419696, 48.757848009463061 ], [ 2.270621460749689, 48.757843699985017 ], [ 2.270386564994092, 48.75781168424993 ], [ 2.270210109878941, 48.75778362294168 ], [ 2.269825763614472, 48.757738100594032 ], [ 2.269432450065207, 48.75765294686952 ], [ 2.269449290031682, 48.757713312239638 ], [ 2.269478472939294, 48.757766557602437 ], [ 2.269657688712017, 48.757986217157814 ], [ 2.269771877759681, 48.758186590611871 ], [ 2.270384884836202, 48.759391985323496 ], [ 2.270550664041383, 48.759795046113446 ], [ 2.270706530759137, 48.76012878941102 ], [ 2.270893640261693, 48.760563459937195 ], [ 2.270916216813252, 48.760700311981232 ], [ 2.27073923653928, 48.760709125241519 ], [ 2.269086405577866, 48.760701719729198 ], [ 2.268683737266667, 48.760700154172554 ], [ 2.268698498540528, 48.760908913655157 ], [ 2.268928369455823, 48.761592092994718 ], [ 2.268982657734551, 48.761795697606971 ], [ 2.268988174895205, 48.761887473736856 ], [ 2.268979043009384, 48.761956674327081 ], [ 2.268944379172209, 48.762003232765082 ], [ 2.268881412260616, 48.762030729807122 ], [ 2.268004154701762, 48.76220704227169 ], [ 2.267297795475285, 48.762323235280476 ], [ 2.267167187774804, 48.76232333339992 ], [ 2.266903975249595, 48.76217511020765 ], [ 2.266866061959462, 48.762162285399519 ], [ 2.264926479649767, 48.761453301356369 ], [ 2.264540183961935, 48.7612548462006 ], [ 2.262371939941717, 48.760076704239772 ], [ 2.26200189885993, 48.759788397183243 ], [ 2.260620731802535, 48.76048501313646 ], [ 2.259392949259162, 48.761011671231948 ], [ 2.258910154038165, 48.761095921750226 ], [ 2.258625474247141, 48.761120238599439 ], [ 2.258374457548214, 48.761169048597878 ], [ 2.257709949681716, 48.761211691126938 ], [ 2.256823142630923, 48.761292522109862 ], [ 2.256438256994532, 48.76128383045419 ], [ 2.25632139617489, 48.761274108478418 ], [ 2.255957686484367, 48.761306921218399 ], [ 2.255585506511984, 48.761361266539744 ], [ 2.255012342020611, 48.761390072395571 ], [ 2.254456762045328, 48.761140159835087 ], [ 2.254224376466261, 48.761122519097121 ], [ 2.253147405410527, 48.761087007262411 ], [ 2.251932582983652, 48.760797880422615 ], [ 2.251639552542538, 48.760740279510543 ], [ 2.251450532323601, 48.760734597763339 ], [ 2.251363033238666, 48.760764630199553 ], [ 2.250277546830712, 48.761322667822796 ], [ 2.250182925399878, 48.761469581523308 ], [ 2.249855839671564, 48.76160424203556 ], [ 2.249331297390599, 48.761846492630035 ], [ 2.247008759135447, 48.760823602719746 ], [ 2.246998977420519, 48.760841529808644 ], [ 2.245239893665361, 48.762631099985839 ], [ 2.243697977462483, 48.763039584190899 ], [ 2.240931673561289, 48.763721796989302 ], [ 2.240702459604671, 48.763766211298872 ], [ 2.239990629867639, 48.764719583405473 ], [ 2.238586808776485, 48.766473535611219 ], [ 2.238558252049931, 48.766472454135197 ], [ 2.237697482534398, 48.766439081281163 ], [ 2.237329268836652, 48.766404351100427 ], [ 2.232974391836455, 48.766192980353821 ], [ 2.23285361678427, 48.765986233991939 ], [ 2.23282356780595, 48.765994135913445 ], [ 2.232602565822914, 48.766034090265983 ], [ 2.232802220340694, 48.766243142424159 ], [ 2.232818109677496, 48.766272925848412 ], [ 2.232755715284135, 48.767185451600604 ], [ 2.232718936461558, 48.767651122403443 ], [ 2.232691591772898, 48.767845224537815 ], [ 2.232718047070427, 48.767989303929554 ], [ 2.232934494981891, 48.76853754983302 ], [ 2.233021037077421, 48.768944649438943 ], [ 2.233124661200067, 48.769115307619217 ], [ 2.233058204525831, 48.769378414814575 ], [ 2.232914288326501, 48.769634728491376 ], [ 2.23287187240347, 48.769743287453771 ], [ 2.23285562411447, 48.769830428066527 ], [ 2.232817434997496, 48.769929120380745 ], [ 2.232700622857102, 48.770100161694423 ], [ 2.232627230454917, 48.770186935177406 ], [ 2.232527934139945, 48.770277139913283 ], [ 2.232399893579926, 48.770378852475545 ], [ 2.232293489392276, 48.770489698270076 ], [ 2.232118339210846, 48.770741312886315 ], [ 2.232014562216506, 48.770858471316892 ], [ 2.231922304716961, 48.770932530992106 ], [ 2.23179315228986, 48.771017146511703 ], [ 2.231484189904896, 48.771114996126457 ], [ 2.231323269576033, 48.771139144827941 ], [ 2.230930942810443, 48.771168999171771 ], [ 2.230760365374335, 48.771202079259844 ], [ 2.230638318277134, 48.771266052353837 ], [ 2.230556677686949, 48.771358167975635 ], [ 2.230490462309737, 48.771511544245854 ], [ 2.230406569299292, 48.771940931977355 ], [ 2.230424896465626, 48.772082260731018 ], [ 2.230431516610031, 48.772279278763015 ], [ 2.230495879709778, 48.772436194346319 ], [ 2.230538048867647, 48.772621748697297 ], [ 2.230591010577573, 48.772813668527093 ], [ 2.230629262474084, 48.772895763060049 ], [ 2.230716593956934, 48.77315626082936 ], [ 2.230740828929338, 48.773266147367551 ], [ 2.230743320155943, 48.773374095015079 ], [ 2.23068080870341, 48.773645320293923 ], [ 2.230620815653437, 48.7737456700644 ], [ 2.230442307121253, 48.773946891944945 ], [ 2.230324096467905, 48.77402707905371 ], [ 2.23021306021044, 48.774082128246533 ], [ 2.230057267648146, 48.774126995163009 ], [ 2.229844207314182, 48.774179587560518 ], [ 2.229469326120773, 48.7743165817487 ], [ 2.229112516982837, 48.774427607924409 ], [ 2.228919194890138, 48.774433555713323 ], [ 2.228843879378716, 48.774465449020965 ], [ 2.228786425337312, 48.774485765007761 ], [ 2.228679893851391, 48.774512060112848 ], [ 2.228636574556544, 48.774680873117084 ], [ 2.22847704704305, 48.774794070470122 ], [ 2.228299058597709, 48.774959315238405 ], [ 2.228201885973714, 48.775180846449025 ], [ 2.22810384399596, 48.775369093063539 ], [ 2.227963779143046, 48.775546274867565 ], [ 2.2278533793293, 48.775649895085841 ], [ 2.22771472359826, 48.775731746256824 ], [ 2.227625332526245, 48.775795027781541 ], [ 2.227485421841412, 48.775869675140122 ], [ 2.227274181032521, 48.775982536402559 ], [ 2.22706507466562, 48.776134985939073 ], [ 2.226553884283137, 48.776101996397998 ], [ 2.226242733902696, 48.776161142697894 ], [ 2.225623739189815, 48.776331621140038 ], [ 2.225230741455355, 48.776495467356874 ], [ 2.224953163064659, 48.776676250809928 ], [ 2.224836388360393, 48.776933629009783 ], [ 2.224798925095244, 48.777073696666385 ], [ 2.224566108539206, 48.777447247092233 ], [ 2.224270525462911, 48.777648598824285 ], [ 2.224172641488591, 48.777733408818534 ], [ 2.224104988135958, 48.777798627661937 ], [ 2.224029420858157, 48.77793844752032 ], [ 2.224006816178609, 48.778085806745835 ], [ 2.223979035754001, 48.778215143791748 ], [ 2.224003121850715, 48.778425766123547 ], [ 2.224033630747747, 48.778479030458307 ], [ 2.224079054807492, 48.778535989356769 ], [ 2.224156372575062, 48.778736164177033 ], [ 2.224197540818397, 48.778804787922702 ], [ 2.224241601665707, 48.77895347937811 ], [ 2.224256540778128, 48.779047116713215 ], [ 2.224250092035867, 48.779206273278909 ], [ 2.224186981272121, 48.779423524590669 ], [ 2.224033906188001, 48.779741826682795 ], [ 2.224018389203363, 48.780144668563757 ], [ 2.223716382149759, 48.780410735459171 ], [ 2.223645785079407, 48.780582066958694 ], [ 2.223689756055462, 48.780645312424532 ], [ 2.224303383334557, 48.780748234632931 ], [ 2.224696957593198, 48.780822743191393 ], [ 2.224783704020724, 48.780846691105573 ], [ 2.224802688997498, 48.780851311408398 ], [ 2.226480240855369, 48.781529556684845 ], [ 2.226615567033261, 48.781581699881954 ], [ 2.226189634214347, 48.782128490071301 ], [ 2.226058964164137, 48.782312924984346 ], [ 2.22569560764853, 48.782769276716188 ], [ 2.22523359092308, 48.783361699772342 ], [ 2.224750267986936, 48.784013344438058 ], [ 2.224344723212584, 48.784559359996138 ], [ 2.224066316781752, 48.784975783519485 ], [ 2.223319655227995, 48.785943206967666 ], [ 2.223024310502216, 48.785942186311964 ], [ 2.221381575127052, 48.785934191602742 ], [ 2.219768942994357, 48.785460470525102 ], [ 2.219235511935468, 48.785361647487655 ], [ 2.211508821625951, 48.788138691842356 ], [ 2.209316824997998, 48.787723965611406 ], [ 2.209101200201282, 48.787671271652222 ], [ 2.208957941440305, 48.787603766213941 ], [ 2.207118284025953, 48.785234187657835 ], [ 2.207002296492579, 48.785343147597125 ], [ 2.206681957076848, 48.784927286433359 ], [ 2.206516468614452, 48.78471122532553 ], [ 2.206270138114367, 48.784888574593552 ], [ 2.208767636413303, 48.78785614303326 ], [ 2.210658120172558, 48.790116296245181 ], [ 2.210730475695631, 48.790192325352137 ], [ 2.211625072133448, 48.791255047242437 ], [ 2.211493467659807, 48.791316238809934 ], [ 2.210039606976152, 48.793656814437135 ], [ 2.209936904519872, 48.793876492508588 ], [ 2.207630684153982, 48.794693184064649 ], [ 2.207303430660661, 48.794817831534374 ], [ 2.20699276982021, 48.794925499306366 ], [ 2.206193194908166, 48.794956167799818 ], [ 2.206011935493398, 48.794969354382225 ], [ 2.205524702674655, 48.795139703668234 ], [ 2.205340725005116, 48.795241913314577 ], [ 2.205205243428823, 48.79537772356904 ], [ 2.205048639435253, 48.795470221222352 ], [ 2.204971451745905, 48.795532666860865 ], [ 2.204797370310912, 48.795610657267957 ], [ 2.20456666907408, 48.795741336100924 ], [ 2.204469391136815, 48.795782061727209 ], [ 2.204401484012426, 48.795860758236579 ], [ 2.204403825806701, 48.795974999553366 ], [ 2.204511809130501, 48.796125021236385 ], [ 2.20471024007914, 48.796593138096327 ], [ 2.20467131010535, 48.79682492798738 ], [ 2.204508906333172, 48.797118855057782 ], [ 2.20431274011721, 48.79730552680509 ], [ 2.203780807367405, 48.797548423750719 ], [ 2.203444590072591, 48.797723367982343 ], [ 2.203206465275429, 48.797893568761204 ], [ 2.202623728557707, 48.798431129435059 ], [ 2.198699507897484, 48.798467843755247 ], [ 2.19859340967461, 48.798461735913691 ], [ 2.198404521261526, 48.798616067822948 ], [ 2.197383985281255, 48.798049783459412 ], [ 2.196528535257057, 48.797550257148529 ], [ 2.195181625337335, 48.797492626463061 ], [ 2.194669843239584, 48.797485581447923 ], [ 2.193085881596321, 48.797438921409913 ], [ 2.192756440687015, 48.797437596189098 ], [ 2.192352130031178, 48.797435764149483 ], [ 2.192329002392558, 48.797434708446289 ], [ 2.191403758213143, 48.797401469860596 ], [ 2.189418340438086, 48.797344849137559 ], [ 2.188319953248006, 48.797327501159351 ], [ 2.187839538791378, 48.797317042237665 ], [ 2.18751972568685, 48.79730947208779 ], [ 2.186684035716465, 48.797295693419748 ], [ 2.185791313501248, 48.797272526227573 ], [ 2.183695292753622, 48.797237542241028 ], [ 2.182937140491151, 48.79722786458251 ], [ 2.18341667722668, 48.79764217519444 ], [ 2.183524044707402, 48.797740945074857 ], [ 2.1841446691678, 48.798274939116851 ], [ 2.184949331707017, 48.798968481801161 ], [ 2.185019192329912, 48.799028319567441 ], [ 2.185142817141368, 48.799132595173965 ], [ 2.185564483911795, 48.79950602803509 ], [ 2.185638247406107, 48.799577584383634 ], [ 2.185832705561588, 48.799766886748969 ], [ 2.186071766364763, 48.799977179021283 ], [ 2.186442529101682, 48.800298095765328 ], [ 2.186684457717103, 48.800499412064241 ], [ 2.18696445000384, 48.800704584399838 ], [ 2.186526629216107, 48.800841913961811 ], [ 2.186444484961836, 48.800871035516302 ], [ 2.185904404974611, 48.801017560276115 ], [ 2.185784268317639, 48.801038327885514 ], [ 2.185724199953278, 48.801048711644818 ], [ 2.185625985353679, 48.801060634304463 ], [ 2.185414960233654, 48.801060095751943 ], [ 2.185205591488915, 48.801040680438035 ], [ 2.185094240869951, 48.801021933060646 ], [ 2.184868859314288, 48.800981721472979 ], [ 2.183997944297035, 48.800866050502385 ], [ 2.183519915254149, 48.800788134723881 ], [ 2.183071935981318, 48.800704126507277 ], [ 2.18287511755199, 48.800665905174796 ], [ 2.18259146896586, 48.800608202042277 ], [ 2.182494037947284, 48.800657003464423 ], [ 2.182063138490163, 48.800612682474899 ], [ 2.181963985639884, 48.800597613287714 ], [ 2.181836259102752, 48.800928622809266 ], [ 2.180441354530485, 48.804527509722931 ], [ 2.180438532709446, 48.804533786253835 ], [ 2.180491069053349, 48.804656466350032 ], [ 2.180423345137092, 48.804807103074452 ], [ 2.183067344841783, 48.805256918948061 ], [ 2.182657886302847, 48.80557970642878 ], [ 2.18258323886556, 48.805651148803214 ], [ 2.181924015647692, 48.80618448621933 ], [ 2.182048441051323, 48.806238402836534 ], [ 2.181608838743856, 48.806659015895647 ], [ 2.181569228024178, 48.806666839391774 ], [ 2.181398572577642, 48.806868937368755 ], [ 2.180997624805562, 48.807341978424432 ], [ 2.180724488199883, 48.807653101047897 ], [ 2.180385928469651, 48.808054614693155 ], [ 2.180456333037717, 48.808080280812433 ], [ 2.180368986957783, 48.808179516289712 ], [ 2.180008999644676, 48.808471154031039 ], [ 2.179776167255528, 48.808643142485593 ], [ 2.179671260097916, 48.808733262848868 ], [ 2.179599610117893, 48.808786735631806 ], [ 2.179488644425963, 48.808829145635947 ], [ 2.178552017789624, 48.809592606278997 ], [ 2.178179934880963, 48.809440747364782 ], [ 2.178009128817967, 48.809564590681738 ], [ 2.177767037417476, 48.809718523325564 ], [ 2.177568671483671, 48.809862862806263 ], [ 2.177384572915791, 48.809965927392916 ], [ 2.177308848301889, 48.810018471327439 ], [ 2.177271035400383, 48.810084767232254 ], [ 2.177282807401715, 48.810115428086746 ], [ 2.177314918259788, 48.810151625346819 ], [ 2.177403620531219, 48.810225987099855 ], [ 2.176393100221832, 48.810922365720224 ], [ 2.176361072856023, 48.810967115398611 ], [ 2.176361141980036, 48.811048961862667 ], [ 2.176421830837997, 48.811172598632744 ], [ 2.176554654691191, 48.811471217019836 ], [ 2.176593828124917, 48.811577616741459 ], [ 2.176569757347027, 48.811635912340549 ], [ 2.176542013411244, 48.811668099860896 ], [ 2.176531006710565, 48.811675219295211 ], [ 2.176447151528906, 48.811725008406633 ], [ 2.176134015028119, 48.811806495660704 ], [ 2.175977409621765, 48.811892658718222 ], [ 2.175937040909536, 48.811948143626942 ], [ 2.175918088952966, 48.812027160696438 ], [ 2.175855562026765, 48.812623035507542 ], [ 2.175869261212155, 48.812704076409368 ], [ 2.175916803134035, 48.812797942255017 ], [ 2.176006613803719, 48.812888501783128 ], [ 2.176151784462243, 48.813009123090872 ], [ 2.176218561088983, 48.81309232847115 ], [ 2.176350227753233, 48.813292004072018 ], [ 2.176670270949346, 48.813808667808409 ], [ 2.17674337393055, 48.814008838918738 ], [ 2.175705966620485, 48.814591699963472 ], [ 2.175406112572025, 48.814779406430524 ], [ 2.175058581834571, 48.814967682582441 ], [ 2.174815279917995, 48.815109908148685 ], [ 2.174100695459565, 48.815170630532613 ], [ 2.171355473159649, 48.815578852304427 ], [ 2.169315492582345, 48.815912765587122 ], [ 2.16834176003026, 48.814203424280329 ], [ 2.168131274788171, 48.813824209820964 ], [ 2.167874610224251, 48.813437478193926 ], [ 2.167670638402333, 48.813077195478087 ], [ 2.167391330448925, 48.812829712815308 ], [ 2.166855174423538, 48.812548960569956 ], [ 2.16653231468415, 48.812300272819932 ], [ 2.165274992090115, 48.81232387943416 ], [ 2.164423224699299, 48.812363799101114 ], [ 2.163399988601862, 48.812396217098907 ], [ 2.162728086954893, 48.812429288549424 ], [ 2.162531532128583, 48.812457592285959 ], [ 2.162044120721009, 48.812535123634675 ], [ 2.161618736947775, 48.812650863080435 ], [ 2.161428193621168, 48.812728674542704 ], [ 2.161277542970828, 48.812781582177188 ], [ 2.160906520847773, 48.812903996291794 ], [ 2.160491141771125, 48.813074665754655 ], [ 2.16026102022543, 48.813242138093663 ], [ 2.159860759468595, 48.813488461681416 ], [ 2.15854304401663, 48.8139612765058 ], [ 2.157344389329559, 48.81456532984695 ], [ 2.156910090829845, 48.814809604721752 ], [ 2.156516034617373, 48.8150073928133 ], [ 2.155675905353186, 48.815418787032499 ], [ 2.154866689363496, 48.815854677748909 ], [ 2.154557454110269, 48.816027875501291 ], [ 2.154492912481016, 48.816060697089078 ], [ 2.154303999513442, 48.816120520553781 ], [ 2.154058797113542, 48.816124182356809 ], [ 2.153585331698301, 48.816094748764002 ], [ 2.153417807437735, 48.816095361509674 ], [ 2.153238688222641, 48.816139063352082 ], [ 2.153043815290452, 48.816230321803388 ], [ 2.152627375618722, 48.81646301524281 ], [ 2.152120880338398, 48.816705861479882 ], [ 2.151764979687688, 48.816900306761347 ], [ 2.151639844304857, 48.81697406953036 ], [ 2.151560950319629, 48.817051757924972 ], [ 2.151401903000982, 48.817284474395436 ], [ 2.151342044445544, 48.817447741144974 ], [ 2.151282961305311, 48.81756334492318 ], [ 2.151225883788785, 48.817639389115534 ], [ 2.151086469123459, 48.817753523095313 ], [ 2.150968007912196, 48.817835427149234 ], [ 2.150879696211232, 48.817905852944556 ], [ 2.15082132916252, 48.817977390749824 ], [ 2.150790168641342, 48.818050920564652 ], [ 2.150771103129299, 48.818134429715194 ], [ 2.150757235774476, 48.81823326564195 ], [ 2.150748463342061, 48.818521012508747 ], [ 2.15074729048807, 48.81884389000821 ], [ 2.150302093771604, 48.818749887380974 ], [ 2.150584936574337, 48.819446236226632 ], [ 2.150786428136895, 48.819869487266359 ], [ 2.1512441300504, 48.820701985768267 ], [ 2.151352070766768, 48.820932099321944 ], [ 2.151421015533018, 48.821131356343898 ], [ 2.151469665067265, 48.821406018969526 ], [ 2.150961124558185, 48.82260760617951 ], [ 2.150446689546103, 48.823667942523102 ], [ 2.149018602550854, 48.826959479540911 ], [ 2.148762229728792, 48.827727538549262 ], [ 2.148481478955964, 48.828486429004599 ], [ 2.147912426951102, 48.830214611119189 ], [ 2.147359200437363, 48.831722549592044 ], [ 2.147330862964278, 48.831872546255752 ], [ 2.147017931584768, 48.832847055579364 ], [ 2.146049186968449, 48.835598576660615 ], [ 2.145953524884094, 48.835865911966842 ], [ 2.145909038680756, 48.836169588177398 ], [ 2.145861411439281, 48.836831198931222 ], [ 2.145867176600168, 48.836895096750361 ], [ 2.145987393243771, 48.837374430199475 ], [ 2.146107531512305, 48.837775515934098 ], [ 2.146204850933185, 48.838155752583909 ], [ 2.146250270962242, 48.838377326290718 ], [ 2.146257325451246, 48.838445730141125 ], [ 2.146250668248996, 48.838519432450262 ], [ 2.146223538920062, 48.838678430491974 ], [ 2.146138425014696, 48.838883782775667 ], [ 2.146092156469324, 48.838963497999828 ], [ 2.145961266894987, 48.839135245986867 ], [ 2.145819536581869, 48.83930331884855 ], [ 2.145759363581586, 48.839400022990525 ], [ 2.145730701475504, 48.839486159489667 ], [ 2.145719006667272, 48.839534642885603 ], [ 2.145719240377303, 48.839686641000995 ], [ 2.145838307313788, 48.840735276851277 ], [ 2.145840029914649, 48.840796447420679 ], [ 2.145727366208377, 48.841767879060313 ], [ 2.147479472952191, 48.843194211335557 ], [ 2.14862758422133, 48.844814082756301 ], [ 2.148753892809183, 48.845006550076356 ], [ 2.149357470428533, 48.845846369322388 ], [ 2.149372164635443, 48.845864461438254 ], [ 2.149409537427259, 48.845912394394524 ], [ 2.149642579668314, 48.846245023495008 ], [ 2.149847368969298, 48.846304938737632 ], [ 2.149850413184424, 48.846452458902455 ], [ 2.149872226742566, 48.846535356981342 ], [ 2.149975075950791, 48.84657925807501 ], [ 2.149963999574644, 48.846589971949037 ], [ 2.150024888729162, 48.846616486614558 ], [ 2.149983337635729, 48.846657562929089 ], [ 2.149978575258674, 48.846698900619778 ], [ 2.150621604129867, 48.847545287887499 ], [ 2.150767559635014, 48.847703715549223 ], [ 2.150876946215615, 48.847848392766366 ], [ 2.150956459172531, 48.847986562200987 ], [ 2.151039181181718, 48.848095074802337 ], [ 2.151275011743431, 48.848257736982326 ], [ 2.151329881988049, 48.848319284029969 ], [ 2.151531634970048, 48.848482603302685 ], [ 2.151731027552191, 48.848456136432659 ], [ 2.151797109334194, 48.848666160319816 ], [ 2.151936096005352, 48.848750787857256 ], [ 2.151965780548152, 48.848768985851805 ], [ 2.152238008357282, 48.848788902715491 ], [ 2.153025771402551, 48.848867331804094 ], [ 2.153211348687429, 48.848852456593548 ], [ 2.153392205946266, 48.848792578751251 ], [ 2.153587890732447, 48.848742698703234 ], [ 2.153818107433224, 48.848664282447324 ], [ 2.154305732291453, 48.848511238330289 ], [ 2.154575622589236, 48.848423207877524 ], [ 2.155201287287646, 48.848245053480689 ], [ 2.156515821084794, 48.847855903466524 ], [ 2.157081819787879, 48.847742973254739 ], [ 2.158055763038246, 48.84759963490486 ], [ 2.158384840156104, 48.847558780097877 ], [ 2.15987195689658, 48.847535055817524 ], [ 2.159924865223429, 48.847549817406737 ], [ 2.15988662604202, 48.847639486801739 ], [ 2.159865679781007, 48.84775535960506 ], [ 2.159376944787326, 48.848147653281778 ], [ 2.159296692628678, 48.848476261940263 ], [ 2.159141807053722, 48.84929180882073 ], [ 2.158833835412656, 48.849544167871919 ], [ 2.158512946057576, 48.84975236574379 ], [ 2.157843601658946, 48.850187451738336 ], [ 2.157733064232415, 48.850281108242108 ], [ 2.156550461898012, 48.851188342939906 ], [ 2.154884467931214, 48.85240333621784 ], [ 2.15437594093117, 48.85275049982485 ], [ 2.154364236595529, 48.852799882761047 ], [ 2.154248146040543, 48.853318901187492 ], [ 2.152468239093819, 48.854742608346946 ], [ 2.150749795185812, 48.856152334158203 ], [ 2.151263996014386, 48.856548109124816 ], [ 2.151212150815276, 48.856551338871853 ], [ 2.151171134801103, 48.85655914228029 ], [ 2.150911864593287, 48.856661630073617 ], [ 2.150837862578501, 48.856686287384264 ], [ 2.150181922424575, 48.856958637563793 ], [ 2.150130823489337, 48.856999645797224 ], [ 2.150467358641938, 48.857759306997082 ], [ 2.150342809512824, 48.858041724862019 ], [ 2.150685908174639, 48.858232129187599 ], [ 2.150995069771681, 48.858163272707117 ], [ 2.151542666296292, 48.859104301372795 ], [ 2.150133200597347, 48.859527796377407 ], [ 2.151133501328584, 48.860542190762196 ], [ 2.151168350918237, 48.860578412746584 ], [ 2.151222515730092, 48.860600381803678 ], [ 2.151456512498221, 48.860711764323206 ], [ 2.151599809873932, 48.860784729873366 ], [ 2.1518420004314, 48.860895270329195 ], [ 2.152202107711091, 48.861047117319906 ], [ 2.152344380651665, 48.861099389196418 ], [ 2.152432356290282, 48.861137785816062 ], [ 2.152833720431062, 48.861267438820562 ], [ 2.153290791419385, 48.861408277028836 ], [ 2.153180426194137, 48.861824803122495 ], [ 2.153104122808104, 48.861990646305124 ], [ 2.153141134013723, 48.862145599547851 ], [ 2.153220707635938, 48.862365608417697 ], [ 2.153273662062644, 48.862462215462045 ], [ 2.153332126996538, 48.862555263987723 ], [ 2.15340046900997, 48.862627696891224 ], [ 2.15401855421821, 48.863178883129777 ], [ 2.154349511693463, 48.863448334201649 ], [ 2.154423731536747, 48.863494726338352 ], [ 2.154544118002019, 48.863552236981164 ], [ 2.154796575065866, 48.863703315074318 ], [ 2.154941204580841, 48.863778983843147 ], [ 2.154777505375587, 48.863870462582803 ], [ 2.154520070789645, 48.864026033309884 ], [ 2.154178878103314, 48.864218784930287 ], [ 2.154023500264192, 48.864301327769354 ], [ 2.153917686896797, 48.864353642364357 ], [ 2.15378754361792, 48.864393193710669 ], [ 2.153758803524052, 48.864400185424351 ], [ 2.153974821149294, 48.864696704750905 ], [ 2.154096933398401, 48.864899925230169 ], [ 2.154202223028763, 48.865131806352977 ], [ 2.154374052323931, 48.865799450245035 ], [ 2.154476049652615, 48.866066382882032 ], [ 2.154651755520236, 48.866327540449873 ], [ 2.154883392730236, 48.866586394550254 ], [ 2.155395125537033, 48.867058575594605 ], [ 2.1554402455986, 48.867134440555105 ], [ 2.155499069535046, 48.867205905369154 ], [ 2.1555634334456, 48.867272013053707 ], [ 2.155711142992597, 48.867410657750902 ], [ 2.155882127928039, 48.867543170856862 ], [ 2.156407644203595, 48.868175530839245 ], [ 2.156697402855137, 48.868466268206646 ], [ 2.157155450259101, 48.868804057446241 ], [ 2.157296425475031, 48.868938155701251 ], [ 2.157341720179431, 48.869087768699224 ], [ 2.157347473897362, 48.869153462629548 ], [ 2.15734960373035, 48.869190351462372 ], [ 2.157321230998322, 48.86934304321948 ], [ 2.157203278822827, 48.869555361445009 ], [ 2.157213631105285, 48.86958961008019 ], [ 2.157202260325786, 48.869618309584538 ], [ 2.157188323288089, 48.869637098039739 ], [ 2.156999660603365, 48.869585405165168 ], [ 2.156630500665324, 48.869482975406328 ], [ 2.156515215841925, 48.869446188556921 ], [ 2.155464647973766, 48.869160877520336 ], [ 2.152673302216046, 48.868364999078636 ], [ 2.152348790927194, 48.868284456678055 ], [ 2.15220201385582, 48.868256436189348 ], [ 2.15205353714658, 48.868249088833693 ], [ 2.148735012576758, 48.868435983342877 ], [ 2.148478599810693, 48.868443153007419 ], [ 2.148475491371098, 48.8684665143454 ], [ 2.148245249815786, 48.868874086428121 ], [ 2.148014622236868, 48.869305038632262 ], [ 2.148856892634979, 48.869737329053009 ], [ 2.14937379521982, 48.870058478592952 ], [ 2.150082188868776, 48.87059233566297 ], [ 2.150391362210058, 48.870861640999102 ], [ 2.152155411625812, 48.87245972208428 ], [ 2.152741883034503, 48.873116809752673 ], [ 2.153449349559866, 48.874131795134886 ], [ 2.154255823719347, 48.875180750987433 ], [ 2.15555067691935, 48.877056956476572 ], [ 2.155827758192865, 48.877375483885217 ], [ 2.156188950802205, 48.877888864131819 ], [ 2.156892866775168, 48.878878616900288 ], [ 2.157009152818865, 48.879023332448725 ], [ 2.157196647260422, 48.879317841915231 ], [ 2.157268204659777, 48.87944605387608 ], [ 2.157524814297441, 48.879767130451924 ], [ 2.157588163525354, 48.879897083102016 ], [ 2.157680203085674, 48.880023640156494 ], [ 2.157763193594616, 48.880119555461178 ], [ 2.157933483919623, 48.880297925885934 ], [ 2.158044860219497, 48.880409329617002 ], [ 2.158165970005828, 48.880509110091261 ], [ 2.158318482890039, 48.88060641315839 ], [ 2.158729236211683, 48.880755894709701 ], [ 2.158885421819682, 48.880794764934329 ], [ 2.159043986033867, 48.88085523611317 ], [ 2.159340533230903, 48.880984127472587 ], [ 2.159729651376715, 48.881122661353508 ], [ 2.159834158265326, 48.881153073420293 ], [ 2.159959204082702, 48.881178233401954 ], [ 2.160107196657559, 48.88121794386543 ], [ 2.160276613210911, 48.881282086910446 ], [ 2.1606627472069, 48.88135224603937 ], [ 2.16085677957267, 48.881412064065501 ], [ 2.161026588836561, 48.881451926290751 ], [ 2.161449584324615, 48.881604182136499 ], [ 2.161616204473086, 48.881672800412268 ], [ 2.161798984022591, 48.881754122502599 ], [ 2.161901406307484, 48.881829485687859 ], [ 2.161987901362421, 48.881877756763998 ], [ 2.162094848648282, 48.881926170917644 ], [ 2.162263749176462, 48.882022684095134 ], [ 2.162355004493943, 48.882114157039076 ], [ 2.162576199688866, 48.882265896013209 ], [ 2.16271403127121, 48.882344204178409 ], [ 2.16282028627633, 48.882435781632033 ], [ 2.16286851884414, 48.882489180571234 ], [ 2.163060867045854, 48.882654207121028 ], [ 2.16316004571445, 48.88276192307265 ], [ 2.163227936626915, 48.882864923505608 ], [ 2.163297595863487, 48.882942754448223 ], [ 2.163380650190499, 48.883120506780507 ], [ 2.163470765002026, 48.883452996483499 ], [ 2.163536588888254, 48.883854566192959 ], [ 2.163541124268924, 48.883996695040992 ], [ 2.16353339064514, 48.884393253877384 ], [ 2.163507211606449, 48.884664674263689 ], [ 2.16351216588997, 48.884780724830776 ], [ 2.163484597250381, 48.884883957282 ], [ 2.163408610729195, 48.885030020128184 ], [ 2.163361422848185, 48.885250930043455 ], [ 2.163350713066669, 48.885408241105353 ], [ 2.16330970132064, 48.88558422669697 ], [ 2.163286973932848, 48.885640726782135 ], [ 2.163249974991059, 48.885736698421113 ], [ 2.163122552260201, 48.886198072460175 ], [ 2.16309016869153, 48.886346238404371 ], [ 2.163037331071159, 48.886494261342783 ], [ 2.162996649868274, 48.886649563997352 ], [ 2.162930088736642, 48.887057402123737 ], [ 2.162924431689353, 48.887324468493098 ], [ 2.162976567009072, 48.887559562354809 ], [ 2.163010214268139, 48.88767221583776 ], [ 2.163057656915635, 48.887775072922246 ], [ 2.163082212150594, 48.88794432160028 ], [ 2.163198613082426, 48.888169072254556 ], [ 2.163218446203854, 48.888207882725048 ], [ 2.163260406294501, 48.888312500048734 ], [ 2.16333453042758, 48.888452416571688 ], [ 2.1633817288012, 48.888570560609296 ], [ 2.163497259959364, 48.888764727013744 ], [ 2.163573557965735, 48.888854295185368 ], [ 2.163622583126328, 48.888943672799606 ], [ 2.16368536058034, 48.889025951679997 ], [ 2.163949207423607, 48.889326376702613 ], [ 2.164142290652141, 48.889617313642503 ], [ 2.164198886492226, 48.889659977889394 ], [ 2.164382708105634, 48.889848324456189 ], [ 2.164475820733338, 48.889910129616638 ], [ 2.16454707137553, 48.889974480198276 ], [ 2.164599187330277, 48.890041395267943 ], [ 2.16479175643588, 48.890194727741168 ], [ 2.164873729876323, 48.890270844367713 ], [ 2.1650830481281, 48.89048544850754 ], [ 2.165217658815623, 48.890596106933671 ], [ 2.1653102836335, 48.890688485661293 ], [ 2.165701328314185, 48.89105274684664 ], [ 2.165881890280024, 48.891189805545721 ], [ 2.166043274720611, 48.891332126444681 ], [ 2.166099456312765, 48.89140086775619 ], [ 2.166129828148173, 48.891463133906946 ], [ 2.166191392886342, 48.89153640936506 ], [ 2.166248506623488, 48.891632137356666 ], [ 2.166331992169526, 48.891699269958828 ], [ 2.166389264716393, 48.891785106205916 ], [ 2.166639359827368, 48.892094422026275 ], [ 2.166748336889211, 48.892273250106292 ], [ 2.166866282106918, 48.892573551577293 ], [ 2.166897314236822, 48.892679889786486 ], [ 2.166973189124043, 48.892881870125649 ], [ 2.167065559249242, 48.893075871042271 ], [ 2.167101773827629, 48.893199332673454 ], [ 2.16717628923344, 48.893315865930489 ], [ 2.167370809788315, 48.893689545718416 ], [ 2.167574824243581, 48.893981451065855 ], [ 2.167602514900863, 48.894041000014909 ], [ 2.167807249012343, 48.894373380159628 ], [ 2.167902152838635, 48.894494551201625 ], [ 2.168329118211585, 48.895003845470562 ], [ 2.168446104024924, 48.89510898124184 ], [ 2.168580891780835, 48.89520974378545 ], [ 2.168925522468606, 48.895494528466969 ], [ 2.169072371342855, 48.895608864193747 ], [ 2.169218144022755, 48.895705205482393 ], [ 2.169348699832832, 48.895814931114145 ], [ 2.169460334590013, 48.895913733303274 ], [ 2.169807917536611, 48.896185045596788 ], [ 2.170055639782348, 48.896389113747418 ], [ 2.170261987316207, 48.896536236383163 ], [ 2.17034399306928, 48.896611449585841 ], [ 2.170468135418579, 48.896695947983737 ], [ 2.170709172276368, 48.89689187430546 ], [ 2.170853630675579, 48.896985506330928 ], [ 2.170991041133436, 48.897093478781187 ], [ 2.171302831550739, 48.897300685618454 ], [ 2.171498976415166, 48.897403667832627 ], [ 2.171901721818347, 48.897638482331139 ], [ 2.172302515113528, 48.897824717728511 ], [ 2.172526934046128, 48.897951276340933 ], [ 2.172688872067328, 48.898061214848241 ], [ 2.172973868434237, 48.898238553871337 ], [ 2.173187393833277, 48.898364136611079 ], [ 2.173698581983182, 48.898642861500711 ], [ 2.173956506416281, 48.898807420559123 ], [ 2.174159282084999, 48.89892303463192 ], [ 2.174379390315696, 48.899063949223823 ], [ 2.174581868503938, 48.899198446530939 ], [ 2.175684067604085, 48.899885935095902 ], [ 2.175915309145435, 48.90001343329569 ], [ 2.176129218940722, 48.90011563044019 ], [ 2.176336025250244, 48.900235765019005 ], [ 2.176587871532711, 48.90035441022026 ], [ 2.177367300998722, 48.900666439268171 ], [ 2.180825800551713, 48.901936619811678 ], [ 2.181063269588026, 48.902016485672441 ], [ 2.181536647899219, 48.902188795938258 ], [ 2.182615793962785, 48.90252981762761 ], [ 2.185210297941556, 48.903061013927548 ], [ 2.186898549580729, 48.903361172017824 ], [ 2.188142478497012, 48.903636711262635 ], [ 2.190079121026595, 48.904107581458859 ], [ 2.190961012088849, 48.904331179261881 ], [ 2.19199079864921, 48.90460703001294 ], [ 2.19261395023346, 48.904801889845167 ], [ 2.193124055011122, 48.904985192943627 ], [ 2.193654192832746, 48.905196507851159 ], [ 2.194055525907523, 48.905356591366072 ], [ 2.194417650839125, 48.905582060726957 ], [ 2.195497503903018, 48.90632856553637 ], [ 2.196013346139239, 48.906671974588583 ], [ 2.196387710353294, 48.906901117059775 ], [ 2.197033698539505, 48.907210320815622 ], [ 2.198351485380214, 48.907748850235258 ], [ 2.200025809219674, 48.908437235604616 ], [ 2.200467697781703, 48.908624547434748 ], [ 2.201211580357232, 48.908958662988645 ], [ 2.202199181036331, 48.909325873533021 ], [ 2.203569728690096, 48.909900668090955 ], [ 2.204467710121441, 48.910242082477467 ], [ 2.20544539667295, 48.910636179339569 ], [ 2.205975751821694, 48.910840244768188 ], [ 2.206797909446579, 48.911235097866602 ], [ 2.20767239576119, 48.911688747092406 ], [ 2.20829025383597, 48.91206155366298 ], [ 2.20892936149141, 48.912473167960314 ], [ 2.209721019220663, 48.912992804139385 ], [ 2.210994610981461, 48.913854653097033 ], [ 2.211204144689384, 48.913983736206973 ], [ 2.211625003950129, 48.9143039660322 ], [ 2.212138945795257, 48.914694953257062 ], [ 2.212572221888833, 48.91509709904593 ], [ 2.213164818050147, 48.915701736627994 ], [ 2.213858718215265, 48.916285452040768 ], [ 2.214197104332568, 48.916557466953627 ], [ 2.215470952351843, 48.917412970913446 ], [ 2.216718298023035, 48.918218824811781 ], [ 2.218051885812947, 48.9190998708157 ], [ 2.219099029171692, 48.919793775875739 ], [ 2.220327843259553, 48.920568892289687 ], [ 2.220398136819997, 48.920613415995376 ], [ 2.220479225235724, 48.920666103699801 ], [ 2.222966696746874, 48.92223627141896 ], [ 2.224061674606956, 48.922934037704209 ], [ 2.224603622483636, 48.923289176164722 ], [ 2.226747902160304, 48.924735632067943 ], [ 2.227841995807051, 48.925499904578281 ], [ 2.230268930734329, 48.927133371399123 ], [ 2.231140371461003, 48.927732507518265 ], [ 2.230441462192996, 48.928294583359239 ], [ 2.230315891143492, 48.928387304586494 ], [ 2.229587679316769, 48.92899145431624 ], [ 2.229281049006361, 48.929236791289085 ], [ 2.227859079862833, 48.930418315779676 ], [ 2.226257388260957, 48.929546451973465 ], [ 2.22566188550586, 48.929208064282186 ], [ 2.224443961269138, 48.930796452984126 ], [ 2.224575726771487, 48.930838673603951 ], [ 2.223215029429742, 48.932934229628039 ], [ 2.223284044475898, 48.932974246212851 ], [ 2.222560295386739, 48.933909323372831 ], [ 2.222337470941198, 48.93420554632393 ], [ 2.221998086091932, 48.934628712871714 ], [ 2.221873816289052, 48.934632402607747 ], [ 2.221728777555836, 48.934655741959013 ], [ 2.221244013885665, 48.934759609790156 ], [ 2.221130474164671, 48.934775958685535 ], [ 2.220023732170518, 48.934848798876679 ], [ 2.219842083273471, 48.934855710275968 ], [ 2.219704528259194, 48.934835030170447 ], [ 2.217200473353133, 48.935966208288711 ], [ 2.217404106529921, 48.93640369848405 ], [ 2.217428240627739, 48.936523462898919 ], [ 2.217294858699997, 48.93722314595653 ], [ 2.216805609313472, 48.937078760004148 ], [ 2.216251347631377, 48.93690067283616 ], [ 2.216053653001871, 48.937156579470475 ], [ 2.215887063952425, 48.937159986223278 ], [ 2.215855255690622, 48.937368415488336 ], [ 2.215511373689886, 48.937360769375871 ], [ 2.215151959110199, 48.937206434819203 ], [ 2.215046685620295, 48.93739819540427 ], [ 2.214114137956646, 48.93705035065225 ], [ 2.213805742727028, 48.937404450610124 ], [ 2.213540567436246, 48.937698580266016 ], [ 2.213516833189704, 48.937733497182727 ], [ 2.213519128018945, 48.937762289804326 ], [ 2.213193132813624, 48.937654932247604 ], [ 2.212348622326754, 48.937804064818685 ], [ 2.211027986526602, 48.938023800749725 ], [ 2.210366012928823, 48.938017642798897 ], [ 2.210337540084443, 48.938004865026272 ], [ 2.210358996337466, 48.938929485356709 ], [ 2.208315736565775, 48.938998742219447 ], [ 2.208287977168925, 48.939566915302635 ], [ 2.207836658353118, 48.939531558636567 ], [ 2.207562733854216, 48.939500970404211 ], [ 2.207313215017444, 48.939481334527862 ], [ 2.206900542265732, 48.939418351657743 ], [ 2.206898548197803, 48.939638666502503 ], [ 2.206909169776825, 48.940016441888652 ], [ 2.206922026285239, 48.9402476464427 ], [ 2.206915874709383, 48.940382500359391 ], [ 2.206854563219259, 48.940911780714934 ], [ 2.20683799233706, 48.941103221301532 ], [ 2.206809266927023, 48.941375518118122 ], [ 2.20680917093962, 48.941381812559023 ], [ 2.206643994149715, 48.94129168904027 ], [ 2.206094019397629, 48.940653143933694 ], [ 2.205762502884812, 48.941354197964515 ], [ 2.205281254286287, 48.941400469511478 ], [ 2.205355226246009, 48.942098813972478 ], [ 2.20539135977208, 48.942235746517042 ], [ 2.205627133253647, 48.942977429608689 ], [ 2.205629478880122, 48.94300262542378 ], [ 2.205673007768089, 48.94319176589152 ], [ 2.206011523532124, 48.944626584871038 ], [ 2.206033217918296, 48.945083569801454 ], [ 2.206084159915114, 48.946128885827761 ], [ 2.206269945495588, 48.946122022469339 ], [ 2.206248520508643, 48.9463628910217 ], [ 2.206236960670238, 48.946494111174701 ], [ 2.206130484722756, 48.947566261392183 ], [ 2.206124214091042, 48.947619278063662 ], [ 2.206081924135416, 48.948064147181491 ], [ 2.206059008712685, 48.9483130990238 ], [ 2.206005260380048, 48.948792964279207 ], [ 2.205980916471105, 48.949135432666736 ], [ 2.205960785505303, 48.949380805530673 ], [ 2.205956003295075, 48.949425738355217 ], [ 2.205947804100968, 48.949515613040894 ], [ 2.205867428886432, 48.94986130720558 ], [ 2.20585225397395, 48.950407974628838 ], [ 2.205847650085055, 48.950441217830054 ], [ 2.205841310160241, 48.950498730335596 ], [ 2.205817137086361, 48.950740478940759 ], [ 2.205755909735404, 48.951441518432958 ], [ 2.205705213117553, 48.952078777785701 ], [ 2.205657042570453, 48.952550584617953 ], [ 2.205647490769416, 48.952639550779416 ], [ 2.20560544535048, 48.953157261565337 ], [ 2.20557984964366, 48.953402597260421 ], [ 2.205503198458491, 48.954129612026229 ], [ 2.205468562903172, 48.954519672594778 ], [ 2.205403546231045, 48.955200000830516 ], [ 2.205348080782596, 48.955791362731389 ], [ 2.205342734045452, 48.955873162199907 ], [ 2.205336159289412, 48.955945960677383 ], [ 2.205337428516831, 48.955952264081475 ], [ 2.204855838188507, 48.956012021194432 ], [ 2.204850362752235, 48.956012884167308 ], [ 2.204692541607794, 48.956063995935679 ], [ 2.20453883018124, 48.956114235476811 ], [ 2.203319293826757, 48.956565672810491 ], [ 2.203474640293007, 48.956765446708374 ], [ 2.203723104373823, 48.957126810600748 ], [ 2.203895723146533, 48.957358173456022 ], [ 2.203969543045594, 48.957442296930687 ], [ 2.203999073825161, 48.957475766467574 ], [ 2.204084976758649, 48.957573459324664 ], [ 2.204176052866115, 48.95769007139279 ], [ 2.204426273517061, 48.957937236177244 ], [ 2.204436660735674, 48.957972377133224 ], [ 2.204691681853041, 48.958173709711282 ], [ 2.204956125840198, 48.958384097001222 ], [ 2.205057634313891, 48.958533151629318 ], [ 2.205134422422661, 48.958602006149199 ], [ 2.205160009340406, 48.958625557104725 ], [ 2.20516081126345, 48.958662432996171 ], [ 2.20520755885416, 48.958731088321962 ], [ 2.20545318451791, 48.959011493634449 ], [ 2.205697461059484, 48.959290990134193 ], [ 2.205966888567723, 48.959622810921353 ], [ 2.206220248945434, 48.959933841151525 ], [ 2.206495076640482, 48.960270192660637 ], [ 2.20665251164685, 48.960424112104519 ], [ 2.206895428074712, 48.960614567946315 ], [ 2.206902173492673, 48.960620008243851 ], [ 2.207021978861569, 48.960734109913112 ], [ 2.207061031163275, 48.960770339374328 ], [ 2.207265646703329, 48.960965037507592 ], [ 2.207324881050357, 48.961021184455845 ], [ 2.207448730114213, 48.961138909494252 ], [ 2.207740835818829, 48.961417817970784 ], [ 2.207765073439451, 48.961440460097194 ], [ 2.207957773970555, 48.961610797626406 ], [ 2.208019891607693, 48.961657071157859 ], [ 2.208142775335701, 48.96174870991171 ], [ 2.208316866762974, 48.961885650580427 ], [ 2.208772041195851, 48.962308618111848 ], [ 2.209219549146443, 48.96269736056265 ], [ 2.209369065759826, 48.962834137483753 ], [ 2.209528019354956, 48.962979069906858 ], [ 2.209672157166536, 48.963110415278855 ], [ 2.209899829487605, 48.963316950934185 ], [ 2.2100844595483, 48.963480037259899 ], [ 2.210324398426706, 48.963688451371702 ], [ 2.210694675708348, 48.964038010152564 ], [ 2.210814783909798, 48.96413322473623 ], [ 2.21093721441426, 48.964255432777946 ], [ 2.211099235476544, 48.96437880040822 ], [ 2.211216559347046, 48.964477593339261 ], [ 2.211485597034574, 48.964749145623237 ], [ 2.211725142852813, 48.964623922473486 ], [ 2.212787974280565, 48.96406615830535 ], [ 2.213148519495928, 48.963886870617749 ], [ 2.213324544625929, 48.963807090546482 ], [ 2.21352241922586, 48.963727453514288 ], [ 2.214284947295036, 48.964512124955192 ], [ 2.214541737475188, 48.964781791470443 ], [ 2.214674587380042, 48.964938236286237 ], [ 2.214934921972414, 48.965244795339345 ], [ 2.215186378616907, 48.96550633184939 ], [ 2.215242854624332, 48.965565154332744 ], [ 2.215425750223664, 48.965754299560935 ], [ 2.21597847428665, 48.966326256086226 ], [ 2.216348320419974, 48.96670816723244 ], [ 2.216625401031545, 48.966992349560073 ], [ 2.216954908012947, 48.967332628442399 ], [ 2.216991213662661, 48.967370634981975 ], [ 2.217254833567273, 48.967642137920492 ], [ 2.217780378414688, 48.968116786002291 ], [ 2.218501805920909, 48.969009071152755 ], [ 2.218746682382146, 48.968892861916885 ], [ 2.219512904387285, 48.969532736668846 ], [ 2.219523668620653, 48.969543597977228 ], [ 2.220060736083743, 48.97007226620817 ], [ 2.220141523597835, 48.970150128851742 ], [ 2.220162077975831, 48.970145766147404 ], [ 2.220443104326113, 48.970078349244091 ], [ 2.220448594469024, 48.970076586387201 ], [ 2.220648741778623, 48.970028427237622 ], [ 2.220829983489685, 48.970239134956074 ], [ 2.220937401152388, 48.970363032851019 ], [ 2.221195189466279, 48.970661466367289 ], [ 2.221380479170385, 48.970875796466579 ], [ 2.222168636831894, 48.971788273712335 ], [ 2.222481484085307, 48.972150909131642 ], [ 2.222715121527763, 48.972421304873194 ], [ 2.223119500314058, 48.972326803789485 ], [ 2.223515028552509, 48.972184582796991 ], [ 2.224065113171787, 48.971937246744851 ], [ 2.224083016771626, 48.971927470610318 ], [ 2.224576455147359, 48.971631205176969 ], [ 2.224779606425106, 48.971473347759726 ], [ 2.225102039149027, 48.971285685541922 ], [ 2.225431003890578, 48.971117848554513 ], [ 2.22573289096731, 48.971025374499995 ], [ 2.230371243755359, 48.970130779315646 ], [ 2.230294627022267, 48.969677954810685 ], [ 2.230289416845669, 48.969660835238507 ], [ 2.230235331376592, 48.969623618035101 ], [ 2.230230454095582, 48.969584018838496 ], [ 2.230240240920951, 48.96956879405775 ], [ 2.230241939568294, 48.969546323201854 ], [ 2.230302459981856, 48.969517934969389 ], [ 2.230395032239994, 48.969446587407148 ], [ 2.230677244019374, 48.969205594989894 ], [ 2.23069100819809, 48.969198489116806 ], [ 2.231145892939016, 48.968826410249001 ], [ 2.231173766719722, 48.968788819562555 ], [ 2.231386068786234, 48.96847183842138 ], [ 2.231414194790117, 48.96841716313353 ], [ 2.231585564668138, 48.968004596448097 ], [ 2.231619897428607, 48.967899601652164 ], [ 2.231612247908735, 48.967862682506727 ], [ 2.231618016536817, 48.967842036219253 ], [ 2.231751657870748, 48.967486780766627 ], [ 2.232644972447367, 48.967761382161733 ], [ 2.23304212209502, 48.967875432298015 ], [ 2.233751948660738, 48.96799687487384 ], [ 2.234000766380109, 48.968074003131861 ], [ 2.234511304820345, 48.968186973960712 ], [ 2.234606655529247, 48.9682046686764 ], [ 2.235558267693558, 48.968324945488924 ], [ 2.235783709003444, 48.968320087356915 ], [ 2.236080393896508, 48.968300395020385 ], [ 2.236419865840538, 48.96825039917362 ], [ 2.236566529110454, 48.968215362041498 ], [ 2.237616990650264, 48.967928882054125 ], [ 2.237911486720483, 48.967778777001222 ], [ 2.238050256362045, 48.967723004660705 ], [ 2.238387649836492, 48.967628026496094 ], [ 2.238699619923081, 48.967496915153191 ], [ 2.239118888531031, 48.967406950997564 ], [ 2.240139430428401, 48.967202992018855 ], [ 2.240445930093362, 48.967165365675264 ], [ 2.240656303794151, 48.96706957658796 ], [ 2.240796644417193, 48.966999422669353 ], [ 2.240968776816323, 48.966903390932643 ], [ 2.241045611215706, 48.966879596874826 ], [ 2.241085269401189, 48.966876250758794 ], [ 2.241490518843764, 48.966903994151082 ], [ 2.241838446121882, 48.966835151772145 ], [ 2.241973795839026, 48.966826115375241 ], [ 2.242047714705699, 48.96681489204768 ], [ 2.242362863614351, 48.966745840981631 ], [ 2.24244517308242, 48.966721181346486 ], [ 2.242783272358198, 48.966576735348475 ], [ 2.243025184608362, 48.966847144668925 ], [ 2.24348558016751, 48.967215153816142 ], [ 2.243524924429361, 48.967233387413536 ], [ 2.243631537236515, 48.96713424078969 ], [ 2.243725086413216, 48.967088068670158 ], [ 2.243784126245522, 48.967066858465152 ], [ 2.243967760200082, 48.967024851246023 ], [ 2.244212851092857, 48.966983231066813 ], [ 2.244526057488715, 48.96695373001959 ], [ 2.244488562301355, 48.966902235369147 ], [ 2.244460391954563, 48.966866986329642 ], [ 2.24455490056922, 48.96684869700583 ], [ 2.244674044197872, 48.966826965683026 ], [ 2.244778008147585, 48.966815929903518 ], [ 2.244832649691161, 48.966815374717811 ], [ 2.244891388369663, 48.966814845304569 ], [ 2.244961157217855, 48.966807191139061 ], [ 2.245084436887023, 48.966782787636092 ], [ 2.245352899448041, 48.966730520996116 ], [ 2.245369961907957, 48.966778289726136 ], [ 2.24563600588236, 48.966704424730629 ], [ 2.245916419743554, 48.96667561305437 ], [ 2.24588351614779, 48.96658997540387 ], [ 2.246654222471725, 48.966375397112344 ], [ 2.246917466035146, 48.966306008035303 ], [ 2.247222721418439, 48.966164940394968 ], [ 2.247346336968724, 48.966117155622115 ], [ 2.247331587714882, 48.966098178355885 ], [ 2.247438632469847, 48.966062879283704 ], [ 2.247609955687306, 48.966021688506586 ], [ 2.247633250522848, 48.966016439024266 ], [ 2.247638583160655, 48.966025465193233 ], [ 2.247679801143491, 48.966008637615275 ], [ 2.248065225117283, 48.965895948124462 ], [ 2.248729153667146, 48.965602450297077 ], [ 2.249414587962271, 48.965332464431157 ], [ 2.249268237823538, 48.96525241243144 ], [ 2.249060885657015, 48.965046080192693 ], [ 2.248635624885118, 48.96460816871965 ], [ 2.248262474218715, 48.964250617469062 ], [ 2.248177725872736, 48.964161058169367 ], [ 2.249121549950457, 48.963966433767524 ], [ 2.249089956476878, 48.963884402097676 ], [ 2.250021364701126, 48.963697786328154 ], [ 2.24999341285522, 48.963647252218649 ], [ 2.252662504805369, 48.963523629172357 ], [ 2.253627205458518, 48.963490069330078 ], [ 2.253700879628513, 48.963685670049159 ], [ 2.253916328942891, 48.963614169582875 ], [ 2.254060287687838, 48.963575497144319 ], [ 2.25441420593151, 48.963467087573626 ], [ 2.254597545127454, 48.963729915681874 ], [ 2.254714023485888, 48.963702762189783 ], [ 2.254711820708628, 48.963665878323283 ], [ 2.2549224758062, 48.963642906983289 ], [ 2.255155315732201, 48.963596691983156 ], [ 2.255692690301329, 48.963552367090863 ], [ 2.256854075208668, 48.963421981203517 ], [ 2.256909841157221, 48.963629159450484 ], [ 2.256942012272747, 48.963671624599712 ], [ 2.257085711949288, 48.963650932386656 ], [ 2.257411245850489, 48.96361697777499 ], [ 2.258204722618115, 48.963522968734111 ], [ 2.258792012723815, 48.963425881660626 ], [ 2.258861736522646, 48.963420916963791 ], [ 2.258918797987208, 48.963441952874021 ], [ 2.258945802902933, 48.963463702293829 ], [ 2.259058181517047, 48.963436519258337 ], [ 2.260274557893693, 48.96308791686829 ], [ 2.260740887689634, 48.96294870750922 ], [ 2.260994254637131, 48.962899010645131 ], [ 2.261039447629891, 48.962890296418308 ], [ 2.261095539939827, 48.962883447879385 ], [ 2.261504216414242, 48.962764563559105 ], [ 2.26171550328594, 48.962696620566064 ], [ 2.262067829781236, 48.962602567018095 ], [ 2.263165642094169, 48.962329643797013 ], [ 2.263227030257297, 48.962334517350385 ], [ 2.263254456880789, 48.962326592403109 ], [ 2.263469553614748, 48.962182231528388 ], [ 2.263693288388196, 48.962006448739359 ], [ 2.263737089097369, 48.961999523493347 ], [ 2.264046355913775, 48.962148902714496 ], [ 2.264470104955972, 48.962025604420994 ], [ 2.26460347957592, 48.962155018454688 ], [ 2.265054683637396, 48.962987813117245 ], [ 2.26553104814694, 48.962910696478268 ], [ 2.265615462121405, 48.962929198907922 ], [ 2.26563162086591, 48.962945484761377 ], [ 2.2656650693761, 48.963091371655445 ], [ 2.26567568951345, 48.96311301921493 ], [ 2.265700067445122, 48.963127556842522 ], [ 2.265725925303021, 48.963134010079749 ], [ 2.266245177715408, 48.96311470661329 ], [ 2.2667793120474, 48.963105383884596 ], [ 2.267051006688456, 48.963111541173369 ], [ 2.267691986130132, 48.963176607656955 ], [ 2.267794407644792, 48.963177233074354 ], [ 2.267835623616191, 48.963450863265734 ], [ 2.267814314090247, 48.963606307098651 ], [ 2.267814957914939, 48.963657569490529 ], [ 2.268229628155638, 48.963791394189016 ], [ 2.26842540676289, 48.963854638405095 ], [ 2.26881363989369, 48.963926250067679 ], [ 2.268824210928889, 48.963951494106496 ], [ 2.269316600660226, 48.963997660291625 ], [ 2.270853128416825, 48.964091544077 ], [ 2.27116295330186, 48.964106017279974 ], [ 2.271276810455877, 48.964167859603691 ], [ 2.271316179296428, 48.9642823061684 ], [ 2.271336475005433, 48.964295918545858 ], [ 2.273081353545007, 48.964239062829236 ], [ 2.273076511744711, 48.964096948781958 ], [ 2.273084900549294, 48.96369232792145 ], [ 2.273101828754477, 48.963653761895856 ], [ 2.273676380055844, 48.963782241804736 ], [ 2.274192924537435, 48.963957129916572 ], [ 2.274501770828823, 48.964041731649466 ], [ 2.275354847219648, 48.964079263313849 ], [ 2.275473620753124, 48.964082678780578 ], [ 2.276111877913855, 48.96405056245947 ], [ 2.276158309826326, 48.964050842732618 ], [ 2.276192588642208, 48.964041157665328 ], [ 2.276277283620155, 48.964039870292282 ], [ 2.276100734184744, 48.963477660033533 ], [ 2.276530757325741, 48.963491046374621 ], [ 2.276532421486039, 48.963371453438342 ], [ 2.276531618920415, 48.963330981421052 ], [ 2.276531729764685, 48.963224868155876 ], [ 2.276534309089055, 48.963137654458357 ], [ 2.276533869384116, 48.963071105768513 ], [ 2.276534816774718, 48.962806725836366 ], [ 2.276535179630577, 48.962780649165559 ], [ 2.276536293220428, 48.962700620758 ], [ 2.276539070923991, 48.962500999310777 ], [ 2.276540107645698, 48.962328345466041 ], [ 2.276539955717503, 48.96224111521785 ], [ 2.276541006728372, 48.962165582750295 ], [ 2.276541417838595, 48.962037888661442 ], [ 2.276760362808091, 48.962006835593264 ], [ 2.278442460887533, 48.961842510269648 ], [ 2.279229313225073, 48.961827458396293 ], [ 2.279284644262743, 48.961382651447288 ], [ 2.279296927456187, 48.961284704627118 ], [ 2.279303162515729, 48.961228987234655 ], [ 2.279309260458975, 48.961183161008037 ], [ 2.279402056886082, 48.961188215047926 ], [ 2.279539904680405, 48.961194438972719 ], [ 2.279728228778346, 48.961204563028502 ], [ 2.279892530542003, 48.960385413416944 ], [ 2.279916770339054, 48.960212898609456 ], [ 2.279921394296865, 48.960076236895347 ], [ 2.279914284479116, 48.959997957449133 ], [ 2.279893320060938, 48.959933983164809 ], [ 2.27985779560825, 48.959836648323915 ], [ 2.279772269744264, 48.959701243666679 ], [ 2.279806545019474, 48.95969155752703 ], [ 2.279921598272203, 48.95966706884424 ], [ 2.279973550670915, 48.959662884449557 ], [ 2.280176765652413, 48.95968208999583 ], [ 2.28182025459665, 48.959933849098391 ], [ 2.282490696808013, 48.960039480529758 ], [ 2.282776815255319, 48.960087954414725 ], [ 2.282841750999351, 48.959934567163735 ], [ 2.283042303209911, 48.959453756149678 ], [ 2.284630178493285, 48.959579246021953 ], [ 2.284796612167236, 48.959591929382533 ], [ 2.284973945424083, 48.959606476052329 ], [ 2.285302716605579, 48.959631817170596 ], [ 2.285766527415311, 48.959668753087044 ], [ 2.286668255229818, 48.959738868395519 ], [ 2.287561779945986, 48.959809827438583 ], [ 2.287902818864889, 48.959837032840085 ], [ 2.288174301955072, 48.959857529477262 ], [ 2.288227619415811, 48.959853349613567 ], [ 2.288269938727892, 48.959854500080596 ], [ 2.288428722410156, 48.959827564999131 ], [ 2.288363843448511, 48.959379342277735 ], [ 2.288363081505501, 48.95923545411798 ], [ 2.28836257801042, 48.959072682741265 ], [ 2.288364632707069, 48.959022335650126 ], [ 2.288338629345504, 48.958527581069667 ], [ 2.288329674499352, 48.958383644168634 ], [ 2.288778986766027, 48.959180368262366 ], [ 2.288800306193335, 48.959219163443265 ], [ 2.288844335262135, 48.959294963488595 ], [ 2.288925726020439, 48.959434833430961 ], [ 2.288933759310414, 48.959446571612297 ], [ 2.288991161232319, 48.959543134153073 ], [ 2.289228915113506, 48.959933029317234 ], [ 2.289696584175559, 48.960687591709693 ], [ 2.289742030488223, 48.960759802615968 ], [ 2.289770080824487, 48.960805831597746 ], [ 2.289826218491887, 48.960895191940132 ], [ 2.289891706540637, 48.960999895229492 ], [ 2.289905042909699, 48.961023355254689 ], [ 2.290015966077966, 48.961201168459517 ], [ 2.29010816480412, 48.961350094013667 ], [ 2.290154941015913, 48.961425010397313 ], [ 2.290253833423334, 48.96158386740435 ], [ 2.290329990135852, 48.96170751820263 ], [ 2.290648387736174, 48.961893752529342 ], [ 2.29075812964492, 48.961958249842013 ], [ 2.290912580773028, 48.962049090268145 ], [ 2.29114156405997, 48.962182636782309 ], [ 2.291317706793166, 48.962285295392242 ], [ 2.291931535723712, 48.962640535897371 ], [ 2.291964077699422, 48.962657814163755 ], [ 2.292091453378044, 48.962731407000945 ], [ 2.292210843831398, 48.962789664984676 ], [ 2.292227121030071, 48.962797854481309 ], [ 2.29224475160761, 48.962806951232736 ], [ 2.292252884091459, 48.962811495577562 ], [ 2.292463171579131, 48.962914353934615 ], [ 2.292562188704138, 48.962964397922512 ], [ 2.292646306538226, 48.963005361248534 ], [ 2.292723633098412, 48.963043586651004 ], [ 2.293891079496447, 48.963665566405489 ], [ 2.294910746334245, 48.964209328432247 ], [ 2.294964970000552, 48.964239323076484 ], [ 2.294981248086876, 48.96424751218818 ], [ 2.295085659639474, 48.964302981321943 ], [ 2.295191424880421, 48.964359357584371 ], [ 2.295198204398821, 48.964362994500377 ], [ 2.295314809826182, 48.96442572923295 ], [ 2.29541922209255, 48.964481198067062 ], [ 2.295426001642772, 48.964484834969767 ], [ 2.295516855017899, 48.964533029910328 ], [ 2.295530401962304, 48.964541202900001 ], [ 2.29607686722983, 48.964832177396509 ], [ 2.296127043907387, 48.964858550665788 ], [ 2.296914867351543, 48.965279532762281 ], [ 2.296956899440378, 48.965302260850756 ], [ 2.297012503267136, 48.965331363349236 ], [ 2.297097921176062, 48.965377726640455 ], [ 2.297934585325203, 48.965824167452837 ], [ 2.298001030827207, 48.965859627805017 ], [ 2.298561071622174, 48.96615876331964 ], [ 2.298875962416975, 48.966305386488585 ], [ 2.299219558863101, 48.966146426186171 ], [ 2.300073106007813, 48.965848358203658 ], [ 2.300460276903742, 48.965698641288959 ], [ 2.30049669083149, 48.965733025804482 ], [ 2.301154374941992, 48.965475173733296 ], [ 2.301323562717468, 48.965386232912614 ], [ 2.301502720438028, 48.965266774862911 ], [ 2.301901797072154, 48.964941765629327 ], [ 2.303104861028085, 48.96403870482942 ], [ 2.303539990993984, 48.963671633824291 ], [ 2.304906481592308, 48.96239001203039 ], [ 2.305084904147607, 48.962221983638109 ], [ 2.306766681149082, 48.962996994907421 ], [ 2.307136118871923, 48.962740140879987 ], [ 2.307522792118993, 48.962932119906654 ], [ 2.308383822628048, 48.963295896656156 ], [ 2.308939580384329, 48.963508629891898 ], [ 2.309036211242238, 48.963328434003387 ], [ 2.309127199696468, 48.963161694514753 ], [ 2.309182048170071, 48.963042407924654 ], [ 2.309238441212675, 48.962909641180914 ], [ 2.309350485861844, 48.962699857902109 ], [ 2.309617786651736, 48.962419926252714 ], [ 2.309743620735242, 48.962302846527514 ], [ 2.309841748346039, 48.962215283052068 ], [ 2.310183960798438, 48.961950169457808 ], [ 2.3102809480501, 48.961845512942993 ], [ 2.310371047331483, 48.961745313071731 ], [ 2.310566809848541, 48.961812984601387 ], [ 2.310690315668541, 48.961871247789411 ], [ 2.310789252990599, 48.961928470372904 ], [ 2.310893450309058, 48.962001010657161 ], [ 2.310978810750902, 48.962155276008076 ], [ 2.31162506948284, 48.962237223894732 ], [ 2.311775059591856, 48.962255170904285 ], [ 2.311960472194709, 48.962279615848026 ], [ 2.312256344284551, 48.96231638454244 ], [ 2.312287693719329, 48.962321060672366 ], [ 2.313004873082046, 48.962410601931133 ], [ 2.313010905815348, 48.962367471644342 ], [ 2.3130551398326, 48.962327258001991 ], [ 2.313402039060402, 48.96211971533419 ], [ 2.314047321806701, 48.961758305485773 ], [ 2.314369277023143, 48.961577595309741 ], [ 2.314868788100288, 48.961291785184635 ], [ 2.315604852565819, 48.960879627132343 ], [ 2.31628059621052, 48.96048420665516 ], [ 2.317245148918569, 48.959933954216403 ], [ 2.317948261014656, 48.959532385076841 ], [ 2.318486038182141, 48.959241381598098 ], [ 2.3187033934656, 48.959120316067875 ], [ 2.318839534264531, 48.95904824865567 ], [ 2.31891888752555, 48.95903700890026 ], [ 2.319090825648814, 48.958942662775314 ], [ 2.319371945323052, 48.958749117214978 ], [ 2.319608978395187, 48.958584996736988 ], [ 2.319770201474556, 48.958474401947768 ], [ 2.319866092616904, 48.958451564869641 ], [ 2.319977380533358, 48.958400038384731 ], [ 2.320352231430704, 48.95824389209006 ], [ 2.320617311802549, 48.958127589882423 ], [ 2.32079555449136, 48.958072844892371 ], [ 2.322692672791019, 48.957525129024546 ], [ 2.322772966763542, 48.957546265782369 ], [ 2.322986668207776, 48.957599630286467 ], [ 2.323177156868145, 48.957652863378804 ], [ 2.323798961143906, 48.957827233028681 ], [ 2.3239581504241, 48.957872194911317 ], [ 2.325331017664505, 48.95825852013099 ], [ 2.325434340700745, 48.958294172971463 ], [ 2.325514427019758, 48.958331493554475 ], [ 2.325541492118342, 48.958350530461161 ], [ 2.325624262958498, 48.958391463147052 ], [ 2.325737319896096, 48.958413681417767 ], [ 2.326019526488319, 48.958555554059998 ], [ 2.326415668779688, 48.958757417882651 ], [ 2.326518783906216, 48.958809255442659 ], [ 2.32684846196289, 48.958976572214986 ], [ 2.326981421540638, 48.959043864475781 ], [ 2.327023473366273, 48.959065682953437 ], [ 2.32706553686474, 48.959086602212146 ], [ 2.327159152808699, 48.959133889542976 ], [ 2.327212070796481, 48.95916026526919 ], [ 2.327292113190793, 48.959201181449423 ], [ 2.327918964264277, 48.959515843527136 ], [ 2.327971412384485, 48.95947297258752 ], [ 2.32799761316915, 48.959453335515533 ], [ 2.327999025186739, 48.95944974635416 ], [ 2.328533048200808, 48.95902198820302 ], [ 2.32863928464346, 48.958938051775945 ], [ 2.328767624377034, 48.958834455063808 ], [ 2.329020147761445, 48.958631734295643 ], [ 2.329224389301157, 48.958466512197496 ], [ 2.329589251171054, 48.958235641941783 ], [ 2.329753287250628, 48.958116956120882 ], [ 2.330023183941725, 48.957943106888969 ], [ 2.330250459152913, 48.957791500716809 ], [ 2.330402179795786, 48.957674543724785 ], [ 2.330803482289034, 48.957370133009441 ], [ 2.330985611112756, 48.957224568306628 ], [ 2.332144527932292, 48.956302981797094 ], [ 2.332693688982799, 48.955860900210936 ], [ 2.333362935446441, 48.955317866020998 ], [ 2.333441161808965, 48.955393839742598 ], [ 2.333644057075522, 48.95565125987784 ], [ 2.333987572899618, 48.956124386541958 ], [ 2.33402380650769, 48.956174047698447 ], [ 2.334268490730846, 48.95604771004885 ], [ 2.3343886224354, 48.956157188771897 ], [ 2.334501996451005, 48.956261234229018 ], [ 2.334528994715059, 48.95628566438463 ], [ 2.33455329662663, 48.956307381756965 ], [ 2.335064397489605, 48.956811110850822 ], [ 2.335112487650755, 48.956787996504758 ], [ 2.335320079250841, 48.956999576665538 ], [ 2.335351082739026, 48.95703122297752 ], [ 2.335514937082128, 48.957139144260864 ], [ 2.335638070829389, 48.957120941913587 ], [ 2.335690818749844, 48.957160802040335 ], [ 2.336046091647046, 48.95746402518747 ], [ 2.33621983956321, 48.957652934479015 ], [ 2.336282032097293, 48.957701839297542 ], [ 2.336360759801015, 48.957739145098223 ], [ 2.336367047850048, 48.957781445556257 ], [ 2.336387105570921, 48.957814829528438 ], [ 2.336511147333871, 48.958046628130745 ], [ 2.336803790615077, 48.958443026098365 ], [ 2.336900318175989, 48.958583845844842 ], [ 2.336986506909631, 48.958678745635993 ], [ 2.33778060691913, 48.959697508105414 ], [ 2.337845099299904, 48.959780596862593 ], [ 2.337972879421206, 48.959934177857278 ], [ 2.337988773670599, 48.959972934101209 ], [ 2.338077640555297, 48.96007234408286 ], [ 2.33798548783787, 48.960231005633617 ], [ 2.337912151681892, 48.960306139162604 ], [ 2.337828420437514, 48.96044686172408 ], [ 2.337636525307256, 48.960716481200599 ], [ 2.337455172612838, 48.960908821644111 ], [ 2.33766183945439, 48.961195030786726 ], [ 2.337850962076385, 48.961464955820738 ], [ 2.337971723763071, 48.961633785317311 ], [ 2.338423159381545, 48.962218101589343 ], [ 2.338933183307638, 48.962921441725449 ], [ 2.339152917578596, 48.962825532253767 ], [ 2.339393443808628, 48.962705456766386 ], [ 2.339618433200576, 48.96262576214955 ], [ 2.339870665694147, 48.962551612670985 ], [ 2.340461905850243, 48.963421756888572 ], [ 2.340486053885618, 48.963456061732984 ], [ 2.340680468124265, 48.963741298195501 ], [ 2.34069922228089, 48.963770177746632 ], [ 2.341211408272485, 48.964522079016852 ], [ 2.341294518814611, 48.964645734594853 ], [ 2.341373635254527, 48.964761274796622 ], [ 2.34144603756696, 48.964867785433349 ], [ 2.341491650513628, 48.964932782828086 ], [ 2.342062732482924, 48.965781223940823 ], [ 2.342282748478815, 48.966095373919352 ], [ 2.342556281410211, 48.96649794439724 ], [ 2.342953181422673, 48.967081941468784 ], [ 2.343073870463073, 48.967258857726129 ], [ 2.343865039207028, 48.968421435849834 ], [ 2.344449272262018, 48.968233088417477 ], [ 2.344658767019886, 48.968191968140722 ], [ 2.345082199072944, 48.968190684124359 ], [ 2.34549625594461, 48.96806614887187 ], [ 2.345908650921506, 48.967964983877188 ], [ 2.346190969595018, 48.967889186947716 ], [ 2.346615800513353, 48.967776396936358 ], [ 2.346910454075963, 48.967697068471928 ], [ 2.347077595187286, 48.967656612583028 ], [ 2.347134764713793, 48.967672211231289 ], [ 2.347171301221286, 48.967699387918046 ], [ 2.347194451241132, 48.967704909490578 ], [ 2.34721760126589, 48.967710431058663 ], [ 2.347287344902276, 48.967703616576728 ], [ 2.348319454668795, 48.967523082559559 ], [ 2.348498626653732, 48.967503373045091 ], [ 2.349160218307169, 48.967352292528666 ], [ 2.349708292367009, 48.967213182527338 ], [ 2.350004382453251, 48.967127559431347 ], [ 2.350141225862826, 48.967106718783626 ], [ 2.350198699162996, 48.967098037600834 ], [ 2.350516493483083, 48.967024221218416 ], [ 2.350585094683301, 48.966999413431608 ], [ 2.350771699049258, 48.966931180722483 ], [ 2.351090108842293, 48.966807906836152 ], [ 2.351302828960748, 48.966726325696591 ], [ 2.35152105617244, 48.966641176914074 ], [ 2.351575943079197, 48.96662079070115 ], [ 2.351576001698853, 48.966506584942337 ], [ 2.351595987834054, 48.966327740150732 ], [ 2.351637331784872, 48.966188578270227 ], [ 2.351734108934497, 48.966094679060674 ], [ 2.351774196616765, 48.966056227534402 ], [ 2.352013701577444, 48.965907345305212 ], [ 2.352234745221982, 48.965815016313499 ], [ 2.352317124248266, 48.965780390068637 ], [ 2.352422574466679, 48.965757578743414 ], [ 2.352511591394552, 48.965738275645641 ], [ 2.35257048447573, 48.965725104685724 ], [ 2.353221575678563, 48.965646785159493 ], [ 2.353276293083558, 48.965639886160474 ], [ 2.35346633754799, 48.965623824911169 ], [ 2.353518716410143, 48.965695148903052 ], [ 2.353649545895651, 48.965828045451566 ], [ 2.353890770077106, 48.96576010222654 ], [ 2.353924968475967, 48.965755790164721 ], [ 2.35416024639825, 48.966056511281771 ], [ 2.354803953525511, 48.966903482201836 ], [ 2.355357324880947, 48.967437021138998 ], [ 2.355566741532766, 48.967621595499452 ], [ 2.355662873935097, 48.967689556457032 ], [ 2.356533258479216, 48.968434319466141 ], [ 2.356642639644062, 48.96853562321224 ], [ 2.356761303523254, 48.968659458088652 ], [ 2.356929158326536, 48.968781758083139 ], [ 2.356559348172399, 48.968974913603752 ], [ 2.356552519242988, 48.9689748769663 ], [ 2.356448582546808, 48.969095719111515 ], [ 2.35642399834414, 48.969095587192214 ], [ 2.356567299750384, 48.969325666804551 ], [ 2.356697222597234, 48.969533192993886 ], [ 2.356764199735968, 48.969639664601431 ], [ 2.356868251656754, 48.969840756981945 ], [ 2.356923549032345, 48.969897706693303 ], [ 2.357506229661173, 48.970827063923551 ], [ 2.357550602095386, 48.970883954759501 ], [ 2.357614939938579, 48.970983217551833 ], [ 2.357661955417788, 48.971047316541757 ], [ 2.357928082565906, 48.971397652812726 ], [ 2.358202952782491, 48.971814580045219 ], [ 2.358240541915618, 48.971867837245689 ], [ 2.358354775536334, 48.972019523304972 ], [ 2.358498526322502, 48.972214531348911 ], [ 2.358587220352386, 48.972332808097157 ], [ 2.358678591072413, 48.972455595350809 ], [ 2.358689329503749, 48.972470940100024 ], [ 2.358796813990998, 48.972616294768997 ], [ 2.35881830208752, 48.972646085045149 ], [ 2.358925820566029, 48.972788741988957 ], [ 2.358984932694929, 48.972869091568725 ], [ 2.359290767166723, 48.972770009169871 ], [ 2.359530761093944, 48.972693055792597 ], [ 2.359571937023145, 48.972677089076207 ], [ 2.359787443907567, 48.97259191114081 ], [ 2.360000351177579, 48.972495927887962 ], [ 2.360092053240501, 48.972481129839942 ], [ 2.360168088651587, 48.972518404918127 ], [ 2.360212930264363, 48.972537528465736 ], [ 2.360282213901575, 48.972568472671504 ], [ 2.360375806881651, 48.972622027838327 ], [ 2.360419216395701, 48.972646539195956 ], [ 2.36049516378473, 48.972691007624739 ], [ 2.360646461727296, 48.972828500883359 ], [ 2.360807034227861, 48.972989423963774 ], [ 2.36088235227462, 48.973085146258697 ], [ 2.360918700781743, 48.973128504131765 ], [ 2.360949674198955, 48.973164639321602 ], [ 2.361122265493663, 48.973348107299657 ], [ 2.361164133249567, 48.973386998214679 ], [ 2.361289792136932, 48.973499174889227 ], [ 2.361419987292142, 48.973686912867336 ], [ 2.361501883004404, 48.973803352547158 ], [ 2.361562333052145, 48.973886405635 ], [ 2.361610302296431, 48.973984679563763 ], [ 2.361628961346026, 48.974022547508362 ], [ 2.361722550501894, 48.973965493364069 ], [ 2.362009020593082, 48.97388608465473 ], [ 2.362266926973768, 48.973796631606234 ], [ 2.362542115143824, 48.973745937743374 ], [ 2.362672174464943, 48.973722349046177 ], [ 2.362653845519029, 48.973657505407971 ], [ 2.363297508303184, 48.973523338127507 ], [ 2.36370165045511, 48.973427464137252 ], [ 2.365291736135425, 48.973086079337477 ], [ 2.365465153410312, 48.973426914722836 ], [ 2.365522537298235, 48.97353782644393 ], [ 2.365561648781989, 48.973690906373825 ], [ 2.36562021252476, 48.973817111560471 ], [ 2.365741943332, 48.974028180510771 ], [ 2.365918366383269, 48.974011128231695 ], [ 2.365966228406374, 48.974006884977214 ], [ 2.366037541351283, 48.973983881344601 ], [ 2.36615276098149, 48.973944923149951 ], [ 2.366281694419451, 48.973901541036085 ], [ 2.366337927195703, 48.973882953812954 ], [ 2.36656561164224, 48.973806820690314 ], [ 2.366931822025468, 48.97368465719876 ], [ 2.366935941660947, 48.973682880436144 ], [ 2.367167733029573, 48.973605868588699 ], [ 2.367171841703722, 48.973604991013147 ], [ 2.367366599675008, 48.973540372927886 ], [ 2.367823338725979, 48.973387210294462 ], [ 2.367843914759638, 48.973380124715462 ], [ 2.368820455929212, 48.973054342351368 ], [ 2.368882172293017, 48.973033984279851 ], [ 2.369353283583051, 48.972933947372283 ], [ 2.369425861277197, 48.972919041648638 ], [ 2.371016454547935, 48.972644128506921 ], [ 2.371250553706208, 48.972601292488037 ], [ 2.371702197266607, 48.972529021165251 ], [ 2.37253737125274, 48.972368829802562 ], [ 2.375463806551267, 48.972096342393776 ], [ 2.375726334464835, 48.972074328508548 ], [ 2.376274933073071, 48.972003443840521 ], [ 2.377779810025445, 48.97180892815426 ], [ 2.378719662754574, 48.971687904705497 ], [ 2.38087840700317, 48.971412205562032 ], [ 2.381015206475262, 48.971394926565551 ], [ 2.381295634406506, 48.971360403332554 ], [ 2.381595226669042, 48.971322381242892 ], [ 2.382277854897985, 48.971235973567715 ], [ 2.382440508419151, 48.971226919384748 ], [ 2.382530729195128, 48.971221089118735 ], [ 2.38270295424143, 48.971211184602375 ], [ 2.382856046674786, 48.971202080647252 ], [ 2.383144454021525, 48.971185579228447 ], [ 2.383419192047321, 48.971169906099824 ], [ 2.383483440190695, 48.971165740101995 ], [ 2.383774578830177, 48.971149251209056 ], [ 2.384042487242048, 48.971133541564427 ], [ 2.384158680060371, 48.971126044947539 ], [ 2.384220417641443, 48.970987876865863 ], [ 2.384256888134159, 48.970907131266131 ], [ 2.384293379814147, 48.97082458725081 ], [ 2.384321452716001, 48.970760884334972 ], [ 2.384588051369248, 48.97016334931542 ], [ 2.385436737610971, 48.969431211522981 ], [ 2.385555386926437, 48.969331102886528 ], [ 2.385559548092608, 48.969325728674804 ], [ 2.385738929473538, 48.969171975667834 ], [ 2.385795564509871, 48.969118310411766 ], [ 2.385861940562687, 48.969049407669011 ], [ 2.385892253540675, 48.969027081506916 ], [ 2.385937749512508, 48.968991344246369 ], [ 2.386014945322075, 48.968931489362831 ], [ 2.38609908669524, 48.968861778170677 ], [ 2.386206966412186, 48.96874812489083 ], [ 2.386246966943075, 48.968715057147577 ], [ 2.386357333467628, 48.968622099323973 ], [ 2.387556231148895, 48.967606672926195 ], [ 2.387615551741065, 48.967556617489947 ], [ 2.387657043308423, 48.967512765786104 ], [ 2.387695697397087, 48.967477892143506 ], [ 2.387738406323648, 48.967446636214 ], [ 2.387770104489608, 48.967422518111483 ], [ 2.387859788760445, 48.967345639854258 ], [ 2.387894038318108, 48.967336822100464 ], [ 2.387996088062787, 48.967253712052582 ], [ 2.388027521367531, 48.967252073941182 ], [ 2.388883291281073, 48.966606275079101 ], [ 2.388990864322995, 48.966517796745947 ], [ 2.390242228258294, 48.965561960323399 ], [ 2.390658168919981, 48.965265520841363 ], [ 2.390717178251462, 48.965241540691011 ], [ 2.390986037374661, 48.965025285894598 ], [ 2.391128623618197, 48.965095252787577 ], [ 2.391158910968292, 48.965074723621093 ], [ 2.391502395809476, 48.964900212371873 ], [ 2.39156568028189, 48.964860966102044 ], [ 2.391780199514119, 48.964736158121298 ], [ 2.391837831529968, 48.964713069686233 ], [ 2.391959976378066, 48.964662431328186 ], [ 2.392206965173707, 48.964563865690224 ], [ 2.392238522858548, 48.964551436009032 ], [ 2.39224814564906, 48.964546089225792 ], [ 2.392494629258958, 48.96437378122944 ], [ 2.392526396891029, 48.964343367362957 ], [ 2.392846960004394, 48.964025753931402 ], [ 2.393213804464173, 48.963720963383622 ], [ 2.393300627575346, 48.963653958237863 ], [ 2.393334190136876, 48.963586683597391 ], [ 2.393561389243752, 48.963427764623852 ], [ 2.393969414523164, 48.963104295434391 ], [ 2.39442774303397, 48.962799963274655 ], [ 2.394564008335822, 48.962708926825123 ], [ 2.394549112099572, 48.962698060499299 ], [ 2.39432018586515, 48.962536836200357 ], [ 2.395414178595531, 48.961826545660884 ], [ 2.396116733106079, 48.961422720669063 ], [ 2.39623528093164, 48.961327995967764 ], [ 2.396541259877953, 48.961086735728649 ], [ 2.396673377212784, 48.961117076137974 ], [ 2.397360004887117, 48.960671797540243 ], [ 2.397491099372146, 48.960554653072066 ], [ 2.397840682677748, 48.960320802573122 ], [ 2.398421455646996, 48.959934337330886 ], [ 2.39890316274489, 48.959611220220125 ], [ 2.399073394551985, 48.959533837653268 ], [ 2.399187316541887, 48.959484049838785 ], [ 2.399308149125491, 48.959427102436713 ], [ 2.399832557034196, 48.959189625315801 ], [ 2.400216939793359, 48.959015293183299 ], [ 2.402536899245647, 48.957963946688643 ], [ 2.403293370661569, 48.958088214837488 ], [ 2.40481670978859, 48.957429432002336 ], [ 2.405204133229488, 48.957225423143719 ], [ 2.406234509758478, 48.956681979162944 ], [ 2.407067018986258, 48.956244560279281 ], [ 2.407286824786688, 48.95612874270352 ], [ 2.407355517741701, 48.956092212420813 ], [ 2.407440311729089, 48.956200543207594 ], [ 2.407916926022182, 48.956796411837999 ], [ 2.407920961008092, 48.956801827344194 ], [ 2.408170278023019, 48.957092621031656 ], [ 2.408336042574672, 48.957285881437073 ], [ 2.408471675770606, 48.957246983054965 ], [ 2.408908727181553, 48.957120543732522 ], [ 2.408932011918602, 48.957114363673796 ], [ 2.409312882409612, 48.957004731919731 ], [ 2.409584145670393, 48.956926932770351 ], [ 2.409845082308956, 48.957037028212355 ], [ 2.409816241803525, 48.957171775736796 ], [ 2.409668979351037, 48.957874274349031 ], [ 2.409752203490873, 48.957880978892256 ], [ 2.410905105100608, 48.957970279989084 ], [ 2.411114414228285, 48.957937136160758 ], [ 2.411479685522029, 48.957878678946841 ], [ 2.411974922583449, 48.957799275750567 ], [ 2.412136346381936, 48.957773988660485 ], [ 2.412485198928293, 48.957718145675855 ], [ 2.413685309358268, 48.957738408156786 ], [ 2.413663251863882, 48.957999086340706 ], [ 2.414938491530156, 48.958260705777064 ], [ 2.415363389519322, 48.958485795107421 ], [ 2.415574965103189, 48.958615420893821 ], [ 2.415603428826261, 48.958634444110487 ], [ 2.415755336738322, 48.95872690902533 ], [ 2.415781109951216, 48.958742322042688 ], [ 2.415789262689076, 48.958745958809409 ], [ 2.416095051769405, 48.958876941880028 ], [ 2.416930213571236, 48.959294665871887 ], [ 2.416949220212309, 48.959304650159503 ], [ 2.416996741888104, 48.959329161259092 ], [ 2.417435655528241, 48.959523736222401 ], [ 2.417794626705521, 48.959418467682113 ], [ 2.417882921010333, 48.959216562703965 ], [ 2.417889950037405, 48.959198611612372 ], [ 2.417940407898996, 48.959082851911397 ], [ 2.417983836574985, 48.958985043278133 ], [ 2.417988053952131, 48.958974272617361 ], [ 2.418303386541579, 48.958252796752163 ], [ 2.41839115625735, 48.957975350672015 ], [ 2.418406729990302, 48.957925966815523 ], [ 2.418392428321069, 48.957617450615174 ], [ 2.418391374620867, 48.957589568380961 ], [ 2.418705788704734, 48.957681918508783 ], [ 2.418811955795727, 48.957713008056075 ], [ 2.418867760336809, 48.957729465243318 ], [ 2.41906240380491, 48.95778616267107 ], [ 2.421598219583148, 48.958527722617681 ], [ 2.421629506522033, 48.958538664664538 ], [ 2.421908398507564, 48.958633532696282 ], [ 2.422245789295772, 48.958748465681197 ], [ 2.422395247996075, 48.958816630276381 ], [ 2.42252318817517, 48.95885501544786 ], [ 2.422701633182856, 48.958895442166337 ], [ 2.423511970446806, 48.958970382351332 ], [ 2.4244356593326, 48.959044961924072 ], [ 2.424892208215194, 48.959128985169485 ], [ 2.424989081746162, 48.959136643834668 ], [ 2.425184582119708, 48.95911689818729 ], [ 2.425318444412893, 48.959113942772916 ], [ 2.425423232971054, 48.959146818305534 ], [ 2.425499017502898, 48.959209230370561 ], [ 2.425654653940013, 48.959336771605315 ], [ 2.425841018269483, 48.959402410823579 ], [ 2.426070499091057, 48.95939721459365 ], [ 2.42652683860322, 48.959376916417952 ], [ 2.427022154228013, 48.95941345612539 ], [ 2.427354902462444, 48.959331414501364 ], [ 2.428041502535253, 48.959234873635751 ], [ 2.428233934847985, 48.959245683223074 ], [ 2.42849576935188, 48.95903020980338 ], [ 2.428710197750702, 48.959027634566191 ], [ 2.428844316426721, 48.959001295679386 ], [ 2.429024238124193, 48.958907730250559 ], [ 2.429244904478844, 48.958710044315289 ], [ 2.429305520567149, 48.958661772775429 ], [ 2.42943286958105, 48.958630005445869 ], [ 2.429640813889344, 48.958595923588803 ], [ 2.429774940841686, 48.958568684437139 ], [ 2.429877483186768, 48.9585574816508 ], [ 2.429948258507826, 48.958454403205188 ], [ 2.429986221719718, 48.958354765774324 ], [ 2.430019240544919, 48.958332441222325 ], [ 2.430168446415242, 48.958299877741787 ], [ 2.430407953356397, 48.958251556374179 ], [ 2.43069453707578, 48.958144106856416 ], [ 2.431027320590252, 48.958057558875112 ], [ 2.431374092403126, 48.95794050144238 ], [ 2.431605020982667, 48.957802210925948 ], [ 2.431784648599847, 48.957734718463847 ], [ 2.432200713263613, 48.957649461101681 ], [ 2.432466336428643, 48.95758507258784 ], [ 2.432631797021831, 48.957564273363559 ], [ 2.432636452770359, 48.95751303752143 ], [ 2.43264456554155, 48.957395272719921 ], [ 2.432825911133704, 48.95742041070099 ], [ 2.432843434768084, 48.957316179309053 ], [ 2.432851498000869, 48.957202910545895 ], [ 2.433032183470804, 48.957163298295718 ], [ 2.433123381013703, 48.956939813427574 ], [ 2.433179774383911, 48.956777313707065 ], [ 2.433386176778777, 48.956758505499337 ], [ 2.433564687684569, 48.956667624255346 ], [ 2.433760782619374, 48.956592113229561 ], [ 2.433810997007575, 48.956495230095967 ], [ 2.433934770161799, 48.956414880940365 ], [ 2.434101042632643, 48.955942654024227 ], [ 2.434348688651199, 48.955897960209882 ], [ 2.435024445922114, 48.955662841790357 ], [ 2.435310234403327, 48.955626419070747 ], [ 2.435343766722992, 48.955556434529406 ], [ 2.435378937779675, 48.955461278343705 ], [ 2.435467750043165, 48.955456300959213 ], [ 2.435644214020565, 48.955427456019557 ], [ 2.43565823926467, 48.955393350060447 ], [ 2.435640012051637, 48.955185534618359 ], [ 2.435677727766886, 48.955107476284844 ], [ 2.435770938157685, 48.955074642233271 ], [ 2.435927484800676, 48.955119442685621 ], [ 2.436066105722611, 48.955306242105728 ], [ 2.436156732004318, 48.955385803415531 ], [ 2.436294397696864, 48.955408932281742 ], [ 2.436482487372799, 48.955441290609045 ], [ 2.436823528264132, 48.955598465341893 ], [ 2.437088125523851, 48.955753481685953 ], [ 2.437256114710789, 48.955750673193194 ], [ 2.438069679565988, 48.955776970353909 ], [ 2.439132492314647, 48.955862880181094 ], [ 2.439824330707953, 48.95603427634412 ], [ 2.440196200181185, 48.956119644439838 ], [ 2.440813351123004, 48.956252917123038 ], [ 2.441157305649383, 48.956394805472492 ], [ 2.441352306539513, 48.95641999422245 ], [ 2.441654045851513, 48.956424097476877 ], [ 2.441851985256029, 48.956557210419405 ], [ 2.442271560999313, 48.95652409162274 ], [ 2.442772438021385, 48.956549801180223 ], [ 2.443334233785967, 48.956497555783017 ], [ 2.443485992280988, 48.95660797006888 ], [ 2.443745095850756, 48.956512951468497 ], [ 2.443835053371423, 48.956528656199538 ], [ 2.443924712818466, 48.956699931592901 ], [ 2.444032344981945, 48.956722912224755 ], [ 2.444096637692823, 48.95671241919036 ], [ 2.444457949384431, 48.956636757355533 ], [ 2.444573121357542, 48.956720922161047 ], [ 2.444789075635055, 48.956574443573381 ], [ 2.445016814562837, 48.956731069990369 ], [ 2.445179210252213, 48.956740814145036 ], [ 2.447486298865602, 48.955776668641384 ], [ 2.448013029410651, 48.95593916316097 ], [ 2.448572420134824, 48.955468725721964 ], [ 2.448912067045582, 48.955245471929018 ], [ 2.449226247519653, 48.955105731494022 ], [ 2.450041510643826, 48.954970987433555 ], [ 2.450306698798065, 48.954944326399399 ], [ 2.450649003661378, 48.954985462756497 ], [ 2.451053843646488, 48.955052963041879 ], [ 2.451466535810914, 48.955152871285456 ], [ 2.451646536205505, 48.955176176171641 ], [ 2.452628542665, 48.955285876837159 ], [ 2.452895591580061, 48.955341950605252 ], [ 2.45318914616885, 48.955474581842822 ], [ 2.453836258699394, 48.955617815963748 ], [ 2.454175839890123, 48.955658929786765 ], [ 2.45587853604342, 48.955668467357022 ], [ 2.45674908214013, 48.955730866731351 ], [ 2.456909215574727, 48.95569562173791 ], [ 2.456957184752389, 48.955678753053583 ], [ 2.457028357147091, 48.95566288868806 ], [ 2.457548391076299, 48.955553734218313 ], [ 2.457659236084005, 48.95553085487191 ], [ 2.458253741383282, 48.955350992577607 ], [ 2.458368813097022, 48.955315542021715 ], [ 2.458793437930037, 48.955188865156522 ], [ 2.45901119727987, 48.955126899625789 ], [ 2.459019408602413, 48.955125138153292 ], [ 2.459183644288462, 48.955089009365921 ], [ 2.459488566137891, 48.955049018347566 ], [ 2.459592743052548, 48.955273403861185 ], [ 2.459877695607954, 48.955709929899953 ], [ 2.460143536474442, 48.95614636901437 ], [ 2.460299049080212, 48.956556232265719 ], [ 2.460200954921251, 48.95679769147975 ], [ 2.460183964949903, 48.956987358693958 ], [ 2.460234266541466, 48.957140459191642 ], [ 2.460337673317234, 48.95730818681146 ], [ 2.460473918556106, 48.957864541783458 ], [ 2.460569016734498, 48.958175213750771 ], [ 2.460718304092, 48.958396203481499 ], [ 2.460829530922364, 48.958468644301064 ], [ 2.461141490291126, 48.958541987254442 ], [ 2.462199541099968, 48.95922927376332 ], [ 2.462601956994776, 48.959535926050918 ], [ 2.462946633788482, 48.959747896350635 ], [ 2.463135509242385, 48.959971757749351 ], [ 2.463403822740426, 48.960305683554949 ], [ 2.464022265678644, 48.960986488302218 ], [ 2.464181941158471, 48.96112928425373 ], [ 2.464254506507719, 48.961243813905106 ], [ 2.467346398377448, 48.964306057958737 ], [ 2.46949552172902, 48.963021559508299 ], [ 2.470592390822838, 48.96394004783668 ], [ 2.473100823646819, 48.965867400377896 ], [ 2.475030243265647, 48.967668066699119 ], [ 2.477797545069649, 48.966702664082092 ], [ 2.478532782694375, 48.967612306486423 ], [ 2.478824826621497, 48.967500270603068 ], [ 2.479277670397251, 48.968106532728179 ], [ 2.480767150285283, 48.969812568391063 ], [ 2.481509749626969, 48.969582876055881 ], [ 2.483829249892, 48.9683204460637 ], [ 2.486772198986429, 48.967258474521962 ], [ 2.490257507557484, 48.970069997348858 ], [ 2.488320890290878, 48.971297314254414 ], [ 2.490703763461721, 48.97317698462529 ], [ 2.490908290283779, 48.97335410455544 ], [ 2.492490359430908, 48.974585577265799 ], [ 2.496175981227113, 48.972598501828799 ], [ 2.496635947187143, 48.972917865892228 ], [ 2.497201755699187, 48.973310510462504 ], [ 2.497302164004094, 48.973380173007328 ], [ 2.497812153207956, 48.973754595686522 ], [ 2.49796136326716, 48.973863129369455 ], [ 2.49791055453037, 48.973890793202557 ], [ 2.496707563556865, 48.974550291278412 ], [ 2.49664164094768, 48.97458688356032 ], [ 2.496284576688717, 48.974783217758926 ], [ 2.496204924194917, 48.97482694606834 ], [ 2.495986577384333, 48.974945627898677 ], [ 2.495927518452447, 48.974978651653785 ], [ 2.495920653766232, 48.974982219770759 ], [ 2.495790180937131, 48.975054509939717 ], [ 2.495977326607447, 48.975054397228291 ], [ 2.496471805285408, 48.975056474002564 ], [ 2.496732695566211, 48.975058468142336 ], [ 2.496843338597293, 48.975058932315171 ], [ 2.497243565874382, 48.975060610507882 ], [ 2.49739229069307, 48.975078319367668 ], [ 2.497605242013713, 48.975093599343246 ], [ 2.498014353987601, 48.97516545297897 ], [ 2.498349956475094, 48.975210919813435 ], [ 2.498587409303211, 48.975235292916928 ], [ 2.499152356980884, 48.975296103844535 ], [ 2.499475797447785, 48.975328028120835 ], [ 2.50008309231652, 48.975389011349584 ], [ 2.500486996738162, 48.975434756826118 ], [ 2.500239401036986, 48.975612674368882 ], [ 2.500365788768965, 48.975680643920136 ], [ 2.500573712397042, 48.975793015620901 ], [ 2.501014037934052, 48.976029549845784 ], [ 2.50175640317353, 48.976394130159825 ], [ 2.501945389573699, 48.976487536690172 ], [ 2.502109909168734, 48.976568252005272 ], [ 2.500937136536249, 48.977352011288801 ], [ 2.500849141069481, 48.977410994928171 ], [ 2.500757021410941, 48.977472659052694 ], [ 2.500553657011993, 48.977595907453455 ], [ 2.500373635230397, 48.977706663383955 ], [ 2.500858761778648, 48.977973958390514 ], [ 2.500932139434445, 48.97801472942588 ], [ 2.501424067471098, 48.978285647294413 ], [ 2.501587148293294, 48.978374450332687 ], [ 2.501634701423794, 48.978401625045493 ], [ 2.501876591841172, 48.978534817727805 ], [ 2.503345023504247, 48.979263893375496 ], [ 2.503763817074798, 48.979470652592646 ], [ 2.503854553461506, 48.979410779027894 ], [ 2.503994794493294, 48.979316939083844 ], [ 2.504859110447907, 48.978789959747182 ], [ 2.505008555201834, 48.978876903301106 ], [ 2.506333148991762, 48.979653007852626 ], [ 2.506429594534757, 48.979710955857172 ], [ 2.506717600499413, 48.979881196963888 ], [ 2.506343324465939, 48.980307693811284 ], [ 2.507006542312542, 48.980385057794827 ], [ 2.507100709716285, 48.980395336343442 ], [ 2.507204431366508, 48.980406553302529 ], [ 2.508135127939677, 48.980514684298193 ], [ 2.508618228599861, 48.980569719031571 ], [ 2.508816110525459, 48.980592111077819 ], [ 2.509229172805573, 48.979817760992546 ], [ 2.509363940346663, 48.979868669497762 ], [ 2.509671625051543, 48.979981432816487 ], [ 2.509911235167051, 48.980069637862648 ], [ 2.510744416789382, 48.980377879810945 ], [ 2.51060220088074, 48.980537363658378 ], [ 2.510527626511698, 48.980622486780767 ], [ 2.51144647199286, 48.98097513566124 ], [ 2.511728262106967, 48.981082392673095 ], [ 2.512709738337398, 48.981459565895648 ], [ 2.513063669313006, 48.981595888217399 ], [ 2.513180744381333, 48.981640425859176 ], [ 2.513776992998513, 48.981869451024295 ], [ 2.514096910378789, 48.981991244613809 ], [ 2.5142983691101, 48.982070293789548 ], [ 2.514708127576084, 48.982227519540821 ], [ 2.514719023221285, 48.982231160551386 ], [ 2.514689914161439, 48.982276004490764 ], [ 2.514645533809561, 48.982346864418744 ], [ 2.514554040421655, 48.982488573154939 ], [ 2.514488360853168, 48.982645673247319 ], [ 2.514261536504482, 48.982941502101646 ], [ 2.514084085426672, 48.983216848084005 ], [ 2.513948223568544, 48.983427617476167 ], [ 2.513457455472319, 48.984188177415461 ], [ 2.513395066955937, 48.984285041468596 ], [ 2.513289702524237, 48.984448274318808 ], [ 2.51277535200231, 48.985244704402888 ], [ 2.51260206823877, 48.985511072271329 ], [ 2.512434289867029, 48.985772966048216 ], [ 2.512269301385038, 48.986028576258498 ], [ 2.512256811000527, 48.986049207790437 ], [ 2.512336045289367, 48.986050429111145 ], [ 2.512412547073965, 48.986051639274507 ], [ 2.513158445978277, 48.986062761413159 ], [ 2.513550544156079, 48.986066150307678 ], [ 2.514806006222605, 48.986084722565543 ], [ 2.51592897588503, 48.986099150259442 ], [ 2.515941272185493, 48.986099199871298 ], [ 2.516214506571237, 48.98610210042547 ], [ 2.516559943424439, 48.98612777207979 ], [ 2.516685697555673, 48.986121984125482 ], [ 2.516708932274877, 48.986121178492432 ], [ 2.517005526892051, 48.986109783655927 ], [ 2.516985847320633, 48.986463101934717 ], [ 2.516984364049121, 48.986475685185148 ], [ 2.516984297188398, 48.986482878757045 ], [ 2.516962732858916, 48.986891941569226 ], [ 2.516962707784825, 48.98689463915764 ], [ 2.516960840024361, 48.986948585423427 ], [ 2.516947770075527, 48.987178735589737 ], [ 2.516942885531739, 48.987263243497232 ], [ 2.516941385510062, 48.987277625129252 ], [ 2.516923230174117, 48.987613863795282 ], [ 2.516971017085964, 48.987617653108749 ], [ 2.518296490037075, 48.987752471040331 ], [ 2.51846303690909, 48.987768426482731 ], [ 2.518656868243077, 48.987788987302842 ], [ 2.519201539566857, 48.987843326492687 ], [ 2.519141763822564, 48.988544485189472 ], [ 2.519126586224711, 48.988708083885953 ], [ 2.519009419217564, 48.98999980423369 ], [ 2.518998614536185, 48.990133745735633 ], [ 2.518995640434299, 48.990159811392523 ], [ 2.5189227210169, 48.990951737630276 ], [ 2.51938680073888, 48.991006651758298 ], [ 2.519704819379766, 48.991045692666056 ], [ 2.519973706708547, 48.991078241599091 ], [ 2.520001009529127, 48.991081048502629 ], [ 2.520153878807724, 48.991099644464455 ], [ 2.520451778387546, 48.992282417704772 ], [ 2.522458854748201, 48.992162732369657 ], [ 2.522778777716496, 48.992144222235318 ], [ 2.522799740253204, 48.99224232111748 ], [ 2.522810200906961, 48.992293618533729 ], [ 2.522814101981123, 48.992315215442744 ], [ 2.522850825930663, 48.992482617278668 ], [ 2.522882249532914, 48.992632013510466 ], [ 2.522915072771792, 48.992777818379672 ], [ 2.522945171578787, 48.992922713163331 ], [ 2.522996233833827, 48.993165706681957 ], [ 2.523032934209157, 48.993335805901019 ], [ 2.523076169961477, 48.993538303110668 ], [ 2.523104977477911, 48.993675099601916 ], [ 2.523153465084295, 48.993900997397979 ], [ 2.523180931294919, 48.994035090822457 ], [ 2.523228110852003, 48.994254688749436 ], [ 2.523703130937679, 48.995057782638618 ], [ 2.523806768567881, 48.995230844639217 ], [ 2.524362620489658, 48.996162844512263 ], [ 2.524365304143412, 48.996168250477695 ], [ 2.524412408094987, 48.996247568650972 ], [ 2.524529987283937, 48.996391010766942 ], [ 2.524616498904479, 48.996494763947474 ], [ 2.524755688788137, 48.996666167262937 ], [ 2.525150361353396, 48.997144316630383 ], [ 2.525412572133433, 48.997462778701973 ], [ 2.525430140237299, 48.997484429464187 ], [ 2.525520697670648, 48.9975944924118 ], [ 2.526155968825327, 48.998365835393884 ], [ 2.526239770215824, 48.998467778044606 ], [ 2.526242478781823, 48.998470486395448 ], [ 2.526600657567182, 48.998907121925505 ], [ 2.526785841584355, 48.999131757776745 ], [ 2.527564450282679, 49.000075407775228 ], [ 2.527873991662036, 49.000452498923181 ], [ 2.527904057616967, 49.000452617200239 ], [ 2.528755650286399, 49.000436181384735 ], [ 2.52892787878184, 49.000433260680836 ], [ 2.529152063792368, 49.000427845934738 ], [ 2.529158693233144, 49.00045035238054 ], [ 2.529217105893013, 49.000640316399618 ], [ 2.529290169163359, 49.000872601021086 ], [ 2.529380470107476, 49.0011634022365 ], [ 2.529640738673497, 49.002003391515444 ], [ 2.530059380550374, 49.001956473858741 ], [ 2.530170203131346, 49.001943419515939 ], [ 2.530443822339977, 49.001913017803489 ], [ 2.530477387801223, 49.001979691113441 ], [ 2.530201117446138, 49.002303226910598 ], [ 2.530405771644296, 49.002493762367052 ], [ 2.530736490183882, 49.002799889982121 ], [ 2.531067196388026, 49.003107814963762 ], [ 2.531072622623889, 49.00311233224037 ], [ 2.531151919213224, 49.00326101251018 ], [ 2.531338679412848, 49.003617830982563 ], [ 2.531412559311633, 49.003761094564396 ], [ 2.531450203050628, 49.003830481041987 ], [ 2.531506632356995, 49.003938607049541 ], [ 2.532189253203343, 49.005237935879251 ], [ 2.532198780041578, 49.005242469077452 ], [ 2.532995134081384, 49.00560165865253 ], [ 2.534198513449978, 49.006146761623839 ], [ 2.534425855859096, 49.00624925467762 ], [ 2.534477656798181, 49.006264742208245 ], [ 2.53487699046419, 49.006393079282006 ], [ 2.535482141226449, 49.006586055766554 ], [ 2.535529496658979, 49.006334459703034 ], [ 2.535549652724542, 49.006220337772177 ], [ 2.535571239797563, 49.00609902766567 ], [ 2.535638653581889, 49.005744099629062 ], [ 2.535727781386338, 49.005253474295991 ], [ 2.538374679401067, 49.005322132731173 ], [ 2.538382713052924, 49.005648577776284 ], [ 2.53838612665258, 49.005879688463011 ], [ 2.538385743119596, 49.00592284917213 ], [ 2.538388236971177, 49.005949835127723 ], [ 2.538390547506828, 49.00615126751164 ], [ 2.538391331006401, 49.006216912995754 ], [ 2.540916669185141, 49.006281450685925 ], [ 2.541198180073024, 49.00628792238021 ], [ 2.541182294050246, 49.006074748469985 ], [ 2.541151801802258, 49.005658296739263 ], [ 2.544040053405134, 49.005639629779438 ], [ 2.544051720126725, 49.00540048367597 ], [ 2.544053615662965, 49.005340243656221 ], [ 2.544058789267579, 49.005217970433584 ], [ 2.544077114463054, 49.004843068418701 ], [ 2.544082043326473, 49.004748669804563 ], [ 2.545049205562794, 49.004808990223964 ], [ 2.545509658949479, 49.004826920559523 ], [ 2.546950852304252, 49.004915996114121 ], [ 2.546944475619896, 49.005020280682167 ], [ 2.547817606042323, 49.005049650542865 ], [ 2.547829252328891, 49.004967866099662 ], [ 2.547851295435206, 49.004790804296931 ], [ 2.547898083377756, 49.00444028762022 ], [ 2.547931748500138, 49.004184138752827 ], [ 2.547940441858947, 49.004127521076327 ], [ 2.547949205618961, 49.004062810743463 ], [ 2.548047300802332, 49.00331323618547 ], [ 2.548076574926142, 49.003090341389864 ], [ 2.549259557083951, 49.003162231115077 ], [ 2.549259510274078, 49.003167626221988 ], [ 2.549047967917633, 49.004864545846068 ], [ 2.549026014724403, 49.005031716844535 ], [ 2.548990714453078, 49.005319332069824 ], [ 2.548959982538868, 49.005553011670607 ], [ 2.548946619794001, 49.005675254247237 ], [ 2.548933459986062, 49.005774118070178 ], [ 2.548901056239833, 49.006042860517688 ], [ 2.548874720596656, 49.00624238643767 ], [ 2.548843847046493, 49.006492251073595 ], [ 2.548842316254448, 49.006511128749942 ], [ 2.548839434283818, 49.006528202925132 ], [ 2.548830554073035, 49.006606400894746 ], [ 2.548818768419056, 49.006704370574134 ], [ 2.549044274960408, 49.006707016472262 ], [ 2.549743983581198, 49.006720433880332 ], [ 2.551055957646896, 49.006743332571823 ], [ 2.551564345967666, 49.006752426754851 ], [ 2.552072734466419, 49.006761518784437 ], [ 2.552305067686031, 49.006765083241532 ], [ 2.552913240806829, 49.006773644653585 ], [ 2.552982916815945, 49.006777501012969 ], [ 2.553078554362989, 49.006782353214049 ], [ 2.553086136307052, 49.006854318279537 ], [ 2.553102667067261, 49.006998253483431 ], [ 2.553152244427725, 49.007431857325827 ], [ 2.553176264925503, 49.007658547618398 ], [ 2.553193136498477, 49.00776291874466 ], [ 2.553192803925633, 49.007801583519303 ], [ 2.553206000451908, 49.007856484425744 ], [ 2.553217118658468, 49.007994104860991 ], [ 2.553230854597004, 49.008145223160064 ], [ 2.55328802434087, 49.008649892227709 ], [ 2.553411046277973, 49.009762670760409 ], [ 2.553455632812103, 49.010141403091964 ], [ 2.553503589963703, 49.010128093376643 ], [ 2.553660380704331, 49.010175435289121 ], [ 2.553669925774301, 49.010178168404096 ], [ 2.553946686910863, 49.010262823477511 ], [ 2.5541402920436, 49.010321092040854 ], [ 2.554219363691366, 49.010345664319665 ], [ 2.554324352468825, 49.010376627227089 ], [ 2.554516591549757, 49.010434890102076 ], [ 2.554584759188745, 49.010455824838893 ], [ 2.555353735835326, 49.010687074429612 ], [ 2.55538209908783, 49.010886803421975 ], [ 2.55538338903147, 49.010895800268003 ], [ 2.555385853468732, 49.010927281633812 ], [ 2.555389692519173, 49.010957868883388 ], [ 2.555386812454021, 49.010974943143687 ], [ 2.555878730751228, 49.01115660552454 ], [ 2.5560586183835, 49.011221114615466 ], [ 2.556253488834072, 49.011291973264797 ], [ 2.556474254597015, 49.011371919337947 ], [ 2.556550564391606, 49.011400076666931 ], [ 2.556987989972915, 49.011560851335467 ], [ 2.557493542799748, 49.011747952510994 ], [ 2.557920107596766, 49.01190059081874 ], [ 2.558073044055752, 49.011920037280476 ], [ 2.558161780362242, 49.011933852020867 ], [ 2.558698384052736, 49.012006863204959 ], [ 2.559071123977485, 49.012059487661112 ], [ 2.559217234249091, 49.012078008378992 ], [ 2.559524727876395, 49.012087229953167 ], [ 2.560011245560918, 49.012102502298397 ], [ 2.560466339026176, 49.012115859200975 ], [ 2.561066290886673, 49.012134240180345 ], [ 2.5617291074919, 49.012154646110289 ], [ 2.561819310729879, 49.012156773825708 ], [ 2.562379629678097, 49.01217410435229 ], [ 2.563117599127585, 49.012198373389325 ], [ 2.563528959474946, 49.012210660293846 ], [ 2.564183568790811, 49.012231922025101 ], [ 2.564745256286594, 49.012249246471114 ], [ 2.564854597090342, 49.01225144129458 ], [ 2.565122263021966, 49.012282984263251 ], [ 2.565551094019402, 49.012331295722134 ], [ 2.565583893313416, 49.012332313630459 ], [ 2.565698698827125, 49.01184446066744 ], [ 2.565738446550818, 49.011668360209441 ], [ 2.565752566927104, 49.011614458961766 ], [ 2.565765372963953, 49.011554258516149 ], [ 2.565888729760921, 49.011024173275175 ], [ 2.566582665560472, 49.011081532453765 ], [ 2.56667828229592, 49.011089970514078 ], [ 2.566802596846999, 49.011099411274458 ], [ 2.569137206144138, 49.011283159012436 ], [ 2.569620085126515, 49.010417157567154 ], [ 2.56965061882454, 49.01036151624821 ], [ 2.569758830803012, 49.010169473986366 ], [ 2.5699266445962, 49.009877833214787 ], [ 2.569940507021717, 49.009854503506588 ], [ 2.570004336544371, 49.009739633707902 ], [ 2.570030679471676, 49.009694767729513 ], [ 2.570094456505008, 49.009586192127855 ], [ 2.570272139619436, 49.00925771857581 ], [ 2.570593629995076, 49.009060144299099 ], [ 2.570567711596, 49.009053757122643 ], [ 2.570419065399374, 49.009011861681941 ], [ 2.56993220432877, 49.008876136339488 ], [ 2.569524452089266, 49.008761374513981 ], [ 2.569717219816249, 49.008592115425309 ], [ 2.570108233759472, 49.008251817456518 ], [ 2.570124762384584, 49.008236590115239 ], [ 2.570535055344512, 49.007878375537238 ], [ 2.570726427380167, 49.007711807341323 ], [ 2.570411522619524, 49.007609969325586 ], [ 2.570209767909368, 49.007544504035472 ], [ 2.570074816885791, 49.007499959504003 ], [ 2.569562247177332, 49.007334466429164 ], [ 2.569101477991269, 49.007186242076749 ], [ 2.56863575231417, 49.007141407171169 ], [ 2.568114010531822, 49.007093671279158 ], [ 2.567513076978516, 49.007035756488584 ], [ 2.56695037796124, 49.006982472682921 ], [ 2.566749606886368, 49.006963763953749 ], [ 2.566677439367785, 49.007258444088905 ], [ 2.566632268422114, 49.007430029945283 ], [ 2.566588552633979, 49.007427174471196 ], [ 2.565395813951206, 49.007363513837788 ], [ 2.565117095622275, 49.007349016171069 ], [ 2.564708582385042, 49.00732775274691 ], [ 2.564502283202432, 49.00731621389248 ], [ 2.564495449109793, 49.007316189095988 ], [ 2.564543516440611, 49.006962974190017 ], [ 2.564596309063022, 49.006535141868504 ], [ 2.564641761981437, 49.00616752981874 ], [ 2.564696198552368, 49.005706432306518 ], [ 2.564702306108845, 49.005630021550729 ], [ 2.565056142530405, 49.00565018774104 ], [ 2.56563681130205, 49.005677468480258 ], [ 2.565922354687296, 49.005691989678795 ], [ 2.566257072149256, 49.005710284755878 ], [ 2.5668103916825, 49.005739259393721 ], [ 2.566949757989092, 49.005745157577913 ], [ 2.566977135887166, 49.005576204775785 ], [ 2.567461936017641, 49.005626510244312 ], [ 2.567949485595506, 49.005675025225237 ], [ 2.568565408572868, 49.005736588683732 ], [ 2.569033840232419, 49.005783232104349 ], [ 2.569651125108921, 49.005845694076093 ], [ 2.570067665677869, 49.005886752120873 ], [ 2.570197608742528, 49.00571007310252 ], [ 2.570511428054951, 49.005280474669924 ], [ 2.570598537686062, 49.005159392910059 ], [ 2.570652413655779, 49.005090346421035 ], [ 2.570514541824559, 49.005069171291808 ], [ 2.570425799088936, 49.005057163961588 ], [ 2.570186906301859, 49.005021239470281 ], [ 2.569771910614164, 49.004959505467099 ], [ 2.5692395240744, 49.004879364538773 ], [ 2.56888458570271, 49.004827734306538 ], [ 2.568881859658024, 49.004826825303418 ], [ 2.56887912615113, 49.004826815484584 ], [ 2.568855921193387, 49.00482313528471 ], [ 2.568850461642798, 49.004822216461463 ], [ 2.568836816498682, 49.004819469810123 ], [ 2.568919147447059, 49.004451088920668 ], [ 2.568920544036749, 49.004447497091071 ], [ 2.568929072798442, 49.004407962419471 ], [ 2.568958863675404, 49.004276784530795 ], [ 2.568984434829208, 49.004159978852137 ], [ 2.569017130464474, 49.00400812947931 ], [ 2.56902281372339, 49.003982072744591 ], [ 2.56906834671936, 49.00376552616703 ], [ 2.569184272314824, 49.003795616342444 ], [ 2.569837847212288, 49.00392924555247 ], [ 2.570210339603811, 49.004006113819663 ], [ 2.570429981947587, 49.004055457591711 ], [ 2.570584155235589, 49.004088380925538 ], [ 2.570698760278699, 49.004113069628708 ], [ 2.570701486317724, 49.00411397859115 ], [ 2.570803813140022, 49.004135925639595 ], [ 2.570857026687208, 49.004146906461308 ], [ 2.57128953246257, 49.004239272516557 ], [ 2.571333750368165, 49.004180981707457 ], [ 2.571357222310017, 49.004152290769319 ], [ 2.571358603884526, 49.004150497280456 ], [ 2.571376586601423, 49.004124484368013 ], [ 2.57152172542084, 49.003927176050716 ], [ 2.571531403775021, 49.003913722426944 ], [ 2.571639224651602, 49.003766636565821 ], [ 2.571651658638851, 49.003750495130056 ], [ 2.571762234515922, 49.003600721334792 ], [ 2.571771920159054, 49.003586368501892 ], [ 2.572026271011874, 49.003238381455468 ], [ 2.572294433543693, 49.002872458737826 ], [ 2.572438191281772, 49.002676043394068 ], [ 2.5725736146162, 49.002495783995386 ], [ 2.572602722021647, 49.002446430946229 ], [ 2.572780002532577, 49.002162011613649 ], [ 2.57301265762456, 49.001791464486608 ], [ 2.573106825367775, 49.001641630825027 ], [ 2.57323289123613, 49.001435260040097 ], [ 2.573365892776847, 49.001216324747119 ], [ 2.573487819713758, 49.001014434975389 ], [ 2.573039985956202, 49.000960688157136 ], [ 2.572833828499853, 49.000934776546963 ], [ 2.572629030503038, 49.000909768636632 ], [ 2.572275393696926, 49.000868943359691 ], [ 2.571539481481505, 49.000779993712662 ], [ 2.571393398592777, 49.000761487795167 ], [ 2.571426730379906, 49.000531407912703 ], [ 2.571463121486008, 49.000261773443633 ], [ 2.571473273844337, 49.000190771720114 ], [ 2.57148054458314, 49.000137744000952 ], [ 2.571516905470466, 48.999871706169955 ], [ 2.571876053258574, 48.999906258901028 ], [ 2.572415492451064, 48.999954042065802 ], [ 2.572971295204675, 49.000006377102423 ], [ 2.573539406115032, 49.000057854081852 ], [ 2.574153954084354, 49.000113090012228 ], [ 2.574428447836425, 49.000138342518781 ], [ 2.574925548266875, 49.000183266583086 ], [ 2.575238279069807, 49.000212249520899 ], [ 2.575960706701669, 49.000278648531932 ], [ 2.575976011217119, 49.000245431668169 ], [ 2.57648632509207, 48.99917267170391 ], [ 2.5765795071922, 48.998974273877103 ], [ 2.576672688580681, 48.998775875940701 ], [ 2.577130026828584, 48.99782791607165 ], [ 2.577424800570409, 48.997206696392645 ], [ 2.577441513676006, 48.997168088909433 ], [ 2.577302439856878, 48.997128932779169 ], [ 2.577443086945729, 48.996806609107551 ], [ 2.577483455237216, 48.996715930284594 ], [ 2.577912348607704, 48.995732796033209 ], [ 2.578248021457147, 48.994952555289146 ], [ 2.578400645678196, 48.995005246314371 ], [ 2.578460360661655, 48.99488765842122 ], [ 2.578517327807085, 48.994771859272767 ], [ 2.578543721437279, 48.994718898048859 ], [ 2.578630826679414, 48.994762366468031 ], [ 2.57865706706473, 48.994728288282616 ], [ 2.578832433286228, 48.994504099116 ], [ 2.578855896716009, 48.994475406448871 ], [ 2.57945222122544, 48.993735641691273 ], [ 2.579072099928203, 48.993595828988042 ], [ 2.579254540360282, 48.993341090311887 ], [ 2.579290475827271, 48.99329085997546 ], [ 2.579329165963515, 48.993237941622446 ], [ 2.579334697279235, 48.99322986803088 ], [ 2.579344364338421, 48.993217312835846 ], [ 2.579412099127068, 48.993121333690382 ], [ 2.579457708569584, 48.993057648895281 ], [ 2.579616646606315, 48.99283609834508 ], [ 2.579739677847851, 48.992661181270478 ], [ 2.579982888701725, 48.992325724220294 ], [ 2.580231663778965, 48.991977696948851 ], [ 2.580255168876906, 48.991943608763904 ], [ 2.580288326003452, 48.991898763678527 ], [ 2.580382309611834, 48.991766906830598 ], [ 2.580407209969449, 48.991729226602942 ], [ 2.580433440397615, 48.991696047127647 ], [ 2.580566096345751, 48.991513069695465 ], [ 2.580733281365501, 48.991284352429076 ], [ 2.580868682499643, 48.991099585746852 ], [ 2.581284567952526, 48.990530031615364 ], [ 2.579292370971527, 48.990187652836326 ], [ 2.579429533726826, 48.989954335708603 ], [ 2.580583557824965, 48.987995369505441 ], [ 2.580939580038509, 48.987391435140111 ], [ 2.581442925833297, 48.985967919314831 ], [ 2.580996935015061, 48.985870145334239 ], [ 2.579438040652555, 48.985526581657339 ], [ 2.579689973133533, 48.98461564810377 ], [ 2.579290186655659, 48.984550401663213 ], [ 2.579024108589622, 48.984508103828098 ], [ 2.57862430190273, 48.984445552768776 ], [ 2.577826094153969, 48.984315955438248 ], [ 2.576645820003709, 48.984127454535617 ], [ 2.577537311900904, 48.982360914617097 ], [ 2.577613685935852, 48.982209213720537 ], [ 2.577688656836375, 48.98206200396541 ], [ 2.577734485165732, 48.981970443829958 ], [ 2.577762231939161, 48.981918386151982 ], [ 2.577776149135508, 48.9818869620836 ], [ 2.577828902853458, 48.981783736280406 ], [ 2.57789972297698, 48.98164280634343 ], [ 2.577959431042796, 48.981524318014067 ], [ 2.578124629522907, 48.981201176104967 ], [ 2.578151038557185, 48.981145516675205 ], [ 2.579066001153123, 48.979335880196423 ], [ 2.579064656916324, 48.97933317778314 ], [ 2.578844174655035, 48.979230790675558 ], [ 2.578664260128593, 48.979179801885486 ], [ 2.578358250932805, 48.979179625922654 ], [ 2.577531619145219, 48.979195601442612 ], [ 2.576639341737469, 48.979220331932659 ], [ 2.57595881343522, 48.979244905249864 ], [ 2.575451791593811, 48.979268290425964 ], [ 2.574898131272855, 48.979314888238385 ], [ 2.574388250927528, 48.979353545743066 ], [ 2.573823542092932, 48.979414487116763 ], [ 2.57332557828266, 48.979499043292556 ], [ 2.573132893434265, 48.97950645088541 ], [ 2.57300850555365, 48.9795150005206 ], [ 2.572955169007723, 48.9795220045186 ], [ 2.57220804879545, 48.979669514320051 ], [ 2.56880918697107, 48.980483739771479 ], [ 2.568463336335487, 48.98050947310513 ], [ 2.566197689175704, 48.980413176830581 ], [ 2.565660597091241, 48.980436411912095 ], [ 2.564959111926943, 48.980513901687317 ], [ 2.563964446095135, 48.980689237592749 ], [ 2.56381307109938, 48.980657214167465 ], [ 2.563788548908699, 48.980649031914055 ], [ 2.563745021850986, 48.980626392832406 ], [ 2.563468426102427, 48.980376299353168 ], [ 2.563171613535258, 48.980093759183276 ], [ 2.56285751385842, 48.979755402767559 ], [ 2.562334585899061, 48.979232840123821 ], [ 2.562209663959606, 48.979142460957078 ], [ 2.562456296206397, 48.978893373896497 ], [ 2.562625753046364, 48.978724036716038 ], [ 2.563107874715138, 48.978250098897064 ], [ 2.563430114411425, 48.977943734010836 ], [ 2.563827829505843, 48.97759627785824 ], [ 2.564239192022858, 48.97724976910591 ], [ 2.5647210443392, 48.976804598797216 ], [ 2.565062209098385, 48.976519879500096 ], [ 2.56534020320558, 48.976274496645814 ], [ 2.5664595607647, 48.975223743795567 ], [ 2.566810994294666, 48.974851830335759 ], [ 2.567132349313568, 48.974482504901843 ], [ 2.567205291494903, 48.974417123814 ], [ 2.567281242362777, 48.97431848176074 ], [ 2.567477407182882, 48.974054813546459 ], [ 2.567769053400613, 48.973643114864643 ], [ 2.568890517697484, 48.97199614945351 ], [ 2.569139217574377, 48.971654433016695 ], [ 2.569563047799135, 48.971111914934021 ], [ 2.569773737122885, 48.970905845730861 ], [ 2.569868680969631, 48.970821657715824 ], [ 2.570179774134695, 48.970531419219178 ], [ 2.570455136402328, 48.97026712985668 ], [ 2.570466144890886, 48.970257277638645 ], [ 2.570717015701938, 48.969981209776066 ], [ 2.571094897897815, 48.969541034533087 ], [ 2.571173061515033, 48.969503545913113 ], [ 2.571211616123681, 48.96946591563939 ], [ 2.571281851569494, 48.96939602592672 ], [ 2.571579566586694, 48.969069765999045 ], [ 2.571646096260137, 48.968952203023321 ], [ 2.571691382854699, 48.968926286759945 ], [ 2.571745027225826, 48.968880617012374 ], [ 2.572046863394224, 48.968550773537245 ], [ 2.572516786321277, 48.96804347854308 ], [ 2.572616224432496, 48.967909845863616 ], [ 2.572908104877151, 48.967626725087335 ], [ 2.573259396632831, 48.967260185386522 ], [ 2.573448033831424, 48.967074713209414 ], [ 2.573474152978027, 48.967054123519254 ], [ 2.573608853050228, 48.966950290327866 ], [ 2.573632225806152, 48.966931489322803 ], [ 2.573656964302319, 48.966912693168034 ], [ 2.573780663886884, 48.966817813095851 ], [ 2.573996575775406, 48.96663693313667 ], [ 2.57407220034498, 48.966575153963404 ], [ 2.574102460435536, 48.966549183375854 ], [ 2.574237224221689, 48.966437256475402 ], [ 2.574402232500492, 48.966301157177078 ], [ 2.57503580241289, 48.965651452268325 ], [ 2.575258812847718, 48.965436423751562 ], [ 2.575473399541038, 48.965249241535524 ], [ 2.575582157118537, 48.965143515657211 ], [ 2.575813916021764, 48.965027433869714 ], [ 2.576171897836791, 48.964840757464287 ], [ 2.576385870667884, 48.964728208666742 ], [ 2.576446217867133, 48.964696948257654 ], [ 2.576476417077537, 48.96467817077567 ], [ 2.576483274871163, 48.964674598015911 ], [ 2.576524436261729, 48.964651363011171 ], [ 2.576608205180639, 48.964595006372171 ], [ 2.576693324970273, 48.964540452930137 ], [ 2.576811411532077, 48.964462635399329 ], [ 2.576966576264049, 48.964359769691761 ], [ 2.577121718440279, 48.964259601431046 ], [ 2.57727962063372, 48.964155845711183 ], [ 2.577433395915887, 48.964055672214201 ], [ 2.57758855820273, 48.96395280566275 ], [ 2.577743712572492, 48.963850838120187 ], [ 2.577888013944209, 48.963739839715053 ], [ 2.578025471746954, 48.963630615537106 ], [ 2.578153267149161, 48.963533946640517 ], [ 2.578162928972161, 48.963521391190454 ], [ 2.578172598086137, 48.963507936519591 ], [ 2.578218161184322, 48.963446948084048 ], [ 2.578259598004356, 48.963389542099193 ], [ 2.578345195401324, 48.963275638901081 ], [ 2.578353520638168, 48.963259481750498 ], [ 2.578363284454083, 48.963234337199772 ], [ 2.578402303165217, 48.96313825508394 ], [ 2.57841480554172, 48.9631122209083 ], [ 2.578480157898815, 48.962968571296791 ], [ 2.578545546340258, 48.962820425528115 ], [ 2.578610897969364, 48.962676775806173 ], [ 2.578651237724922, 48.962586093682049 ], [ 2.578654005448759, 48.96258160717538 ], [ 2.578658197112722, 48.962569931701566 ], [ 2.578659584617513, 48.962567238837792 ], [ 2.57866097212216, 48.962564545974004 ], [ 2.57866098669628, 48.962562747532644 ], [ 2.578674876307979, 48.96253402045199 ], [ 2.578724942899254, 48.962422689798906 ], [ 2.578788971605743, 48.96227363980352 ], [ 2.578905330922131, 48.962070818726602 ], [ 2.578938550266562, 48.962016081323839 ], [ 2.578994970647484, 48.961963223859065 ], [ 2.579233036224602, 48.961740146956359 ], [ 2.579523349493348, 48.961473189645972 ], [ 2.579637706055336, 48.961348595213749 ], [ 2.579892785432603, 48.96104734200518 ], [ 2.579932838359558, 48.960991728973433 ], [ 2.579972905729125, 48.960934317481183 ], [ 2.580010140122943, 48.960889485517178 ], [ 2.580091610993548, 48.960778264124599 ], [ 2.580177207338978, 48.960663460118688 ], [ 2.580261415938538, 48.960551348926735 ], [ 2.580280773747107, 48.960521741503577 ], [ 2.580283541220452, 48.96051725495068 ], [ 2.580315261886285, 48.960478698313004 ], [ 2.580318014838141, 48.960476010204161 ], [ 2.580351159101192, 48.96043026455434 ], [ 2.580352539203699, 48.960428470888189 ], [ 2.580363572763007, 48.960415020780808 ], [ 2.580389809192232, 48.960379142672032 ], [ 2.580497514731753, 48.960232042831279 ], [ 2.580548578079604, 48.960165677096072 ], [ 2.580565168152563, 48.960140556176967 ], [ 2.580569301160864, 48.960136074392416 ], [ 2.580572046827774, 48.960134285499763 ], [ 2.580573448675741, 48.960129794162036 ], [ 2.580618984239097, 48.960071502290575 ], [ 2.580621744406492, 48.960067914950855 ], [ 2.580627257487435, 48.960061639494086 ], [ 2.580630017653736, 48.960058052154167 ], [ 2.580665928789103, 48.960007819836349 ], [ 2.580668681697897, 48.960005131718312 ], [ 2.580689368388697, 48.959980025104343 ], [ 2.58075977404181, 48.959885850199839 ], [ 2.580826017484523, 48.959799753933254 ], [ 2.580926791289691, 48.959665218884695 ], [ 2.581026148289321, 48.959536973526873 ], [ 2.581052376573049, 48.959501994467132 ], [ 2.581070375223139, 48.959471482893072 ], [ 2.58115043982684, 48.959364751980686 ], [ 2.581154579966517, 48.959359370949201 ], [ 2.581169760471331, 48.959339640498918 ], [ 2.581255373793262, 48.959222137898337 ], [ 2.581323039047748, 48.95912885228276 ], [ 2.581325806357025, 48.959124365699971 ], [ 2.581412770044134, 48.95900866617896 ], [ 2.581440363350628, 48.958973691784031 ], [ 2.581463831022414, 48.958942299978219 ], [ 2.581497002249795, 48.95889295705048 ], [ 2.58151903193339, 48.958870552705136 ], [ 2.58160017080675, 48.958799795159415 ], [ 2.581741827343308, 48.958675293702235 ], [ 2.581950857271851, 48.958493475007238 ], [ 2.581987965320327, 48.958463929140578 ], [ 2.582022349484533, 48.958433474517328 ], [ 2.582069074010914, 48.958396768148269 ], [ 2.582071819534385, 48.95839497921834 ], [ 2.582073199523516, 48.958393185528976 ], [ 2.582085576057919, 48.958382437670167 ], [ 2.582038114863985, 48.95834090676383 ], [ 2.582073864449447, 48.958310456882089 ], [ 2.582076609968194, 48.958308667951918 ], [ 2.582077989954871, 48.958306874262348 ], [ 2.582080735473291, 48.958305085332064 ], [ 2.582146765156017, 48.958245065720064 ], [ 2.582150897877336, 48.958240583873071 ], [ 2.582178396346682, 48.958217299202325 ], [ 2.582189414513646, 48.958205647348294 ], [ 2.582193547228153, 48.958201165499638 ], [ 2.582208748675885, 48.958178737222816 ], [ 2.58221288861161, 48.958173356148826 ], [ 2.582246000842114, 48.958131206775441 ], [ 2.582274951424972, 48.958097136141873 ], [ 2.582323012103841, 48.958064031318166 ], [ 2.582355958057373, 48.958042564078347 ], [ 2.582388911205656, 48.958020197604313 ], [ 2.582394409412498, 48.958015720503788 ], [ 2.582438358927667, 48.95798439981354 ], [ 2.582478175719988, 48.957957560965887 ], [ 2.582527551125539, 48.957930755384275 ], [ 2.582542694595908, 48.957915520858009 ], [ 2.582546805599278, 48.957913736670442 ], [ 2.58260036410991, 48.95787615462153 ], [ 2.582604475108191, 48.957874370431917 ], [ 2.582605862283316, 48.957871677510703 ], [ 2.582663538918049, 48.957831412017377 ], [ 2.582664918871816, 48.95782961832024 ], [ 2.582669037081284, 48.957826934903473 ], [ 2.582671782554028, 48.957825145958864 ], [ 2.582739089872433, 48.957775921445716 ], [ 2.58282016766188, 48.957712356802254 ], [ 2.58286965086223, 48.95767206269818 ], [ 2.582930123012638, 48.957623713544024 ], [ 2.58300844767298, 48.95756283694034 ], [ 2.5830125730547, 48.957559254285954 ], [ 2.583019443882312, 48.957553882678397 ], [ 2.58302356205165, 48.957551199248726 ], [ 2.583097761123278, 48.957493905237577 ], [ 2.583136240525563, 48.957463464510511 ], [ 2.583174712674513, 48.957433922995456 ], [ 2.583213220817822, 48.95739988534082 ], [ 2.583312286820441, 48.957306707607664 ], [ 2.583316426572538, 48.957301326491212 ], [ 2.583335687760496, 48.957283408415279 ], [ 2.58334945809561, 48.957269068258341 ], [ 2.583352203515491, 48.957267279297177 ], [ 2.583390725828257, 48.95723144312938 ], [ 2.583392105741013, 48.957229649422864 ], [ 2.583471917221914, 48.957153490404949 ], [ 2.583474662631476, 48.957151701440829 ], [ 2.583495303616094, 48.957131989629175 ], [ 2.583572354992193, 48.957059417953388 ], [ 2.58360537180127, 48.957028958093993 ], [ 2.58362187299081, 48.957014627386158 ], [ 2.583631481879741, 48.957008365998668 ], [ 2.583652057948298, 48.956996747188278 ], [ 2.583664376225944, 48.95699319295781 ], [ 2.583676680102821, 48.956991437177379 ], [ 2.583687618481422, 48.956989676654686 ], [ 2.583732838265691, 48.956970050134878 ], [ 2.583925179063653, 48.956994997484259 ], [ 2.583958080510373, 48.956978925136944 ], [ 2.584072746311166, 48.956983819197092 ], [ 2.584311629272145, 48.956994539351783 ], [ 2.584322546064779, 48.956995476448256 ], [ 2.584328008055383, 48.956995495383303 ], [ 2.58443994293195, 48.957000379624745 ], [ 2.584444039425322, 48.957000393822 ], [ 2.584505472455747, 48.957002405215668 ], [ 2.584570987616491, 48.957006229222245 ], [ 2.584575084110358, 48.957006243415066 ], [ 2.584697935836149, 48.957012064488062 ], [ 2.584700659650554, 48.957012973172759 ], [ 2.584887668291272, 48.957021713996753 ], [ 2.585044664728458, 48.957026753667591 ], [ 2.585047388549689, 48.957027662344437 ], [ 2.58508016051525, 48.957027775752664 ], [ 2.585182544214514, 48.957031726998515 ], [ 2.585332706045464, 48.95703764189777 ], [ 2.585338168040866, 48.957037660786767 ], [ 2.585400959479077, 48.957040575669524 ], [ 2.585406421474813, 48.957040594555416 ], [ 2.585455572267816, 48.95704166374292 ], [ 2.585459668764718, 48.957041677905501 ], [ 2.585463765261621, 48.957041692067911 ], [ 2.585478778581902, 48.957042643221399 ], [ 2.585493791902729, 48.957043594372948 ], [ 2.585518370885146, 48.957043679338476 ], [ 2.58552792937833, 48.957043712379274 ], [ 2.585567543183926, 48.957042050802912 ], [ 2.585594881829233, 48.957038548289006 ], [ 2.585605812986612, 48.957037686817095 ], [ 2.585612647647065, 48.957036811187045 ], [ 2.58564273161521, 48.957031519648872 ], [ 2.585652325933157, 48.957027056551006 ], [ 2.585701655831687, 48.957005644993743 ], [ 2.58587158632602, 48.956929795722068 ], [ 2.585877069794741, 48.956927116908979 ], [ 2.585888029569194, 48.956922658507906 ], [ 2.58597985429992, 48.95688071082607 ], [ 2.586031936389597, 48.956856610882092 ], [ 2.586096315030473, 48.956831654111902 ], [ 2.586120979800721, 48.956820948242573 ], [ 2.586174420101418, 48.956797752174623 ], [ 2.586167649889809, 48.956790534803169 ], [ 2.586160886836638, 48.956782418205265 ], [ 2.586192507838089, 48.956755549816776 ], [ 2.58623651124235, 48.956717033889362 ], [ 2.58629287552957, 48.95666956808634 ], [ 2.586316246231996, 48.956649865202891 ], [ 2.586321751109553, 48.956644488690436 ], [ 2.586382304687567, 48.95658534703518 ], [ 2.586436002093192, 48.956529778702475 ], [ 2.586480026579039, 48.956488564998835 ], [ 2.586481406365519, 48.956486771255562 ], [ 2.586554356170302, 48.956414183492292 ], [ 2.58658052911547, 48.956385497705973 ], [ 2.586610812772457, 48.956355027583683 ], [ 2.586646572611112, 48.956322777829548 ], [ 2.586696122996367, 48.95627348982984 ], [ 2.586760779294755, 48.956213462856645 ], [ 2.586863968826476, 48.956115800071245 ], [ 2.586869480735075, 48.956109524304424 ], [ 2.586887367639222, 48.956092500159912 ], [ 2.586895610490543, 48.956086233800846 ], [ 2.586982278156545, 48.9560055997541 ], [ 2.587005676866691, 48.9559822998173 ], [ 2.587052459942035, 48.955937498381893 ], [ 2.58705247422408, 48.955935699928403 ], [ 2.587097856047133, 48.955895389904569 ], [ 2.5871349450379, 48.955867640827151 ], [ 2.587177517275879, 48.955837212862285 ], [ 2.587192608804174, 48.955828272306974 ], [ 2.587214556215234, 48.955815758346723 ], [ 2.587221419240327, 48.955811285716536 ], [ 2.587239234548947, 48.955803253783522 ], [ 2.587254297506735, 48.955797910127671 ], [ 2.587269360461423, 48.955792566469881 ], [ 2.587277574670737, 48.95578989699036 ], [ 2.587280312740321, 48.95578900716373 ], [ 2.587292623347019, 48.955786351783388 ], [ 2.587311782692516, 48.95578102222008 ], [ 2.587345976430773, 48.955773945893739 ], [ 2.58741303408769, 48.95575529237852 ], [ 2.5874800702957, 48.955739336506262 ], [ 2.587519747241461, 48.95572958124049 ], [ 2.587551231385659, 48.955719797779629 ], [ 2.587588155979596, 48.955712730777833 ], [ 2.587636054192437, 48.955699406744735 ], [ 2.587667531166132, 48.955690522480076 ], [ 2.58767437987527, 48.955687848277393 ], [ 2.587688055901444, 48.955685197551851 ], [ 2.58770584970573, 48.955679863229555 ], [ 2.587718167394336, 48.955676308578255 ], [ 2.587733230266132, 48.955670964861618 ], [ 2.58774692054282, 48.955666515675269 ], [ 2.587755148965369, 48.955662047708678 ], [ 2.58777297839747, 48.955652217241195 ], [ 2.587789435232157, 48.955643281303736 ], [ 2.587800415956202, 48.955636125041366 ], [ 2.587804533726941, 48.955633441442721 ], [ 2.587811389549371, 48.95562986800504 ], [ 2.587814141857008, 48.955627179711968 ], [ 2.587821004805642, 48.955622707046665 ], [ 2.587826516546472, 48.955616431232926 ], [ 2.587827896263365, 48.955614637472678 ], [ 2.587884436067665, 48.955544690194955 ], [ 2.587928593961964, 48.955486390605458 ], [ 2.587953435851346, 48.955453203665932 ], [ 2.587979628915801, 48.955421819866828 ], [ 2.588019604743023, 48.955374296887982 ], [ 2.588020991571026, 48.955371603897831 ], [ 2.588022371274714, 48.955369810134968 ], [ 2.588065142041826, 48.955314203475972 ], [ 2.588067887196263, 48.955312414403615 ], [ 2.588069274020114, 48.955309721412775 ], [ 2.588118943173846, 48.955245145913082 ], [ 2.588121695445223, 48.955242457612023 ], [ 2.588156173592692, 48.955199411954595 ], [ 2.58823342921517, 48.955099860327941 ], [ 2.588236181472938, 48.955097172023869 ], [ 2.588237568282336, 48.955094479030535 ], [ 2.588258277845407, 48.955065774085753 ], [ 2.58826103010009, 48.955063085781028 ], [ 2.58826240978731, 48.955061292014804 ], [ 2.588263789474436, 48.955059498248652 ], [ 2.588327247860545, 48.954977884211281 ], [ 2.588353483170302, 48.954941104950706 ], [ 2.58837831029213, 48.954909716361641 ], [ 2.588432153291859, 48.954835263265707 ], [ 2.588488712784057, 48.954762617968818 ], [ 2.588488727016108, 48.954760819513176 ], [ 2.588592251902611, 48.954619992168219 ], [ 2.588623877446552, 48.954592223856459 ], [ 2.588636273062706, 48.954578777599544 ], [ 2.588766963581802, 48.954456028331954 ], [ 2.588769701555667, 48.954455138470202 ], [ 2.588771081209215, 48.954453344697157 ], [ 2.588833009099913, 48.954392407910305 ], [ 2.58883575417927, 48.954390618818856 ], [ 2.588842638206397, 48.954383448405459 ], [ 2.588844017855525, 48.95438165463144 ], [ 2.588883906783622, 48.954344922056663 ], [ 2.588918298402687, 48.954312666882743 ], [ 2.588949930693607, 48.954283999248766 ], [ 2.588998083098897, 48.954238302436181 ], [ 2.589014589023614, 48.954223071720698 ], [ 2.589076495037411, 48.954164832480103 ], [ 2.589077874672671, 48.954163038703044 ], [ 2.589236084604562, 48.954013405612287 ], [ 2.589241588901144, 48.954008028952614 ], [ 2.589256786083296, 48.953985599694647 ], [ 2.589349533144841, 48.953825850371452 ], [ 2.589350926963661, 48.95382225813335 ], [ 2.589395230855742, 48.953745074107225 ], [ 2.589397990081912, 48.953741486544374 ], [ 2.589417389852287, 48.953705582857197 ], [ 2.589436768297433, 48.953672376852047 ], [ 2.589439534616312, 48.953667890059222 ], [ 2.589458898835086, 48.953636482506951 ], [ 2.589500450297765, 48.953561986764598 ], [ 2.589546126249686, 48.953483908109881 ], [ 2.589547505850682, 48.953482114326299 ], [ 2.589584868591845, 48.953419294498126 ], [ 2.589626412604375, 48.953345697926117 ], [ 2.589629178889512, 48.953341211127537 ], [ 2.589669307708873, 48.95327390446586 ], [ 2.589712231073544, 48.95319851406866 ], [ 2.589741287524939, 48.953150053808244 ], [ 2.589742667110348, 48.953148260021834 ], [ 2.589744053789758, 48.953145567006182 ], [ 2.589778699447862, 48.95308093929517 ], [ 2.589780086123608, 48.953078246278913 ], [ 2.589781472799214, 48.953075553262657 ], [ 2.589782859474674, 48.953072860246351 ], [ 2.589811922882953, 48.953023500733806 ], [ 2.589847969228912, 48.95295438151966 ], [ 2.589849348805449, 48.952952587731708 ], [ 2.589881263423532, 48.952887950637667 ], [ 2.589967151317848, 48.952731774239076 ], [ 2.589980982428484, 48.952709340193167 ], [ 2.59007079575216, 48.952574759216255 ], [ 2.590130194654459, 48.952487734651818 ], [ 2.590186876775566, 48.952398902257102 ], [ 2.590388658390828, 48.952090248343922 ], [ 2.5904245829264, 48.952036415810092 ], [ 2.590427334908772, 48.95203372744804 ], [ 2.590454975104836, 48.951991556909597 ], [ 2.590539140424632, 48.951880336825148 ], [ 2.590631589571674, 48.951757454646241 ], [ 2.590696433880809, 48.951672246843827 ], [ 2.590790261793076, 48.951547570718709 ], [ 2.590838523246699, 48.951487485359557 ], [ 2.590839902750157, 48.951485691557757 ], [ 2.590873017878943, 48.951441741078177 ], [ 2.590907484155545, 48.951399593708025 ], [ 2.590939198456297, 48.951360134701879 ], [ 2.590969625158885, 48.951310779488423 ], [ 2.590971004653131, 48.951308985684825 ], [ 2.590994484329678, 48.95127489409716 ], [ 2.591084271341357, 48.951143009874315 ], [ 2.591100888798429, 48.951113391131479 ], [ 2.591121658825654, 48.95107659250624 ], [ 2.591130048838532, 48.951051441974343 ], [ 2.591131428320368, 48.951049648168471 ], [ 2.591153719169175, 48.950993071107149 ], [ 2.591199602441414, 48.950888014699629 ], [ 2.591224666228699, 48.950826051539956 ], [ 2.591224680365058, 48.950824253077414 ], [ 2.59124279019726, 48.950778452797778 ], [ 2.591256705049501, 48.950745227787877 ], [ 2.591258091586433, 48.950742534748656 ], [ 2.591273407089107, 48.950704818233632 ], [ 2.591303513644456, 48.950522371992477 ], [ 2.591317795848525, 48.950442386925403 ], [ 2.591323511544422, 48.950410033203781 ], [ 2.591329354426728, 48.950361493311 ], [ 2.591333619988567, 48.950339925712733 ], [ 2.591336449562143, 48.950327345776969 ], [ 2.591340792845336, 48.95029588662883 ], [ 2.591342221762374, 48.950287798197166 ], [ 2.591415814928441, 48.950305134886477 ], [ 2.591418932308641, 48.950082130049658 ], [ 2.591522743651877, 48.949902632583324 ], [ 2.591643114486761, 48.949700709997899 ], [ 2.591645873343289, 48.949697122369813 ], [ 2.591672174244991, 48.949651349879495 ], [ 2.591695688012882, 48.949612761940379 ], [ 2.591705379278539, 48.949595709074806 ], [ 2.591723375309506, 48.949564296388054 ], [ 2.591737204820185, 48.949541862073417 ], [ 2.591748282538032, 48.949522116155435 ], [ 2.591755200813294, 48.949510449380291 ], [ 2.591764877923061, 48.949495194973139 ], [ 2.59190330619859, 48.949253766251829 ], [ 2.591972473996781, 48.949138896823676 ], [ 2.591988829282573, 48.949142549513887 ], [ 2.592133877495332, 48.948927221434239 ], [ 2.592265116600423, 48.948731629831123 ], [ 2.592269261793431, 48.948725349129553 ], [ 2.592206585773567, 48.948708949324526 ], [ 2.592230091668367, 48.948671260479877 ], [ 2.592305717796829, 48.948603174142924 ], [ 2.592430270013532, 48.948389574418023 ], [ 2.592550161814656, 48.948247899284027 ], [ 2.59271933630058, 48.948089305557602 ], [ 2.593431077511469, 48.94751170017296 ], [ 2.593487516627954, 48.947452540536503 ], [ 2.593522055450093, 48.947400500681447 ], [ 2.593745498648274, 48.946935442298134 ], [ 2.593769353808735, 48.946852791353322 ], [ 2.593854968420639, 48.946379172082551 ], [ 2.59385577596021, 48.946275760035789 ], [ 2.593641259400227, 48.94559879006826 ], [ 2.593626204912851, 48.94542877895789 ], [ 2.593636639494533, 48.945316406855902 ], [ 2.593704107483632, 48.945068439799293 ], [ 2.594017145720882, 48.944142362884691 ], [ 2.594043518930783, 48.944086698030191 ], [ 2.594058781325955, 48.944055275585761 ], [ 2.594764368509359, 48.942331080742186 ], [ 2.594897324952597, 48.941911574589255 ], [ 2.595195447049956, 48.940967456341603 ], [ 2.595224652507184, 48.940898311686396 ], [ 2.595923394270985, 48.93863901942396 ], [ 2.595933186883085, 48.938608477416707 ], [ 2.596100958176286, 48.938625229652537 ], [ 2.596332808613412, 48.938652089392761 ], [ 2.596522371633963, 48.938675209281577 ], [ 2.596830600824361, 48.938710418524785 ], [ 2.597174272199342, 48.938752040946611 ], [ 2.597586153436493, 48.938799286991781 ], [ 2.597721165358224, 48.938815926964757 ], [ 2.597718844642063, 48.938056939230243 ], [ 2.600059383452602, 48.938299480119376 ], [ 2.600911865168184, 48.938386852513233 ], [ 2.601341471388178, 48.93843684247954 ], [ 2.6015951776691, 48.938461966199803 ], [ 2.601641546781826, 48.938467515907512 ], [ 2.601589060679458, 48.938191267040217 ], [ 2.601530624952983, 48.937800791566914 ], [ 2.601951181144066, 48.937784203647048 ], [ 2.602530090175695, 48.937766340946276 ], [ 2.603313809642631, 48.937741060076895 ], [ 2.603278738140567, 48.93768608879607 ], [ 2.603179059488554, 48.937511301277915 ], [ 2.603076637816899, 48.937338303094499 ], [ 2.603015200502381, 48.937160944215854 ], [ 2.602965163833121, 48.936920674402053 ], [ 2.602884255124663, 48.936611957972801 ], [ 2.602805974298647, 48.93631673910842 ], [ 2.602718975873052, 48.936090734774993 ], [ 2.602556056575313, 48.935797033552753 ], [ 2.602360442536858, 48.935495130148261 ], [ 2.602259557495103, 48.935300553595226 ], [ 2.60225018174919, 48.935277141520658 ], [ 2.602236773107436, 48.935245622651145 ], [ 2.602230079106383, 48.935228514348061 ], [ 2.602226073709288, 48.935216810574012 ], [ 2.602185889182664, 48.935116858474643 ], [ 2.602136659282369, 48.934950330496299 ], [ 2.602137697767032, 48.934814544469141 ], [ 2.602139310268152, 48.934782176169961 ], [ 2.602144189022884, 48.934679675794158 ], [ 2.602147530918532, 48.934599652013993 ], [ 2.602158976464358, 48.934352391202935 ], [ 2.60217724639346, 48.934105152987179 ], [ 2.602205947084252, 48.933921797423366 ], [ 2.602246622181682, 48.933778948666998 ], [ 2.602299773514201, 48.933610961745437 ], [ 2.602327765489311, 48.933520228447215 ], [ 2.602360202548967, 48.933383647151217 ], [ 2.602392257366586, 48.933118469031321 ], [ 2.602410532626119, 48.932870331250889 ], [ 2.60240799119829, 48.932667087848124 ], [ 2.602426435340597, 48.932575423504616 ], [ 2.602468398049875, 48.932442470742672 ], [ 2.602605703007721, 48.932156958194142 ], [ 2.602715277040861, 48.93192800753426 ], [ 2.602770818208202, 48.931804092308546 ], [ 2.602831098922183, 48.93159566130489 ], [ 2.602894115671343, 48.931386340027437 ], [ 2.602920891582182, 48.931275818420175 ], [ 2.60293007569175, 48.931145454547227 ], [ 2.602899748687272, 48.931005967031844 ], [ 2.602859387645081, 48.930929395231395 ], [ 2.60281624903962, 48.930859109105633 ], [ 2.60268753946862, 48.930734583010548 ], [ 2.602621185780797, 48.930666018376336 ], [ 2.602576401270964, 48.930632596822001 ], [ 2.602455840431059, 48.930513493101088 ], [ 2.602412633995279, 48.930452199292205 ], [ 2.602384529814879, 48.930379265038901 ], [ 2.602376925185401, 48.930302801704116 ], [ 2.602385498836619, 48.930252470926447 ], [ 2.602396760829669, 48.930207544696692 ], [ 2.602428817699097, 48.930120421670289 ], [ 2.602493794353908, 48.930011825297349 ], [ 2.602557454035476, 48.929896929606386 ], [ 2.60259234304863, 48.929796326821759 ], [ 2.602631779572929, 48.929636387121704 ], [ 2.602722440459485, 48.929381294320642 ], [ 2.602661025605537, 48.929381090708617 ], [ 2.602519281417446, 48.929355441023219 ], [ 2.602387125142856, 48.929325326617992 ], [ 2.602317645441622, 48.929308909163254 ], [ 2.602256347542657, 48.929293418096123 ], [ 2.602208663020982, 48.929282468549737 ], [ 2.602109261617979, 48.929252462556718 ], [ 2.602094283522737, 48.929247916461478 ], [ 2.601973080326076, 48.929213341598697 ], [ 2.601883205051837, 48.929186964145899 ], [ 2.601866869107256, 48.929181514238124 ], [ 2.601710306152589, 48.92913063471596 ], [ 2.601687167058357, 48.929122464353838 ], [ 2.601620479353281, 48.92909796231416 ], [ 2.601564689182385, 48.929076194287688 ], [ 2.601544279667666, 48.929068032972687 ], [ 2.601449062904311, 48.929026349788785 ], [ 2.601196050634603, 48.928916696032154 ], [ 2.601159326137712, 48.928900386897119 ], [ 2.601072257183735, 48.928864126161109 ], [ 2.600994741670212, 48.92882789716927 ], [ 2.600937607983346, 48.928803426550829 ], [ 2.600911767228987, 48.928791649946284 ], [ 2.600813946152502, 48.928733770652727 ], [ 2.600728366690932, 48.928681327702215 ], [ 2.600707998869873, 48.92866777073997 ], [ 2.600680827988177, 48.928651493285301 ], [ 2.600649576663656, 48.92863340367974 ], [ 2.600615588949492, 48.928616204219388 ], [ 2.600565307056474, 48.928588159158821 ], [ 2.600513653560256, 48.92856100877728 ], [ 2.600487840642464, 48.92854563507715 ], [ 2.600274493377226, 48.928425320258448 ], [ 2.600269062015502, 48.928421705047462 ], [ 2.600128962818155, 48.928360087043934 ], [ 2.600093589972049, 48.92834558062885 ], [ 2.599767088287382, 48.92820959956304 ], [ 2.599746679394575, 48.928201437935328 ], [ 2.599654139786481, 48.928166956413726 ], [ 2.599580623634013, 48.928143329671229 ], [ 2.599577901071159, 48.928142421300258 ], [ 2.59954112917851, 48.928132406412402 ], [ 2.599344945717613, 48.928087686241881 ], [ 2.59920461991781, 48.928055742413093 ], [ 2.59917873836139, 48.928049360931112 ], [ 2.59900436361227, 48.928008310236208 ], [ 2.599000276328366, 48.928007397285256 ], [ 2.598900879211737, 48.9279773885957 ], [ 2.598870910452844, 48.92797009409226 ], [ 2.598654340380036, 48.927914513249512 ], [ 2.598631174558328, 48.927909939291368 ], [ 2.598576661453083, 48.927899864681628 ], [ 2.598479883220604, 48.927884252796318 ], [ 2.598389914836171, 48.927870462203039 ], [ 2.598301311233587, 48.927856676116775 ], [ 2.598174536801568, 48.927837366333321 ], [ 2.598045081627613, 48.927811752504248 ], [ 2.597993277359906, 48.927804384535996 ], [ 2.597938722794725, 48.927799705140245 ], [ 2.597922352952438, 48.927798750942117 ], [ 2.597860967786793, 48.927794947866438 ], [ 2.597845962679905, 48.92779399823759 ], [ 2.597713625348331, 48.927788158408724 ], [ 2.597722070994015, 48.927754913614756 ], [ 2.597720893987303, 48.927730629259337 ], [ 2.59772814870494, 48.927674898608345 ], [ 2.597735521599478, 48.92760388068703 ], [ 2.597738404008226, 48.927584106326961 ], [ 2.597742776283772, 48.927548150028663 ], [ 2.597751569482147, 48.927469942670214 ], [ 2.597754646537393, 48.927424989275117 ], [ 2.597756393626234, 48.927375535041243 ], [ 2.597756414482544, 48.927372837287649 ], [ 2.59775011924352, 48.927304471289389 ], [ 2.597750202669932, 48.927293680274211 ], [ 2.59774894223391, 48.927280186924115 ], [ 2.597739827200743, 48.92722350202466 ], [ 2.597727871514308, 48.927181195980999 ], [ 2.597701321160663, 48.927084884453308 ], [ 2.597695980508063, 48.927069578852425 ], [ 2.597671895458889, 48.92700744802913 ], [ 2.597659779941814, 48.926985824755292 ], [ 2.597639608297928, 48.926947088207257 ], [ 2.597616742037897, 48.926903846231511 ], [ 2.597604633522524, 48.926881323698453 ], [ 2.597565481251241, 48.926826336445991 ], [ 2.597553337998414, 48.926808310164425 ], [ 2.597511442513474, 48.926755112227497 ], [ 2.597455969648293, 48.926692875913126 ], [ 2.597450559535144, 48.926686562813359 ], [ 2.597403184571013, 48.92663604425023 ], [ 2.597347621494473, 48.926585498152789 ], [ 2.597245923257248, 48.926500624515349 ], [ 2.597232359804795, 48.926489787624355 ], [ 2.597045110916797, 48.92634977043209 ], [ 2.597028832086095, 48.926337125834422 ], [ 2.596967748230695, 48.926294654458403 ], [ 2.596936513544948, 48.926274765341091 ], [ 2.596857751556908, 48.926224140962887 ], [ 2.596825180137012, 48.926200650215577 ], [ 2.596796667973798, 48.926181669495243 ], [ 2.596607973019401, 48.926052438015162 ], [ 2.596518384857855, 48.925990086371343 ], [ 2.596383936749684, 48.92590510167053 ], [ 2.596378505921356, 48.92590148627481 ], [ 2.596333610922056, 48.925883349530821 ], [ 2.596309116411161, 48.925874274256294 ], [ 2.596283138611887, 48.925880481669111 ], [ 2.596251688121359, 48.925888469188841 ], [ 2.596201146022903, 48.925894593816061 ], [ 2.596160184609201, 48.92589715360679 ], [ 2.596120615794812, 48.925896120973746 ], [ 2.5960988018158, 48.925893349621795 ], [ 2.595884714293136, 48.925871045204318 ], [ 2.595823359491914, 48.925863644068762 ], [ 2.595595653355911, 48.925837696094554 ], [ 2.595489306116459, 48.925824747282341 ], [ 2.595333872403051, 48.925806236964767 ], [ 2.595302505743333, 48.925803433207584 ], [ 2.594999819762087, 48.925767338811724 ], [ 2.594994368045445, 48.92576642110992 ], [ 2.59497800589676, 48.92576456725542 ], [ 2.594697218257839, 48.925720452621448 ], [ 2.594646928342048, 48.925694203507582 ], [ 2.594506282503615, 48.925704518970512 ], [ 2.594356343259784, 48.925681529592474 ], [ 2.594151880230439, 48.925650261887725 ], [ 2.592697455452728, 48.925081480745064 ], [ 2.592599495589067, 48.925043378110971 ], [ 2.592570957435872, 48.925027993376332 ], [ 2.592496204001955, 48.924989070280617 ], [ 2.5924568190786, 48.924964655861935 ], [ 2.592341372705937, 48.924894119569039 ], [ 2.592280273231521, 48.924854343506098 ], [ 2.592187948916388, 48.924793777775342 ], [ 2.592109193790249, 48.924743150206957 ], [ 2.592210910984515, 48.924649971590625 ], [ 2.592057692622586, 48.924523551263874 ], [ 2.591956021148122, 48.924436874469215 ], [ 2.591904503216532, 48.92439353371315 ], [ 2.5918584086691, 48.924354707792581 ], [ 2.591782461413244, 48.924294197497666 ], [ 2.59174856413081, 48.924266204412632 ], [ 2.591710594137346, 48.924235499607605 ], [ 2.59166175648543, 48.924198462813052 ], [ 2.591638966975121, 48.924146227051956 ], [ 2.591634908353688, 48.924141716832445 ], [ 2.591569864627779, 48.924083042102765 ], [ 2.591461244577121, 48.924012528161377 ], [ 2.591222418554274, 48.923839951604883 ], [ 2.591158726166059, 48.923783079798667 ], [ 2.591054391994013, 48.923688299582821 ], [ 2.590939105881436, 48.923597978269399 ], [ 2.590818305119441, 48.923514832229849 ], [ 2.590715280136385, 48.923427250387782 ], [ 2.590569111427277, 48.923272974441076 ], [ 2.590472875010177, 48.923189911956115 ], [ 2.590364258310452, 48.92311939696225 ], [ 2.590071280898212, 48.922892676084253 ], [ 2.589916942178963, 48.922736572745698 ], [ 2.589855152464798, 48.922784922316353 ], [ 2.589711521989656, 48.922828495254699 ], [ 2.589692594839677, 48.922805948474611 ], [ 2.589607710105978, 48.92266806810963 ], [ 2.589600986413239, 48.922655455175892 ], [ 2.589518746228709, 48.922528375133325 ], [ 2.589470230998281, 48.922450870922042 ], [ 2.589451389229794, 48.922417533038157 ], [ 2.589338090734564, 48.922248979575023 ], [ 2.589280542089399, 48.92210579691033 ], [ 2.589255197082959, 48.922031969117199 ], [ 2.589241828119843, 48.921996851388045 ], [ 2.589111970465667, 48.921678960441604 ], [ 2.588992839127785, 48.921385386610702 ], [ 2.588871001336729, 48.921089105450065 ], [ 2.588793562575086, 48.920873012425488 ], [ 2.588751993524778, 48.920780243865799 ], [ 2.588734986437868, 48.920687559592785 ], [ 2.588658430280423, 48.920359958602361 ], [ 2.58860970551162, 48.920136769633018 ], [ 2.588756143768554, 48.919909754206799 ], [ 2.58882242967339, 48.91981016147821 ], [ 2.588868481983297, 48.919680822990436 ], [ 2.588934113216855, 48.91949129977926 ], [ 2.588941219921808, 48.919455352896904 ], [ 2.588979816142054, 48.91923336272427 ], [ 2.589021375399442, 48.918981706352852 ], [ 2.589034572023826, 48.918865744233734 ], [ 2.589038373363077, 48.918729965666827 ], [ 2.589035345128723, 48.918595062939602 ], [ 2.589031514420219, 48.918561776353464 ], [ 2.589015168043128, 48.91838546092724 ], [ 2.588991132058893, 48.918146169304151 ], [ 2.588974487640022, 48.918007622660461 ], [ 2.588960408887541, 48.917889768305805 ], [ 2.58893339583842, 48.917681941255196 ], [ 2.588926985501978, 48.917629760841095 ], [ 2.588924498087865, 48.917599176679843 ], [ 2.588914796508273, 48.917272703558297 ], [ 2.588933109793961, 48.917199924432794 ], [ 2.588986728324786, 48.917148849226756 ], [ 2.589064708046081, 48.917123037493404 ], [ 2.589500024948009, 48.917117335534243 ], [ 2.589628304686784, 48.917115077137545 ], [ 2.589691239627492, 48.917093709881989 ], [ 2.589729834178093, 48.917044381455035 ], [ 2.589743078356805, 48.916922124235448 ], [ 2.589737791186689, 48.916554299048691 ], [ 2.589770321857468, 48.916062501997857 ], [ 2.589793045755793, 48.915949269967491 ], [ 2.589831795286238, 48.915880157730292 ], [ 2.5899335630068, 48.915778886943656 ], [ 2.590009970342027, 48.915779148442908 ], [ 2.590204954474995, 48.915796002665218 ], [ 2.590394481063755, 48.915812837910785 ], [ 2.590393513002058, 48.91576247466535 ], [ 2.59038619162772, 48.915479174951997 ], [ 2.590383237945667, 48.915334379987364 ], [ 2.590377937687793, 48.915141015585775 ], [ 2.590369526463038, 48.914996201915642 ], [ 2.59036851597209, 48.914951234198583 ], [ 2.590367981395634, 48.914672453904693 ], [ 2.590366462974726, 48.914518670883261 ], [ 2.590351950236968, 48.914455671264932 ], [ 2.590349320569976, 48.914443072273698 ], [ 2.590336179332689, 48.914379178052897 ], [ 2.590334871581478, 48.914371979295161 ], [ 2.590334885738681, 48.914370180772096 ], [ 2.590332307429489, 48.914177724789809 ], [ 2.590329587566557, 48.914003254010389 ], [ 2.590327644559286, 48.913903426610553 ], [ 2.590326542102958, 48.913870149253349 ], [ 2.590326761541841, 48.913842272132584 ], [ 2.590325108772076, 48.913705574973065 ], [ 2.590323864747624, 48.91369028285191 ], [ 2.590323208256708, 48.913600351972839 ], [ 2.590323264886286, 48.913593157875447 ], [ 2.590322296934792, 48.913542794526691 ], [ 2.590322757050181, 48.913484342480885 ], [ 2.590321810337301, 48.913431281340181 ], [ 2.590322504048676, 48.91334315363013 ], [ 2.590319909838615, 48.913326058313388 ], [ 2.59022972097358, 48.91334373559269 ], [ 2.589782904234957, 48.913427638670584 ], [ 2.589725509166481, 48.913439132851266 ], [ 2.589717486084747, 48.913418421783923 ], [ 2.589643928467343, 48.913230218937883 ], [ 2.589611900255733, 48.91313928126268 ], [ 2.589533176827241, 48.912914189835362 ], [ 2.589471779032586, 48.91274131633584 ], [ 2.58939970110493, 48.912538729690247 ], [ 2.58927012156639, 48.912188462671928 ], [ 2.589234072661741, 48.912088518142205 ], [ 2.589211383160611, 48.912024590913134 ], [ 2.589327456644558, 48.912011499561615 ], [ 2.589567789340535, 48.911985344566531 ], [ 2.589954252448826, 48.911940804317432 ], [ 2.590281978561414, 48.911905054827081 ], [ 2.590451309322125, 48.911885849506739 ], [ 2.590732605650715, 48.911855335772252 ], [ 2.59073126962245, 48.911851734056746 ], [ 2.590629957549044, 48.91172278973103 ], [ 2.590619149165601, 48.911709263477164 ], [ 2.590596175179929, 48.911681307039665 ], [ 2.590515137334367, 48.91157671265745 ], [ 2.590471889923303, 48.911524406114168 ], [ 2.590432721357643, 48.911473912073895 ], [ 2.590348962639155, 48.911368408966553 ], [ 2.590311109059755, 48.911324214393012 ], [ 2.590284099144352, 48.911289049775753 ], [ 2.590219235847348, 48.911209690544077 ], [ 2.590203034214896, 48.911188052201425 ], [ 2.590157094256616, 48.91113123987077 ], [ 2.590073343730958, 48.911024837273231 ], [ 2.590009845374567, 48.910945482577389 ], [ 2.589985529016548, 48.910914823540843 ], [ 2.589899036445789, 48.91081020999021 ], [ 2.589899050617083, 48.910808411461318 ], [ 2.589845017741768, 48.910739880529469 ], [ 2.589773419439689, 48.91064970648582 ], [ 2.589647810298277, 48.910488303561394 ], [ 2.589643745824404, 48.91048469248247 ], [ 2.589487014526877, 48.910290808338395 ], [ 2.589438390160674, 48.910228590745561 ], [ 2.589437040076627, 48.910226787539983 ], [ 2.58938032244195, 48.91015285142069 ], [ 2.589378972361877, 48.91015104821436 ], [ 2.589287103271288, 48.910036523527225 ], [ 2.589243851277245, 48.9099851157318 ], [ 2.589242501206251, 48.90998331252365 ], [ 2.589108745252486, 48.909817384541093 ], [ 2.589107395190519, 48.909815581331152 ], [ 2.589069557994335, 48.909769587771805 ], [ 2.589031720865021, 48.909723594198567 ], [ 2.589030377908665, 48.909720891722316 ], [ 2.588858793588467, 48.909508070560584 ], [ 2.588826300175558, 48.909476483888568 ], [ 2.588827692842844, 48.909472891509296 ], [ 2.588883826030039, 48.909447904052229 ], [ 2.589361666446574, 48.909231914857521 ], [ 2.590608215133548, 48.908589591840112 ], [ 2.591857489683435, 48.907943667701545 ], [ 2.592323124705042, 48.907715034821976 ], [ 2.592247715446673, 48.907588877388868 ], [ 2.592165612387932, 48.907446509858126 ], [ 2.592078151664687, 48.907291533925289 ], [ 2.591979904825101, 48.907120333915699 ], [ 2.591583889941622, 48.907343807218126 ], [ 2.591416939124421, 48.907061759604389 ], [ 2.591268573164383, 48.90684542340653 ], [ 2.591261822866808, 48.906836407453802 ], [ 2.59115188916965, 48.906764088923282 ], [ 2.590986300041556, 48.906656507868171 ], [ 2.590826132952017, 48.90655344155352 ], [ 2.590618898596977, 48.906537445507176 ], [ 2.589672657771837, 48.906471257371095 ], [ 2.589419056428617, 48.906453301818118 ], [ 2.589270439715257, 48.906442900097666 ], [ 2.589258616319525, 48.906385304843702 ], [ 2.589228311991838, 48.906249407764896 ], [ 2.589200665178206, 48.906122512701188 ], [ 2.589191442506387, 48.906081113610256 ], [ 2.589089944392167, 48.905632018340008 ], [ 2.589060912798222, 48.905507816298893 ], [ 2.588317559190841, 48.905491774335225 ], [ 2.587525075393114, 48.905478256462985 ], [ 2.586839173014595, 48.905270853655445 ], [ 2.586360138769925, 48.905125313390876 ], [ 2.586040946797334, 48.904950647009152 ], [ 2.585641638497728, 48.904729838626508 ], [ 2.58553338907247, 48.904618850939833 ], [ 2.585519855241596, 48.904605314697292 ], [ 2.585487338271159, 48.904577324054976 ], [ 2.585457277441467, 48.90458351508002 ], [ 2.585457306087603, 48.904579918002717 ], [ 2.585467026819606, 48.904558368586017 ], [ 2.585319469400978, 48.904415769343089 ], [ 2.585220641143855, 48.904321001251709 ], [ 2.584972900775253, 48.904082729362763 ], [ 2.584845621175087, 48.90396358138652 ], [ 2.584760227648767, 48.903894938981871 ], [ 2.584731775146657, 48.903870559382717 ], [ 2.584716870440824, 48.903857917580709 ], [ 2.584662657873518, 48.903813664162712 ], [ 2.584577264834394, 48.903745021618171 ], [ 2.584508147896817, 48.903688126302484 ], [ 2.584434967533194, 48.903627619665613 ], [ 2.584365850907027, 48.903570724261691 ], [ 2.584294013424012, 48.903512920076118 ], [ 2.584201851181433, 48.90343795868182 ], [ 2.584132742246125, 48.903380163863254 ], [ 2.584208377812023, 48.903303986356995 ], [ 2.584275735270435, 48.903239470905298 ], [ 2.584355462679231, 48.903163307499938 ], [ 2.584436582654108, 48.903083551686933 ], [ 2.584502589818329, 48.903017232820815 ], [ 2.584530072418012, 48.902992147881314 ], [ 2.58451662540171, 48.902967820258219 ], [ 2.584462858997628, 48.902867811933234 ], [ 2.584413120411738, 48.902775911210725 ], [ 2.584405065189787, 48.90275969593899 ], [ 2.584809934640261, 48.902451742329553 ], [ 2.584890930902781, 48.90238727376552 ], [ 2.584817881023803, 48.902310580409846 ], [ 2.584717758181569, 48.902207713551462 ], [ 2.584682543718845, 48.902176116085101 ], [ 2.584757968705869, 48.902126017015739 ], [ 2.584812803589821, 48.902092033855851 ], [ 2.584955425575943, 48.901997202763461 ], [ 2.585078835623498, 48.901916693682814 ], [ 2.585184433804041, 48.901846015042807 ], [ 2.58530372950066, 48.901768189361391 ], [ 2.585317448790403, 48.901758344601205 ], [ 2.585382089105046, 48.901692020447271 ], [ 2.585408285316662, 48.901657038564956 ], [ 2.585437245390905, 48.901617569759701 ], [ 2.585359831471498, 48.901575034845223 ], [ 2.58558345925582, 48.901413935423101 ], [ 2.585729013590272, 48.901293033901318 ], [ 2.586367549288741, 48.900759259805135 ], [ 2.586451347613186, 48.900684907509152 ], [ 2.586540630342689, 48.900606976894103 ], [ 2.586756280382965, 48.900418868702651 ], [ 2.586866193655409, 48.900319425869334 ], [ 2.587443133456239, 48.899809714200082 ], [ 2.587720569681013, 48.8995696576862 ], [ 2.588633443635703, 48.899008936622721 ], [ 2.589073565937074, 48.89872087338388 ], [ 2.589185830124106, 48.898668199897244 ], [ 2.589147915796929, 48.898632997186439 ], [ 2.588704264237114, 48.89850467328008 ], [ 2.588244112200716, 48.898393377660945 ], [ 2.58784112733409, 48.898297565091745 ], [ 2.586959223020129, 48.898049917424451 ], [ 2.586990715191695, 48.898034737941202 ], [ 2.587242728169556, 48.897731643521062 ], [ 2.587545688293026, 48.897367571574868 ], [ 2.58756498996837, 48.89734155834973 ], [ 2.587684225434673, 48.897097359305853 ], [ 2.587843817952194, 48.896751678047615 ], [ 2.587936470055292, 48.896419255677408 ], [ 2.588012284498462, 48.896146129076136 ], [ 2.58802534949422, 48.896046351617542 ], [ 2.587480369861889, 48.896143398727091 ], [ 2.58695484671962, 48.896194646115916 ], [ 2.5867486617862, 48.896223611741377 ], [ 2.586745926840238, 48.896224501604792 ], [ 2.586741835128418, 48.89622448748537 ], [ 2.586794455035138, 48.895953080146789 ], [ 2.586823717765505, 48.895874941909078 ], [ 2.586863998590425, 48.895783352150524 ], [ 2.586972294151526, 48.89554271293391 ], [ 2.587075111795385, 48.895304752586988 ], [ 2.587100952501167, 48.895142068075515 ], [ 2.587064646956614, 48.89490452720095 ], [ 2.587028906707786, 48.894767710049919 ], [ 2.586965438707105, 48.894515686553369 ], [ 2.586963153305348, 48.894459921927456 ], [ 2.586993905863576, 48.89419383446598 ], [ 2.586981950925744, 48.893981557811628 ], [ 2.586651279051071, 48.89388688940911 ], [ 2.58660634364439, 48.893877741270053 ], [ 2.586057372928137, 48.893793109070678 ], [ 2.585884315432674, 48.893773625386231 ], [ 2.585675805405606, 48.893753119493496 ], [ 2.585351089953975, 48.893767283744779 ], [ 2.585273372595656, 48.893764316711177 ], [ 2.58509601122938, 48.893942663630703 ], [ 2.584700620313447, 48.894267739988038 ], [ 2.58462379257988, 48.894324129594359 ], [ 2.584208634510224, 48.894561903338236 ], [ 2.584151043527029, 48.894600373370643 ], [ 2.583888943293547, 48.894800007358882 ], [ 2.583595218438903, 48.89469017082078 ], [ 2.58267315729303, 48.894357816406966 ], [ 2.582684226706934, 48.894338070322711 ], [ 2.58200067005996, 48.894029024058391 ], [ 2.581971834346446, 48.894053204584395 ], [ 2.581740471674617, 48.89399124412973 ], [ 2.580861324605712, 48.893752552892998 ], [ 2.580541155797784, 48.89371006391098 ], [ 2.579921197465894, 48.893635047196462 ], [ 2.579126873781185, 48.893534234076128 ], [ 2.578784893700488, 48.89349076441836 ], [ 2.578456545214243, 48.893448241069834 ], [ 2.578361288277157, 48.893421825907431 ], [ 2.578336790322453, 48.893415444523256 ], [ 2.578255047960373, 48.893404365024558 ], [ 2.578164050268643, 48.893357280717176 ], [ 2.577991514690795, 48.893273936870493 ], [ 2.57785974855113, 48.893208722570158 ], [ 2.577715773982911, 48.893135371333493 ], [ 2.577554113935705, 48.893056561705343 ], [ 2.577340840996278, 48.892951489875493 ], [ 2.577362486879915, 48.892973149571922 ], [ 2.577279615239632, 48.892933287680968 ], [ 2.577236141044496, 48.89291245021284 ], [ 2.577211701886105, 48.892898874368193 ], [ 2.577200827871141, 48.892894339455196 ], [ 2.577191361489934, 48.892884413685842 ], [ 2.577118241334106, 48.892819405589137 ], [ 2.577070573591991, 48.892811143509313 ], [ 2.577014009382183, 48.892722811900974 ], [ 2.576919456010804, 48.892610064827082 ], [ 2.576796431253141, 48.892476533044054 ], [ 2.576765407311189, 48.892434156083212 ], [ 2.576621074432726, 48.892237597450496 ], [ 2.576488325143147, 48.892293784235861 ], [ 2.576190021234434, 48.892415034308122 ], [ 2.575852026363118, 48.892553229838995 ], [ 2.575801411653005, 48.892571935949505 ], [ 2.575726430757248, 48.892400802435077 ], [ 2.575492501954888, 48.89248810525396 ], [ 2.57514095472851, 48.892615459078989 ], [ 2.574736062881974, 48.892761507828943 ], [ 2.574478834759916, 48.892528573488043 ], [ 2.574021587226616, 48.892739183713815 ], [ 2.573968714987581, 48.892700325528111 ], [ 2.573914501095802, 48.892658764629871 ], [ 2.573808948407586, 48.892557666892799 ], [ 2.57374126606708, 48.892495373965531 ], [ 2.573706064834733, 48.892463772991938 ], [ 2.573599016581016, 48.892378857212513 ], [ 2.573445805769103, 48.892268596366115 ], [ 2.573387412930664, 48.892237811983861 ], [ 2.573258404884655, 48.892169904439868 ], [ 2.573159164747486, 48.892130880625089 ], [ 2.573077668833922, 48.892090121378061 ], [ 2.572896814404324, 48.892191097943808 ], [ 2.572699549396442, 48.892297411502845 ], [ 2.572390178509893, 48.892436598747679 ], [ 2.572347752879054, 48.892454433341427 ], [ 2.572279296737517, 48.892486563824967 ], [ 2.572160198227319, 48.89237462456321 ], [ 2.571889279036712, 48.892149729359851 ], [ 2.571511348048182, 48.891836318694267 ], [ 2.571215871579524, 48.891613132573248 ], [ 2.571137394434474, 48.891537309865889 ], [ 2.571079226022849, 48.891479545961495 ], [ 2.571041247677207, 48.891454229360178 ], [ 2.571015409995591, 48.891445143743837 ], [ 2.570947228541343, 48.891444000164071 ], [ 2.570978951088111, 48.891400947142962 ], [ 2.571096146194519, 48.891246686353291 ], [ 2.570903705971078, 48.891098510738445 ], [ 2.570649860372267, 48.890954611167743 ], [ 2.570601046670672, 48.890920262499499 ], [ 2.570435713616252, 48.89079286732666 ], [ 2.570578145419994, 48.890720534372498 ], [ 2.570475249048125, 48.890629335378343 ], [ 2.570172039360626, 48.890353059560688 ], [ 2.569947760686266, 48.89042779605689 ], [ 2.569500803086596, 48.890548495721035 ], [ 2.56940100365127, 48.890577814005155 ], [ 2.569261521295326, 48.890623176986054 ], [ 2.569064024079859, 48.890757362378963 ], [ 2.568771323139562, 48.890859728900132 ], [ 2.5684749471211, 48.890911720300856 ], [ 2.568354525943424, 48.890960748131654 ], [ 2.568066140407105, 48.890707003131659 ], [ 2.567837329820033, 48.890505632183569 ], [ 2.567681663086113, 48.890364778413712 ], [ 2.567544735516861, 48.890430832687855 ], [ 2.567465025426821, 48.890504287947962 ], [ 2.567569436873358, 48.890576609589715 ], [ 2.567307607195618, 48.890738438273281 ], [ 2.567113392766443, 48.890805184327739 ], [ 2.56682573129464, 48.890957026176736 ], [ 2.566512955331473, 48.890685203040938 ], [ 2.566349685823618, 48.8904750734022 ], [ 2.56613003196877, 48.890321395554331 ], [ 2.566072859499027, 48.89030859808954 ], [ 2.565925867196544, 48.890272992357232 ], [ 2.565792490049249, 48.890240133734935 ], [ 2.565606309662372, 48.890161218756148 ], [ 2.565273341341944, 48.89002241638034 ], [ 2.565076151612682, 48.890118825511408 ], [ 2.564874636953559, 48.890243097118066 ], [ 2.564777078702307, 48.89016720076868 ], [ 2.56456981724445, 48.890000075424773 ], [ 2.564399408039889, 48.889829486528143 ], [ 2.564864036187307, 48.889553289797 ], [ 2.564746008332102, 48.889479117598476 ], [ 2.564650627452053, 48.889306103749803 ], [ 2.564624972412703, 48.889275434002229 ], [ 2.564585605014094, 48.889253707466843 ], [ 2.56453121417994, 48.889234624206701 ], [ 2.564434630866375, 48.889205495063798 ], [ 2.564246836646344, 48.889157148480606 ], [ 2.56414631303685, 48.889110018600448 ], [ 2.564113802177678, 48.889083820322057 ], [ 2.56364886556955, 48.889234110015479 ], [ 2.563391800274259, 48.889315009999166 ], [ 2.563175789207606, 48.88937897235121 ], [ 2.56323385598555, 48.889447531569807 ], [ 2.562765212005996, 48.88971381498191 ], [ 2.562622159722661, 48.889534330297423 ], [ 2.562518210575206, 48.889408047452179 ], [ 2.562404965292501, 48.889252053360735 ], [ 2.562337580564345, 48.889156480420361 ], [ 2.562293175116761, 48.889085272757534 ], [ 2.562252928970286, 48.889005986503811 ], [ 2.562179074113723, 48.888869021609473 ], [ 2.562134782560294, 48.888784324656378 ], [ 2.561657258095956, 48.888809556759476 ], [ 2.561443042428705, 48.888822262002918 ], [ 2.561553706488243, 48.888636510385034 ], [ 2.561573108772939, 48.888599709771519 ], [ 2.561582896978976, 48.888570967731631 ], [ 2.561596927703373, 48.888524255048267 ], [ 2.561690740636242, 48.888234121721077 ], [ 2.561716392214877, 48.888102916495868 ], [ 2.561726399752279, 48.888048095269809 ], [ 2.561727945097343, 48.888026517506468 ], [ 2.561721573244221, 48.887973434941983 ], [ 2.561713716611274, 48.887934735887654 ], [ 2.561675987642915, 48.887880639224456 ], [ 2.561639068803945, 48.887730319409684 ], [ 2.561578755696048, 48.887605094572848 ], [ 2.561526155420395, 48.887535655129774 ], [ 2.561503207721399, 48.887507692496897 ], [ 2.561224283653905, 48.887432028010323 ], [ 2.561214722799374, 48.88743379159375 ], [ 2.561084045337844, 48.887405434046229 ], [ 2.561014619440567, 48.887390790579197 ], [ 2.560798167554078, 48.887345930641722 ], [ 2.560512305603564, 48.887284627987505 ], [ 2.560459213668048, 48.887273641386798 ], [ 2.560344855458324, 48.887250738789731 ], [ 2.560216059059464, 48.887161234117713 ], [ 2.560115786048045, 48.887085323740514 ], [ 2.559863551114008, 48.886918024450885 ], [ 2.559818243415006, 48.886792853772882 ], [ 2.559752914536776, 48.886616348756007 ], [ 2.559736657185115, 48.886603698633103 ], [ 2.559704750808965, 48.886506455776747 ], [ 2.559639361835631, 48.886337144913604 ], [ 2.559636733414879, 48.886325444207905 ], [ 2.559545374921987, 48.886163232236122 ], [ 2.559428060594236, 48.885845343856538 ], [ 2.559388209380364, 48.885720192963944 ], [ 2.559340990882869, 48.885498788615536 ], [ 2.559326516159413, 48.885436682855385 ], [ 2.559200688200951, 48.885158332411365 ], [ 2.559206150259266, 48.885157453208407 ], [ 2.559278551055582, 48.885142431432001 ], [ 2.559752598447345, 48.885040754570944 ], [ 2.55972198057243, 48.884952509433298 ], [ 2.560090006151553, 48.88480997228136 ], [ 2.56067966863222, 48.884581014164645 ], [ 2.560525698545076, 48.884405083247088 ], [ 2.560373427129318, 48.884189588592477 ], [ 2.561383518560669, 48.883908211169867 ], [ 2.561273114278671, 48.883740534513642 ], [ 2.562111473398213, 48.883447729716778 ], [ 2.562199681880742, 48.883498413814912 ], [ 2.562694308864476, 48.883216937888335 ], [ 2.562484369749586, 48.883047999345614 ], [ 2.562521419971313, 48.883020256022668 ], [ 2.563304791474036, 48.882452951188803 ], [ 2.563738299674946, 48.882140671123551 ], [ 2.563754978465005, 48.882102960715457 ], [ 2.563897599110315, 48.882006354400232 ], [ 2.564376216601067, 48.881679847203493 ], [ 2.564809606733555, 48.881380153058736 ], [ 2.565121442520553, 48.881593524343465 ], [ 2.565510604101843, 48.881854839054398 ], [ 2.565762840151699, 48.882021227931396 ], [ 2.566602351269472, 48.881583606037161 ], [ 2.566965246554636, 48.881396962501398 ], [ 2.567058073028162, 48.881548382999753 ], [ 2.56719358444942, 48.881485920967677 ], [ 2.567211340052908, 48.881482387897229 ], [ 2.567255024875165, 48.881476250606852 ], [ 2.567453152959611, 48.881426604992072 ], [ 2.567910721269568, 48.881332929957942 ], [ 2.567974925706644, 48.881318772631694 ], [ 2.568070557999726, 48.88129663483047 ], [ 2.568356135100033, 48.881389394829704 ], [ 2.568383330842689, 48.881398486018632 ], [ 2.568470737318234, 48.881381714129077 ], [ 2.568544545858464, 48.881360396601501 ], [ 2.56876532247561, 48.881210107237891 ], [ 2.568873620377649, 48.881140350755949 ], [ 2.568897038217484, 48.881111657023069 ], [ 2.56923717160644, 48.880708189781913 ], [ 2.569577373328674, 48.880625777093989 ], [ 2.569716724613262, 48.880593003365149 ], [ 2.56980416645014, 48.880571734049575 ], [ 2.569953358926339, 48.880503022815539 ], [ 2.570053472833657, 48.880433235834602 ], [ 2.570165924656147, 48.880355399229977 ], [ 2.570451117226504, 48.880163969418177 ], [ 2.570467597680666, 48.880149639507181 ], [ 2.570571830319305, 48.880076269592081 ], [ 2.570718515787469, 48.879980568934734 ], [ 2.570830587692662, 48.879948595394666 ], [ 2.571414235189331, 48.879775319756128 ], [ 2.571429773603415, 48.87970972536251 ], [ 2.571443978110346, 48.879640528926501 ], [ 2.571453884983239, 48.879596497933619 ], [ 2.571462419060881, 48.879387887278696 ], [ 2.571411961828413, 48.879223131882938 ], [ 2.571585530562517, 48.878842443189932 ], [ 2.571636666001405, 48.878758989774596 ], [ 2.571845385143193, 48.878414398980972 ], [ 2.571938391032168, 48.87821328468555 ], [ 2.571794015234425, 48.87819478202811 ], [ 2.571277859945432, 48.878121888681122 ], [ 2.57116623652522, 48.878099905284522 ], [ 2.571114655838457, 48.878071841687444 ], [ 2.571051137668279, 48.878003266040778 ], [ 2.570924776029498, 48.877784279209791 ], [ 2.570875063059204, 48.877695068637387 ], [ 2.570740470556124, 48.8774823472612 ], [ 2.570523415867574, 48.877183894723196 ], [ 2.570327977690722, 48.876909800868518 ], [ 2.570216337052709, 48.876725039967631 ], [ 2.570177451785745, 48.876645760381848 ], [ 2.570083736674812, 48.87643678208066 ], [ 2.57001404343374, 48.876290842228023 ], [ 2.569981879167625, 48.876223277823925 ], [ 2.569980634586706, 48.876208884260443 ], [ 2.569978093452671, 48.876186392174475 ], [ 2.569974426542333, 48.876135117856698 ], [ 2.56988314284657, 48.875962120770637 ], [ 2.569816459788668, 48.875782017442845 ], [ 2.569809761797276, 48.875767604274337 ], [ 2.569766579772832, 48.875713489964895 ], [ 2.569678830340766, 48.875607954266719 ], [ 2.569578915070492, 48.875489784285662 ], [ 2.569441197980146, 48.87532651229818 ], [ 2.569377700231495, 48.875256137008165 ], [ 2.569331844427709, 48.875195717661171 ], [ 2.569327784116635, 48.875192105776819 ], [ 2.56923006162652, 48.875138694329102 ], [ 2.569196126637407, 48.87512058582432 ], [ 2.569147298977772, 48.875089833239088 ], [ 2.56899392519539, 48.875006543740859 ], [ 2.568892128246896, 48.874951318696866 ], [ 2.568873115851689, 48.874942257031144 ], [ 2.568829660036704, 48.874921416170423 ], [ 2.568665268809677, 48.874851576343261 ], [ 2.568443789089364, 48.874760846137981 ], [ 2.568389456688788, 48.874736368622713 ], [ 2.568360930894722, 48.874723675293296 ], [ 2.568299908591178, 48.874683885179699 ], [ 2.568233522489929, 48.8746332838505 ], [ 2.568198314305006, 48.874604378623296 ], [ 2.568076605906137, 48.874484330008549 ], [ 2.568042805989526, 48.874450033893176 ], [ 2.568026893505395, 48.874396017279508 ], [ 2.568020867446203, 48.874300667619899 ], [ 2.568029867823909, 48.874201774896846 ], [ 2.56803418900392, 48.874173911567951 ], [ 2.568053700647682, 48.874122720729673 ], [ 2.568081526417937, 48.874055372122086 ], [ 2.568131284538818, 48.873973713509322 ], [ 2.568175507221338, 48.873901927425258 ], [ 2.568234905167744, 48.873808612368876 ], [ 2.568266760843642, 48.873748472799335 ], [ 2.568296009079046, 48.873673934687332 ], [ 2.568326732336094, 48.873585912074589 ], [ 2.568338093434822, 48.873531094489607 ], [ 2.56835226310115, 48.873466394501555 ], [ 2.568363907336965, 48.8733774037429 ], [ 2.568366946942025, 48.873339643232804 ], [ 2.568361985587916, 48.873280270172259 ], [ 2.568351578498132, 48.873219978150324 ], [ 2.56833829578037, 48.873177662171976 ], [ 2.568326242228198, 48.873151538399355 ], [ 2.56829800800272, 48.873103772569003 ], [ 2.568283205534447, 48.873080336839166 ], [ 2.568245331415699, 48.873044227398623 ], [ 2.568160032826442, 48.872972873344999 ], [ 2.568046172469468, 48.87289332227158 ], [ 2.567960777429975, 48.872833658891658 ], [ 2.567856527844294, 48.872746048421973 ], [ 2.567783492383488, 48.872675637669644 ], [ 2.567775476843436, 48.872655823657915 ], [ 2.567762202200204, 48.872612608299598 ], [ 2.567759714438342, 48.872583821032116 ], [ 2.567762605182562, 48.872564046399603 ], [ 2.567770963978032, 48.872542492868511 ], [ 2.56778620633409, 48.872512870298472 ], [ 2.567821920265527, 48.872480623674981 ], [ 2.567946724732346, 48.872391142061701 ], [ 2.567989254867395, 48.872358919987782 ], [ 2.568130403142221, 48.872271295803536 ], [ 2.568323616157232, 48.872152382960245 ], [ 2.568741625467215, 48.871886791123757 ], [ 2.568977900465609, 48.871670905552108 ], [ 2.569055277176695, 48.871546178377201 ], [ 2.569278457262937, 48.871100018472156 ], [ 2.569292387147946, 48.871064095695701 ], [ 2.569359978940108, 48.870803535325784 ], [ 2.569476988238783, 48.870501783756239 ], [ 2.56955285016442, 48.870395037151326 ], [ 2.569690643718189, 48.870217466619479 ], [ 2.569715426846665, 48.870187878046679 ], [ 2.569878697135617, 48.870061660280896 ], [ 2.57029677817967, 48.869784371651981 ], [ 2.570366806271098, 48.86972346903071 ], [ 2.570554582536146, 48.869435459991166 ], [ 2.57066026058264, 48.869349504016043 ], [ 2.570643902197262, 48.86934944533774 ], [ 2.570573557056826, 48.869283542337769 ], [ 2.570480630992134, 48.86914561234299 ], [ 2.570388771938066, 48.869043659052004 ], [ 2.570334763548503, 48.868980512499263 ], [ 2.570239963537571, 48.868904628922635 ], [ 2.570220997632799, 48.868890171635734 ], [ 2.570139622009715, 48.868839517254841 ], [ 2.570014862197862, 48.868759928590343 ], [ 2.569871137041221, 48.868665882444851 ], [ 2.569666418550256, 48.868529348586513 ], [ 2.569624375523744, 48.868503117007045 ], [ 2.569495654127455, 48.868408225007173 ], [ 2.569456471421576, 48.868365815808183 ], [ 2.569391611532054, 48.868296334476554 ], [ 2.569232207489855, 48.8681203925413 ], [ 2.569085296155218, 48.867917515586335 ], [ 2.568949194472753, 48.86772636856859 ], [ 2.568678439157122, 48.867334186595606 ], [ 2.56858549179695, 48.867199852081995 ], [ 2.568473602514601, 48.867048361995096 ], [ 2.568350928034503, 48.866882443668864 ], [ 2.568139100406073, 48.866618176982911 ], [ 2.568046125886748, 48.866487439161205 ], [ 2.56789650499909, 48.866283651308905 ], [ 2.567675528417293, 48.865972585619986 ], [ 2.567610942597331, 48.865870728377089 ], [ 2.567789300763506, 48.865896553751661 ], [ 2.568016678824225, 48.865928851084945 ], [ 2.568148751300461, 48.865947314238518 ], [ 2.568460352113985, 48.866014988330896 ], [ 2.568755626157901, 48.866079005472166 ], [ 2.569348649888152, 48.866237623558234 ], [ 2.569882840253888, 48.866423007044617 ], [ 2.570375895860889, 48.866637918214536 ], [ 2.57068950365378, 48.866793727584096 ], [ 2.570883646278979, 48.866889752342829 ], [ 2.571084338743225, 48.867018175974245 ], [ 2.571443683709973, 48.867248791212624 ], [ 2.572340872737322, 48.867886923895469 ], [ 2.57241270687878, 48.86793754273517 ], [ 2.572988272103016, 48.867569075622043 ], [ 2.573687196481313, 48.867117407830868 ], [ 2.573806444538039, 48.86703779254541 ], [ 2.574159020695671, 48.866763853859261 ], [ 2.574223418635967, 48.866723613306831 ], [ 2.575415418488121, 48.865982306541753 ], [ 2.575472969627131, 48.86594563831153 ], [ 2.575506285065954, 48.865704736998111 ], [ 2.575551362254641, 48.865358656106899 ], [ 2.576232665849543, 48.865223473340848 ], [ 2.577181581851698, 48.865201648269895 ], [ 2.578361763872905, 48.865237288219753 ], [ 2.578461247751135, 48.865240336632759 ], [ 2.581701805790643, 48.865530497489324 ], [ 2.583182991819124, 48.865598617894733 ], [ 2.583930266121231, 48.865564345661006 ], [ 2.584657286527415, 48.865505716673574 ], [ 2.58542809619384, 48.865425651133542 ], [ 2.58589818839512, 48.865277990403968 ], [ 2.586348117213435, 48.865094285076992 ], [ 2.587068320029418, 48.865034718561532 ], [ 2.587496386448467, 48.865029000096406 ], [ 2.587729061187705, 48.864737520716957 ], [ 2.587734563323603, 48.864731244384053 ], [ 2.587887351998742, 48.86454381132328 ], [ 2.58793965387002, 48.864480139209292 ], [ 2.587945155953366, 48.864473862865246 ], [ 2.587985069133215, 48.864425436629752 ], [ 2.587987823725596, 48.864421848805442 ], [ 2.58799332579698, 48.86441557245881 ], [ 2.588069048475542, 48.864320504465539 ], [ 2.588062382463203, 48.864301595657139 ], [ 2.588043783078726, 48.864240377407171 ], [ 2.588026561026307, 48.864177365237957 ], [ 2.588019966165096, 48.864149463399329 ], [ 2.588016004984675, 48.864133261877221 ], [ 2.58801337131095, 48.864121561559678 ], [ 2.587989540280212, 48.864032446141316 ], [ 2.587972304137068, 48.863971232557795 ], [ 2.587955153388312, 48.863899227335587 ], [ 2.587933991764311, 48.863817315696366 ], [ 2.587923421647294, 48.863775010918808 ], [ 2.587899576701442, 48.863687694060424 ], [ 2.587884974397334, 48.863638180770565 ], [ 2.587869122899602, 48.863574273935015 ], [ 2.587837370217245, 48.863452755368236 ], [ 2.587829398273894, 48.86342664741295 ], [ 2.587809585852291, 48.863346539017357 ], [ 2.587806938034084, 48.863336637293351 ], [ 2.587791044030405, 48.86327812624949 ], [ 2.587775107367401, 48.863225011020106 ], [ 2.587768484297621, 48.863200706356857 ], [ 2.587760555123853, 48.863169202571143 ], [ 2.587749992395427, 48.863125998450165 ], [ 2.58773806664814, 48.863082789631264 ], [ 2.587738087997514, 48.863080091721073 ], [ 2.587720895165376, 48.863013482228084 ], [ 2.587707627785451, 48.862967570795838 ], [ 2.587687765904569, 48.862893757471682 ], [ 2.587677181939918, 48.86285325124426 ], [ 2.587671921992812, 48.862828951263495 ], [ 2.587621571905455, 48.862646214158978 ], [ 2.587616269294202, 48.862627309993762 ], [ 2.587583233067082, 48.862495894216615 ], [ 2.587555378535377, 48.862398670754359 ], [ 2.587548762792782, 48.862373466756893 ], [ 2.587540784039443, 48.862348258060933 ], [ 2.587522257165967, 48.862278046581707 ], [ 2.587516968868548, 48.862257343797708 ], [ 2.587508990148378, 48.862232135096981 ], [ 2.587462666147601, 48.862057505658754 ], [ 2.587404388783161, 48.861843264491988 ], [ 2.587377912180482, 48.86174424702137 ], [ 2.587367293076908, 48.861708237246944 ], [ 2.587360641899065, 48.861687529745865 ], [ 2.587310336748369, 48.861499396494317 ], [ 2.587270579666595, 48.861356266034171 ], [ 2.587261302333168, 48.861322958852746 ], [ 2.587236160755076, 48.861227543224494 ], [ 2.587203026618404, 48.861108717445923 ], [ 2.587184493515152, 48.861039405140936 ], [ 2.587167287812152, 48.860974594055911 ], [ 2.587138121776946, 48.860871070525249 ], [ 2.587112973515575, 48.860776554137452 ], [ 2.587094419268547, 48.860709939713601 ], [ 2.587081138772349, 48.860665826727114 ], [ 2.587033476014571, 48.86048849425687 ], [ 2.58696462642091, 48.860232846886063 ], [ 2.586849338054464, 48.860161401831768 ], [ 2.586830349328767, 48.860149644980034 ], [ 2.586694723976231, 48.860064639598384 ], [ 2.586557736111166, 48.859979629347755 ], [ 2.586487212190553, 48.859935318485157 ], [ 2.586477714339799, 48.859929889682704 ], [ 2.586369220651992, 48.859861165612259 ], [ 2.586300038580367, 48.859819557263371 ], [ 2.586230870903282, 48.859776150260977 ], [ 2.586171201123336, 48.859738172045418 ], [ 2.586099300622162, 48.859695654843485 ], [ 2.586055907794474, 48.859667625500961 ], [ 2.585967752187214, 48.859612461357237 ], [ 2.585890443135522, 48.859564529326178 ], [ 2.585832079598284, 48.859533750099914 ], [ 2.58569358141918, 48.859467619532957 ], [ 2.585595843035207, 48.859417817912188 ], [ 2.585413853083391, 48.859336247769058 ], [ 2.585411134363197, 48.859335339019182 ], [ 2.585138186319105, 48.859208486736094 ], [ 2.585135474771234, 48.859206678673445 ], [ 2.584980658967357, 48.859135994029209 ], [ 2.584930416725002, 48.859112437162921 ], [ 2.584782401797469, 48.859043574505407 ], [ 2.584717210514137, 48.859014569688966 ], [ 2.584574597664398, 48.858952020833023 ], [ 2.584326035639298, 48.858844137254948 ], [ 2.584320605463167, 48.858841420398271 ], [ 2.583981051832384, 48.858692750061863 ], [ 2.583976984611144, 48.858690037927296 ], [ 2.583964761407, 48.858684599442995 ], [ 2.583952531024211, 48.858680060264106 ], [ 2.58394709370337, 48.858678242696811 ], [ 2.583933514765973, 48.858671900164012 ], [ 2.583929440367236, 48.858670087334545 ], [ 2.583866954317708, 48.858643789442773 ], [ 2.583861524186398, 48.858641072564765 ], [ 2.583846582349444, 48.858634725282421 ], [ 2.583841152220142, 48.858632008403447 ], [ 2.583721624852259, 48.858580330763807 ], [ 2.583714831816987, 48.858577609137924 ], [ 2.583691748436598, 48.858566736854748 ], [ 2.583684955404659, 48.858564015227145 ], [ 2.583577644282087, 48.858518675261102 ], [ 2.583572214178903, 48.858515958369665 ], [ 2.583466273358312, 48.858469723737691 ], [ 2.583460843266036, 48.858467006841074 ], [ 2.583348138414862, 48.858414453233678 ], [ 2.583242205192914, 48.858367319092153 ], [ 2.582788551618243, 48.858511430104507 ], [ 2.582019072609626, 48.858777645134829 ], [ 2.581442221260932, 48.858986971853575 ], [ 2.581599027061127, 48.858639478817622 ], [ 2.581909978747423, 48.857935489207357 ], [ 2.581969507060123, 48.857820582615865 ], [ 2.581977792676722, 48.857807121571895 ], [ 2.582024830995324, 48.857720050620166 ], [ 2.582074602156772, 48.857632089855336 ], [ 2.582082894929567, 48.857617729494329 ], [ 2.582172766663352, 48.857457962099197 ], [ 2.582181059381376, 48.857443601729145 ], [ 2.582243297883954, 48.857330503083112 ], [ 2.582252953447281, 48.857316147464346 ], [ 2.582282013833201, 48.857261389601035 ], [ 2.58229996202474, 48.857232673597188 ], [ 2.58230826188123, 48.85721741390757 ], [ 2.58235666920391, 48.857129448228427 ], [ 2.582364976235731, 48.857113289225545 ], [ 2.582411984450701, 48.857029815299157 ], [ 2.582420284242069, 48.857014555598987 ], [ 2.582468683980598, 48.856927489166509 ], [ 2.582478353819937, 48.856911334908155 ], [ 2.582519838125267, 48.856836834984634 ], [ 2.582526746159996, 48.856825167752255 ], [ 2.582529500726424, 48.856821580028964 ], [ 2.582536415962348, 48.856809013487705 ], [ 2.582572390985839, 48.856741688986496 ], [ 2.582582067963125, 48.856724635408824 ], [ 2.582624943654479, 48.856646542957144 ], [ 2.58263325052611, 48.856630383928632 ], [ 2.582636019482175, 48.856624997585619 ], [ 2.582714855264594, 48.856481379164521 ], [ 2.582855847266656, 48.856234553990845 ], [ 2.582860007834185, 48.856225575157019 ], [ 2.582912509065506, 48.856136724118265 ], [ 2.58291528516522, 48.856130438457669 ], [ 2.582969192245002, 48.856036196283839 ], [ 2.582970583887737, 48.856032603798191 ], [ 2.5830231854921, 48.855931162370901 ], [ 2.583116331155697, 48.855702156724625 ], [ 2.583119107207668, 48.855695871056838 ], [ 2.583224927578538, 48.855415647377676 ], [ 2.582827195656388, 48.855387281392311 ], [ 2.582661081097629, 48.855367816127611 ], [ 2.581876629939333, 48.855297627540494 ], [ 2.581738882823936, 48.855309736821702 ], [ 2.581526093169442, 48.855332375545331 ], [ 2.581389694264159, 48.855346287808857 ], [ 2.581386968597312, 48.855346278273558 ], [ 2.581254658119811, 48.855360204685887 ], [ 2.581167378928348, 48.855367093901535 ], [ 2.581156476256793, 48.855367055739755 ], [ 2.581047413387697, 48.855371170613594 ], [ 2.581043324885572, 48.855371156298915 ], [ 2.580894739809056, 48.855375132651453 ], [ 2.580890651306664, 48.855375118331587 ], [ 2.580733903674469, 48.855377267225791 ], [ 2.58066168070124, 48.855376114814661 ], [ 2.58055538687882, 48.855374842936548 ], [ 2.580529507510755, 48.855372953549875 ], [ 2.580526781842672, 48.855372943995 ], [ 2.580394615910563, 48.855368883271986 ], [ 2.580391890242721, 48.855368873714028 ], [ 2.58024884339502, 48.855362076669962 ], [ 2.580081294571188, 48.855351596135058 ], [ 2.57991525365625, 48.85532313396579 ], [ 2.579911165158209, 48.85532311961245 ], [ 2.57980229084423, 48.855303851311994 ], [ 2.579798209600161, 48.855302937645597 ], [ 2.579701579092496, 48.855286410251992 ], [ 2.579697497851564, 48.855285496582141 ], [ 2.579539627085522, 48.855257961920373 ], [ 2.579535545849657, 48.855257048244958 ], [ 2.579391281778897, 48.855232259201266 ], [ 2.579387200547646, 48.85523134552075 ], [ 2.579325953053765, 48.855221237533698 ], [ 2.579283763415466, 48.85521389452704 ], [ 2.579279674926169, 48.855213880152164 ], [ 2.579247025107335, 48.855206570673758 ], [ 2.57913275081356, 48.855180987428859 ], [ 2.579128669590858, 48.855180073739533 ], [ 2.579078346630695, 48.855167306043938 ], [ 2.579075628238524, 48.855166397146704 ], [ 2.579071547017964, 48.855165483455387 ], [ 2.578991285464861, 48.855147214394826 ], [ 2.578987204247283, 48.855146300700646 ], [ 2.578917845373192, 48.85512806994992 ], [ 2.578913771426073, 48.85512625694389 ], [ 2.578897446568632, 48.855122602155603 ], [ 2.578668986067545, 48.855060643172436 ], [ 2.57859148683362, 48.855037886892362 ], [ 2.578588768456693, 48.855036977983985 ], [ 2.578377996295136, 48.854978678070687 ], [ 2.57809112502964, 48.854893129433151 ], [ 2.578062571324071, 48.854884934735544 ], [ 2.578059852964348, 48.854884025815025 ], [ 2.577645307861411, 48.854744965048134 ], [ 2.577529767339268, 48.854707684427126 ], [ 2.577527048998085, 48.854706775494378 ], [ 2.577516182926041, 48.854702240453072 ], [ 2.577484925660308, 48.854691338063972 ], [ 2.577136986267443, 48.854574094718693 ], [ 2.576187291388863, 48.85421279922177 ], [ 2.575699546240226, 48.85402670683527 ], [ 2.574698261494417, 48.853643632251256 ], [ 2.574264876677055, 48.853477512491658 ], [ 2.574173842079239, 48.853443913104925 ], [ 2.574178084760784, 48.853425042136173 ], [ 2.574189089906521, 48.853412490588198 ], [ 2.574260799569984, 48.853309322046663 ], [ 2.574322896045554, 48.853215112621882 ], [ 2.574357376849769, 48.853164872426639 ], [ 2.57451043674431, 48.852945978614407 ], [ 2.574561453975905, 48.852873313727585 ], [ 2.574692473072587, 48.852683120049583 ], [ 2.574732440913255, 48.8526284025424 ], [ 2.574733818353906, 48.8526266087637 ], [ 2.574783457524346, 48.852555737540129 ], [ 2.574786219736743, 48.852551250670153 ], [ 2.574824846633164, 48.852493830349196 ], [ 2.574826231404926, 48.852491137258035 ], [ 2.574897931202422, 48.852388867560435 ], [ 2.574900693396119, 48.85238438068717 ], [ 2.574947577258913, 48.852317096942301 ], [ 2.57495033210885, 48.852313509378902 ], [ 2.575012367474343, 48.852226494003304 ], [ 2.575015129649581, 48.852222007126727 ], [ 2.575197138908799, 48.851961845557867 ], [ 2.575324013871382, 48.851777931700447 ], [ 2.575421948101481, 48.85163348585899 ], [ 2.575441246215702, 48.851606574198023 ], [ 2.575442630932029, 48.851603881097596 ], [ 2.57545643412636, 48.851582345963628 ], [ 2.575470222656076, 48.851562609451612 ], [ 2.575681225402109, 48.851255784290032 ], [ 2.575750167088509, 48.851157101552111 ], [ 2.575837043489877, 48.851031502195937 ], [ 2.575917003425295, 48.850918468988255 ], [ 2.575969416015204, 48.850841311635676 ], [ 2.576012150432624, 48.850781207393283 ], [ 2.576039726636703, 48.850741734210843 ], [ 2.576116945638115, 48.850630489808481 ], [ 2.576170771550532, 48.850547041985536 ], [ 2.576192852801043, 48.850512945328269 ], [ 2.576297720065971, 48.850353234418783 ], [ 2.576319786527761, 48.850320936358223 ], [ 2.576452228580803, 48.850121752010438 ], [ 2.576510170747082, 48.850034721215124 ], [ 2.576525313853585, 48.850015888690585 ], [ 2.576570655418764, 48.849970182863665 ], [ 2.576602260389965, 48.849937918497233 ], [ 2.576684715897364, 48.849852773026569 ], [ 2.576713953289638, 48.849776432624154 ], [ 2.576727850434945, 48.849743206232354 ], [ 2.577149387984107, 48.849015332307587 ], [ 2.577240629966525, 48.848854672882275 ], [ 2.577250292633015, 48.848839418243443 ], [ 2.577481021856553, 48.84844991962224 ], [ 2.577534908947169, 48.848358377189953 ], [ 2.577594341203509, 48.8482551628774 ], [ 2.577609519847205, 48.848231833611543 ], [ 2.577630207373819, 48.848201329066711 ], [ 2.577650924030195, 48.848167227258017 ], [ 2.577652315829413, 48.84816363480882 ], [ 2.577655070273585, 48.848160047169799 ], [ 2.577935350887196, 48.847708667842554 ], [ 2.578114830244004, 48.847420612387189 ], [ 2.5781162219913, 48.847417019930162 ], [ 2.578221142638727, 48.847249213050262 ], [ 2.578222541652621, 48.847244721275821 ], [ 2.578248766246986, 48.847203444023776 ], [ 2.578816231318652, 48.846286315895121 ], [ 2.57922358495845, 48.845620437306899 ], [ 2.579455321189311, 48.845271407824278 ], [ 2.579620773663809, 48.84503096541048 ], [ 2.579638690094686, 48.84500584676023 ], [ 2.579640074418729, 48.84500315359525 ], [ 2.579675950744091, 48.844947520379051 ], [ 2.579808337311777, 48.844751928626607 ], [ 2.57990212200717, 48.844611960439273 ], [ 2.58013934285375, 48.844257552545507 ], [ 2.580278661744781, 48.844046695649418 ], [ 2.5807270212088, 48.843360269673269 ], [ 2.580867719535015, 48.84314671873954 ], [ 2.580887026158699, 48.843118007357042 ], [ 2.580911869590794, 48.843078523233416 ], [ 2.58094081498195, 48.843037254783297 ], [ 2.581076003707219, 48.842830879006364 ], [ 2.581125596012554, 48.842763601806389 ], [ 2.581217946056272, 48.842631721443247 ], [ 2.581558577702208, 48.842122984763876 ], [ 2.581722727388767, 48.841872641476989 ], [ 2.581982011451465, 48.841482332460359 ], [ 2.582125474969251, 48.841262493965104 ], [ 2.582282677193048, 48.841028313696221 ], [ 2.582463227020666, 48.840770831668074 ], [ 2.582756949875308, 48.840332076110137 ], [ 2.583078276060069, 48.839848448537275 ], [ 2.583143086990304, 48.83975154492871 ], [ 2.583145840611985, 48.839747957136254 ], [ 2.583228564143198, 48.839625934173405 ], [ 2.583229948138865, 48.839623240953912 ], [ 2.583234085743076, 48.839616959939441 ], [ 2.583330619972523, 48.839471601980698 ], [ 2.583332003958819, 48.839468908759656 ], [ 2.583414755362579, 48.839343288348353 ], [ 2.583417501756229, 48.839340599870631 ], [ 2.58351679571513, 48.839190754602662 ], [ 2.583518179684348, 48.839188061378756 ], [ 2.583600923008969, 48.83906334012967 ], [ 2.583602299785921, 48.839061546227065 ], [ 2.583658826578431, 48.838978103655002 ], [ 2.583660203351141, 48.838976309751601 ], [ 2.583665731991315, 48.838966436169827 ], [ 2.583800820377474, 48.83876994911229 ], [ 2.583802197139795, 48.838768155206871 ], [ 2.58413172136235, 48.838279156629234 ], [ 2.584138648102299, 48.838264791139764 ], [ 2.584382659000052, 48.837905899881754 ], [ 2.584577062211848, 48.837616984947616 ], [ 2.584590872262802, 48.837593649842304 ], [ 2.584770115234253, 48.837326266245611 ], [ 2.584774259634617, 48.837319085840925 ], [ 2.584796315326011, 48.837286785839808 ], [ 2.584797706342234, 48.837283193272455 ], [ 2.584828029288421, 48.837239230424309 ], [ 2.58483078266141, 48.837235642584979 ], [ 2.584837680418153, 48.837224874338077 ], [ 2.58484182480115, 48.837217693930405 ], [ 2.585081724587083, 48.83686058537382 ], [ 2.585083108413574, 48.83685789212619 ], [ 2.585088622242353, 48.836849817108813 ], [ 2.585092752243933, 48.836844435338918 ], [ 2.58513276144236, 48.836781619660606 ], [ 2.58517001006505, 48.836723291138831 ], [ 2.585172756230123, 48.836720602614484 ], [ 2.585258273611068, 48.836588694795765 ], [ 2.585261019764499, 48.836586006269123 ], [ 2.585367157795812, 48.836430786765249 ], [ 2.585466454911132, 48.83627914083911 ], [ 2.585469201037517, 48.836276452306912 ], [ 2.585471961467412, 48.836271965124787 ], [ 2.585593298366039, 48.836089817557585 ], [ 2.58559331266559, 48.836088018907425 ], [ 2.585597435404999, 48.836083536441492 ], [ 2.585598819184216, 48.836080843186039 ], [ 2.585819407394488, 48.835752445119859 ], [ 2.585831789763859, 48.835737199043457 ], [ 2.585842831241502, 48.835719250272412 ], [ 2.58618196743451, 48.835215888519663 ], [ 2.586209563397841, 48.835171915813746 ], [ 2.586215062595939, 48.835165639383973 ], [ 2.586318470289923, 48.83501040941335 ], [ 2.586321237716735, 48.835005022880608 ], [ 2.58632812059652, 48.834996053178273 ], [ 2.58647291022971, 48.834776212905268 ], [ 2.586497773990981, 48.83473313002213 ], [ 2.586732180465909, 48.834378696503506 ], [ 2.586845320612426, 48.834198317769854 ], [ 2.58684671140502, 48.834194725168764 ], [ 2.586962696448114, 48.833999067149605 ], [ 2.587285093231876, 48.833542410058605 ], [ 2.587165076781472, 48.833387307354954 ], [ 2.587163728766242, 48.833385503998329 ], [ 2.587012708901387, 48.833188923907016 ], [ 2.586755148990722, 48.832856173335344 ], [ 2.586752445886853, 48.832853465938854 ], [ 2.586709296084155, 48.832797556997185 ], [ 2.586676930227561, 48.832756074942814 ], [ 2.586674241394285, 48.832751568888675 ], [ 2.586555548025046, 48.832601866139044 ], [ 2.586554200051212, 48.832600062774297 ], [ 2.58655151836936, 48.832594657388853 ], [ 2.586487885824053, 48.832373196649165 ], [ 2.586478585612813, 48.832343485853194 ], [ 2.586373880649742, 48.831976187797629 ], [ 2.586328821099126, 48.831817745803207 ], [ 2.586202908267858, 48.831376627072729 ], [ 2.586115365972436, 48.831078638085714 ], [ 2.586009396763242, 48.830699643299923 ], [ 2.585981419309475, 48.830620403287085 ], [ 2.585973417604059, 48.830598791086324 ], [ 2.585825627668122, 48.830340164689858 ], [ 2.585777439535899, 48.830232974620955 ], [ 2.585770188295997, 48.830116932765975 ], [ 2.585759815293981, 48.829879467192228 ], [ 2.58575756259987, 48.829820101970277 ], [ 2.585748577694607, 48.829750820523053 ], [ 2.585731662817242, 48.829650933533422 ], [ 2.585689710346176, 48.829444835895039 ], [ 2.585676646278499, 48.829374640932393 ], [ 2.585693202351169, 48.829176840119146 ], [ 2.585710798837889, 48.82901951387187 ], [ 2.585725170679699, 48.828925131323111 ], [ 2.585796647804957, 48.828672659946498 ], [ 2.586372030975907, 48.827402062208158 ], [ 2.586435479612629, 48.827302453030939 ], [ 2.586522040881099, 48.827208319865051 ], [ 2.586626145076845, 48.827134932478778 ], [ 2.586702657748284, 48.827105518141458 ], [ 2.586812658892124, 48.82697549147192 ], [ 2.586822343211988, 48.826956638431618 ], [ 2.586934625004181, 48.826710602429905 ], [ 2.586938811014245, 48.826698025886067 ], [ 2.587027530311395, 48.826503171734039 ], [ 2.587131552254677, 48.826267899223012 ], [ 2.587164847338966, 48.826191568763534 ], [ 2.587208801860349, 48.825973176550342 ], [ 2.587211725365843, 48.825948004621004 ], [ 2.587221286217974, 48.825772662821016 ], [ 2.587229584631058, 48.825584725621347 ], [ 2.587230975167397, 48.825581132988177 ], [ 2.587297208124063, 48.825473438591487 ], [ 2.587324712568752, 48.825440257250705 ], [ 2.587397449361138, 48.825371257638558 ], [ 2.587401556863777, 48.825368573735147 ], [ 2.587502483783199, 48.825351834097631 ], [ 2.587507939098208, 48.825350953556239 ], [ 2.587638432708634, 48.825384679850202 ], [ 2.587656096692724, 48.82539013690721 ], [ 2.587805289494587, 48.825470694119943 ], [ 2.587874391643557, 48.825516799547891 ], [ 2.587933966634307, 48.825561972748183 ], [ 2.588105604835279, 48.825732542712288 ], [ 2.588131285045863, 48.825757813182157 ], [ 2.588294816062759, 48.825920260698425 ], [ 2.58835588175807, 48.825949250360885 ], [ 2.588594817586399, 48.826049901282694 ], [ 2.588668135126277, 48.826079832286254 ], [ 2.588888159166812, 48.826160631690094 ], [ 2.588984603894731, 48.826194239427203 ], [ 2.589215730994577, 48.826248995008037 ], [ 2.589247002002474, 48.826256297277602 ], [ 2.589438671965842, 48.826305520749592 ], [ 2.58954065058447, 48.826328354740582 ], [ 2.589577327510463, 48.826341071621634 ], [ 2.589611287380887, 48.826352879809924 ], [ 2.58972792346575, 48.826417134376698 ], [ 2.58983777066558, 48.826478667469424 ], [ 2.58986352990607, 48.826494044887319 ], [ 2.589973186459228, 48.82657985984158 ], [ 2.590054409315932, 48.826643992651945 ], [ 2.590306166812267, 48.826847210720821 ], [ 2.590442868850641, 48.826958299853558 ], [ 2.590584807978799, 48.827096387449153 ], [ 2.590637513084277, 48.827149629916683 ], [ 2.590792933079382, 48.827305750513716 ], [ 2.591006614106898, 48.827501641825783 ], [ 2.5911972395713, 48.827684862921302 ], [ 2.591227142555129, 48.827693059339829 ], [ 2.591421522751332, 48.827744986878585 ], [ 2.591565354842821, 48.827642052210585 ], [ 2.591692566384681, 48.827574135515476 ], [ 2.591799338954536, 48.82750704827717 ], [ 2.591870781006463, 48.827429048098374 ], [ 2.591889164204739, 48.827342772612639 ], [ 2.591908416668181, 48.827319455041092 ], [ 2.592027313624619, 48.827269496733038 ], [ 2.592094330966864, 48.827234650427997 ], [ 2.592336878260719, 48.827049310637825 ], [ 2.592420640992115, 48.826963257890569 ], [ 2.592442828172489, 48.826912969524379 ], [ 2.592473159729812, 48.826866306332732 ], [ 2.592475904999063, 48.826863617617093 ], [ 2.592514535554078, 48.826800794268834 ], [ 2.592520412676711, 48.826745953522455 ], [ 2.592521880198193, 48.826732468168643 ], [ 2.592523467211024, 48.826703694153494 ], [ 2.592504631569963, 48.826499475925061 ], [ 2.592489488650847, 48.826345634246422 ], [ 2.592488217958073, 48.826333938272136 ], [ 2.592498147747406, 48.826109132770178 ], [ 2.592542923278913, 48.825782818536062 ], [ 2.59255450151581, 48.825695620283867 ], [ 2.592575621141503, 48.825607555172724 ], [ 2.592606134532032, 48.825537509210605 ], [ 2.592664064567708, 48.825445072675834 ], [ 2.592581260456699, 48.82540881628514 ], [ 2.592579954627197, 48.825401616972414 ], [ 2.592590107419616, 48.825322508053972 ], [ 2.592578242530647, 48.825272103579543 ], [ 2.592554224664987, 48.825208167323801 ], [ 2.592476294453548, 48.825071199334715 ], [ 2.592457710911249, 48.825009080282697 ], [ 2.592445106410786, 48.824530578595933 ], [ 2.592431171599124, 48.824396526649004 ], [ 2.592413964435881, 48.824332613525051 ], [ 2.592385610013399, 48.824126563680665 ], [ 2.592386413531381, 48.82384956380227 ], [ 2.592397787709931, 48.823788446140341 ], [ 2.59246839600514, 48.823642091210985 ], [ 2.59267975380441, 48.823436857988213 ], [ 2.593539652360052, 48.822679824789802 ], [ 2.593777061748837, 48.82245129465921 ], [ 2.593891282454648, 48.822300590078449 ], [ 2.59393144499418, 48.822215287225646 ], [ 2.594004046072202, 48.821987096157137 ], [ 2.594071937504974, 48.821838932124159 ], [ 2.594198756579821, 48.821644201257108 ], [ 2.594596689563147, 48.821088846478105 ], [ 2.594637003833202, 48.820983757866863 ], [ 2.594655422130359, 48.820892085434174 ], [ 2.594651993524404, 48.820807533828464 ], [ 2.59461980509812, 48.82056819451001 ], [ 2.594560553404041, 48.820306279323475 ], [ 2.594552112629845, 48.819990574609371 ], [ 2.59458440153605, 48.819866572095201 ], [ 2.594672305974745, 48.819596162011941 ], [ 2.594704950858522, 48.819426293135471 ], [ 2.594729858691139, 48.819025261740364 ], [ 2.594754499490501, 48.818833780922475 ], [ 2.594826945507958, 48.818624474800245 ], [ 2.59492826266906, 48.818380191231796 ], [ 2.594945150003388, 48.818310098085881 ], [ 2.594951268512439, 48.818048403992563 ], [ 2.595001280357613, 48.817921763103193 ], [ 2.595078438236508, 48.817806905843128 ], [ 2.595108880852025, 48.817744952819432 ], [ 2.595143932636234, 48.817615563087152 ], [ 2.595153179011912, 48.817477092317482 ], [ 2.595120780854845, 48.817264732647459 ], [ 2.595091832978377, 48.817134226781455 ], [ 2.595053080042503, 48.817038762903984 ], [ 2.595037450437987, 48.816946974781928 ], [ 2.595045160547384, 48.816830982852721 ], [ 2.595083277713707, 48.816657534539821 ], [ 2.595129383992142, 48.81650749673085 ], [ 2.595188940196841, 48.816203712982627 ], [ 2.595264383638376, 48.815958441657685 ], [ 2.595328150320685, 48.815813859655968 ], [ 2.595343388354501, 48.815780634704083 ], [ 2.59538910931749, 48.815680060489022 ], [ 2.595449271342569, 48.815473409954286 ], [ 2.595550068654671, 48.815119400794202 ], [ 2.59568899427462, 48.814765520382338 ], [ 2.595739196391989, 48.814613697215229 ], [ 2.595783825672862, 48.814478043765078 ], [ 2.595790801808972, 48.814456482552401 ], [ 2.595802072358418, 48.814407954859128 ], [ 2.595809710685724, 48.814300956050538 ], [ 2.595802055947684, 48.814234377035739 ], [ 2.595793241625764, 48.814141712458834 ], [ 2.595775824591053, 48.814104779534901 ], [ 2.595664207330915, 48.813922729997749 ], [ 2.59563205527402, 48.813854269366203 ], [ 2.595627256825487, 48.813770611997946 ], [ 2.595651508319202, 48.81362859400376 ], [ 2.595708580903884, 48.81346869962907 ], [ 2.595887980862975, 48.812987245133542 ], [ 2.595941701442162, 48.812908282335684 ], [ 2.595977942411602, 48.812800480669708 ], [ 2.596044165654646, 48.812513806051271 ], [ 2.596128480402785, 48.812176827814184 ], [ 2.596259042000106, 48.811494648000412 ], [ 2.596289350105667, 48.811273505577056 ], [ 2.596324721792562, 48.811101845508524 ], [ 2.596319818065696, 48.811031678150407 ], [ 2.596319936408896, 48.811016389272361 ], [ 2.596281596529651, 48.810867863868651 ], [ 2.596208389656366, 48.810649969218751 ], [ 2.596109137711947, 48.810454470737014 ], [ 2.596042413015062, 48.810278868185513 ], [ 2.595973871199704, 48.809986341317575 ], [ 2.595964660152116, 48.809944939162094 ], [ 2.595950009497821, 48.809902619249918 ], [ 2.595947328009241, 48.809897213966082 ], [ 2.59594331971283, 48.809887307346834 ], [ 2.595915268648761, 48.809817061659309 ], [ 2.595881638681443, 48.809763885138189 ], [ 2.595873566384469, 48.809751266666808 ], [ 2.595747756148468, 48.809644715612777 ], [ 2.595575936679904, 48.80950113458892 ], [ 2.595362235486542, 48.809315141126419 ], [ 2.59509683588694, 48.809123575934407 ], [ 2.594884171236466, 48.808979855491877 ], [ 2.594698635307685, 48.808849717191862 ], [ 2.594501111471027, 48.808685361817695 ], [ 2.594312791361129, 48.808563307776502 ], [ 2.594185359652603, 48.808490925557457 ], [ 2.594108083831836, 48.808447493384833 ], [ 2.593899278388149, 48.808333463450289 ], [ 2.593793563436064, 48.808270148280712 ], [ 2.593600888370862, 48.808183153761455 ], [ 2.593436884662256, 48.808086363344067 ], [ 2.593305503787553, 48.807996878652617 ], [ 2.593181190895659, 48.807874141098637 ], [ 2.593059342135848, 48.807784688554179 ], [ 2.592862859121347, 48.807662604321919 ], [ 2.592712207400124, 48.807600034472195 ], [ 2.592670117614554, 48.807584601738824 ], [ 2.592599560999073, 48.807552883281005 ], [ 2.592186750081293, 48.807409374918265 ], [ 2.591885414898773, 48.807288730035872 ], [ 2.591775429719273, 48.807249681488308 ], [ 2.591849236426766, 48.807213958600059 ], [ 2.591922951556458, 48.807189927196468 ], [ 2.592254580912732, 48.807093027169842 ], [ 2.592462010925372, 48.807033476529327 ], [ 2.592758195345204, 48.806941850494859 ], [ 2.592801877917137, 48.806927609333087 ], [ 2.593032467333345, 48.80686633783759 ], [ 2.593303924229375, 48.806802506818194 ], [ 2.59345255925685, 48.806774232461834 ], [ 2.593730626825535, 48.806735605393023 ], [ 2.594271776545202, 48.806659197828814 ], [ 2.594827287840149, 48.806486603588333 ], [ 2.595463636325298, 48.806248626099304 ], [ 2.595779144538182, 48.806121982385946 ], [ 2.596038716416615, 48.806009538794164 ], [ 2.596221901539402, 48.805914824109955 ], [ 2.596354096505279, 48.805899081833665 ], [ 2.596429183160612, 48.805873253521163 ], [ 2.596464910288487, 48.805831103581106 ], [ 2.596474907261109, 48.805770879308099 ], [ 2.596458049201082, 48.805661998208429 ], [ 2.596123393059787, 48.805096960663285 ], [ 2.595798086541688, 48.804556236599687 ], [ 2.595678508851481, 48.80434987543574 ], [ 2.595540052473079, 48.804120066491151 ], [ 2.595229559918415, 48.803601874876954 ], [ 2.595076298823233, 48.803350430086724 ], [ 2.594403066953535, 48.802207738936247 ], [ 2.594300884122855, 48.802041906896804 ], [ 2.594229707173033, 48.801915752574772 ], [ 2.593958120013329, 48.801475035050828 ], [ 2.593874712859059, 48.801346140771294 ], [ 2.593795397381453, 48.801216360945197 ], [ 2.593768547194474, 48.801167703325135 ], [ 2.593743009444011, 48.801125345798567 ], [ 2.593722819334751, 48.801095597723915 ], [ 2.593647581851072, 48.800966731006703 ], [ 2.593585755635667, 48.800863991775074 ], [ 2.593533382433979, 48.800771177800748 ], [ 2.593282361306982, 48.80031344000929 ], [ 2.593239420775057, 48.800233249246027 ], [ 2.59319640322373, 48.800162951358139 ], [ 2.593094775825373, 48.800101447722014 ], [ 2.592899676037173, 48.799980266710058 ], [ 2.592546046809754, 48.799762311570902 ], [ 2.592332037858887, 48.799622178176797 ], [ 2.592193922533283, 48.799526372895194 ], [ 2.592080716323589, 48.799204908370321 ], [ 2.59193023770195, 48.798775390889212 ], [ 2.591888887024534, 48.798666424809348 ], [ 2.591636446580349, 48.797871410329932 ], [ 2.591455193323901, 48.79737433304097 ], [ 2.592823481296186, 48.797358316510753 ], [ 2.592905398840939, 48.797502496398188 ], [ 2.596018147967495, 48.796887089318481 ], [ 2.597806672957272, 48.79604050825013 ], [ 2.599889349772645, 48.794994322967341 ], [ 2.599564771345127, 48.79436186969761 ], [ 2.599329585276655, 48.793611895734543 ], [ 2.598983098433553, 48.792821075113054 ], [ 2.598975000355307, 48.792812054103884 ], [ 2.598891373389287, 48.792711941875922 ], [ 2.598770020584956, 48.792561337437299 ], [ 2.598514113549531, 48.792207020114446 ], [ 2.598437356653613, 48.792098836131238 ], [ 2.59832559715591, 48.791940168926423 ], [ 2.598182843026188, 48.79174092508373 ], [ 2.598108816771987, 48.791631850637103 ], [ 2.598013220031411, 48.791495722038235 ], [ 2.597962036261282, 48.791425397852613 ], [ 2.59784223747045, 48.791250514118587 ], [ 2.597749191086435, 48.791136878465245 ], [ 2.597493354692956, 48.790951643122924 ], [ 2.597435130461395, 48.790911874057159 ], [ 2.59704651515576, 48.790647044448995 ], [ 2.596694550234147, 48.790395827980447 ], [ 2.595830679672978, 48.789807409227684 ], [ 2.596149791374778, 48.789553961761051 ], [ 2.596222375983426, 48.789496646307349 ], [ 2.596275793500087, 48.789453656237441 ], [ 2.596583928573452, 48.789210963102335 ], [ 2.596811297127765, 48.789027356181222 ], [ 2.596852484614141, 48.788981626414973 ], [ 2.596697743134464, 48.788926241688173 ], [ 2.594822031532592, 48.788409044779591 ], [ 2.59424066868708, 48.788255075715654 ], [ 2.59408855634107, 48.788212287910532 ], [ 2.594358176402647, 48.787671772044249 ], [ 2.595091580839736, 48.784895147445098 ], [ 2.594549311016165, 48.784969756835785 ], [ 2.593666544937018, 48.785074685039298 ], [ 2.592922674669629, 48.785170186695382 ], [ 2.592094321004176, 48.785277986813725 ], [ 2.591731384335269, 48.784001411636048 ], [ 2.591598576936579, 48.783754524633011 ], [ 2.591481862894331, 48.783538271753713 ], [ 2.591406679166976, 48.783580286077296 ], [ 2.591293043237177, 48.783666239006536 ], [ 2.591186669757966, 48.783693756240574 ], [ 2.590663707276055, 48.783736935415511 ], [ 2.590503134706426, 48.783733687054749 ], [ 2.590348062496978, 48.783723262205378 ], [ 2.590106277265448, 48.783663073203009 ], [ 2.589990998306551, 48.783611412386158 ], [ 2.589909941466289, 48.783534685951778 ], [ 2.589856111065381, 48.783457153523145 ], [ 2.589828039986934, 48.783392300974612 ], [ 2.589687455399591, 48.783270400430794 ], [ 2.589599757476923, 48.783172964944292 ], [ 2.589237815811803, 48.783162727325099 ], [ 2.588953568794197, 48.783137466249819 ], [ 2.588816453206308, 48.7830938236728 ], [ 2.588533865571206, 48.783030792845565 ], [ 2.588347550868292, 48.783013062658341 ], [ 2.588303936770963, 48.783021006919981 ], [ 2.588712100552494, 48.781656235414658 ], [ 2.588674420439459, 48.781602142124299 ], [ 2.588682402539515, 48.780762136188834 ], [ 2.588694197143834, 48.780474370768829 ], [ 2.58809878038796, 48.77849365114529 ], [ 2.586311051387835, 48.778780677401464 ], [ 2.585628687848115, 48.778852063188914 ], [ 2.585453032828396, 48.778864944781652 ], [ 2.585424748202182, 48.778827971427752 ], [ 2.585443132081418, 48.778740793857402 ], [ 2.585439436219087, 48.77800687407462 ], [ 2.585444897525849, 48.777833309569402 ], [ 2.585445337091285, 48.77760666322763 ], [ 2.585452559208909, 48.777382738564803 ], [ 2.585460470521244, 48.777243359539497 ], [ 2.585470028334608, 48.777068010337814 ], [ 2.585510855566246, 48.776896367184634 ], [ 2.585594388067211, 48.776659216141688 ], [ 2.585662465761025, 48.776483170411161 ], [ 2.585746815120995, 48.776314376216909 ], [ 2.585848704007003, 48.776164530090838 ], [ 2.585909255644511, 48.77607929721615 ], [ 2.585958970938103, 48.775987730967238 ], [ 2.58600185372401, 48.775899738605254 ], [ 2.586033686230086, 48.775832394080922 ], [ 2.586051647153901, 48.775798279199854 ], [ 2.586065482987132, 48.775769546409528 ], [ 2.58609061855566, 48.775688687691535 ], [ 2.586110482221986, 48.775586225148615 ], [ 2.586155623776154, 48.775384916373696 ], [ 2.586211879090762, 48.775154865297175 ], [ 2.5862596914403, 48.774959861449155 ], [ 2.586320006637501, 48.774732522495356 ], [ 2.586363686128646, 48.774543800016609 ], [ 2.586403204746178, 48.774364956474521 ], [ 2.586429935019515, 48.774254422945354 ], [ 2.586470265187558, 48.774144835875759 ], [ 2.586495199825838, 48.774089159441971 ], [ 2.586560107988851, 48.773968864606246 ], [ 2.586646979467779, 48.773824361938914 ], [ 2.586741879366439, 48.773696975552909 ], [ 2.58686566671837, 48.773530115404014 ], [ 2.587024980746369, 48.773344490530569 ], [ 2.587256723044185, 48.77311954208777 ], [ 2.587428031732869, 48.772965437057842 ], [ 2.58775233926562, 48.772735410835651 ], [ 2.588019424772181, 48.772514180374536 ], [ 2.588059153978966, 48.772480140170188 ], [ 2.588426217866996, 48.772176508634203 ], [ 2.588586422058337, 48.772049345597729 ], [ 2.588697322926768, 48.771962485622623 ], [ 2.588741147412546, 48.771926660476723 ], [ 2.588889139618009, 48.771794957965867 ], [ 2.588961877492231, 48.771716060995928 ], [ 2.589086765868941, 48.771580681118088 ], [ 2.589203624233442, 48.77142818486324 ], [ 2.589350599950772, 48.771252407581066 ], [ 2.589455069613952, 48.771117856478881 ], [ 2.589674064200114, 48.771300287936761 ], [ 2.589949284819007, 48.771427149111823 ], [ 2.590190653039634, 48.771533207287085 ], [ 2.590416068525286, 48.771591542023785 ], [ 2.591058251141007, 48.77142555415314 ], [ 2.591265716844851, 48.77134351929967 ], [ 2.591369766313613, 48.771262029774071 ], [ 2.591757017812561, 48.771157224487141 ], [ 2.592171318789891, 48.771073196516255 ], [ 2.592766027372347, 48.771235318744274 ], [ 2.593162485455363, 48.771345497118283 ], [ 2.593346215266113, 48.771515210045756 ], [ 2.593520996078605, 48.771611141362662 ], [ 2.594206906656948, 48.771769968996892 ], [ 2.594779775205257, 48.771942799666107 ], [ 2.594984389901164, 48.772052320990532 ], [ 2.595212164619666, 48.772158322829618 ], [ 2.595317870909331, 48.772213544367958 ], [ 2.595535221677196, 48.772260149861019 ], [ 2.59628119316543, 48.772220401401334 ], [ 2.596464861965239, 48.772223720169038 ], [ 2.59662394151695, 48.772239547227308 ], [ 2.59680471538045, 48.772265340695149 ], [ 2.597200009611474, 48.772352117191822 ], [ 2.597491956665603, 48.772430449603469 ], [ 2.597767430977654, 48.772527613223055 ], [ 2.598052292511424, 48.772642795771901 ], [ 2.597966065738032, 48.773237907968536 ], [ 2.598396435862105, 48.773365271391775 ], [ 2.598549710050847, 48.773428744482906 ], [ 2.598654234650762, 48.773461474044609 ], [ 2.598876974175751, 48.773516186072364 ], [ 2.59896933579345, 48.773538081729136 ], [ 2.599189361482273, 48.773591884659702 ], [ 2.599245046599122, 48.773605562454854 ], [ 2.599572299197031, 48.773694800877003 ], [ 2.600021609721001, 48.773837511627249 ], [ 2.600204898639697, 48.773891189662308 ], [ 2.60036645790426, 48.773939398334221 ], [ 2.600849811167474, 48.774079521604179 ], [ 2.601117527946476, 48.774125385692749 ], [ 2.601321449586292, 48.774150350141362 ], [ 2.601713102126678, 48.774182236051161 ], [ 2.602050257903705, 48.774222933134908 ], [ 2.602317976473238, 48.774268794527593 ], [ 2.602716057562489, 48.774350165428082 ], [ 2.603182141821283, 48.774436257879231 ], [ 2.603360375966774, 48.77443954795973 ], [ 2.603534548463069, 48.774440126101737 ], [ 2.604163816267261, 48.774361266951523 ], [ 2.60441167875578, 48.774334206622228 ], [ 2.604633523804277, 48.774328645226944 ], [ 2.604735196350866, 48.774379347941142 ], [ 2.604870505845834, 48.774480528096312 ], [ 2.604963898839529, 48.774546492983177 ], [ 2.60506556532567, 48.77459809478168 ], [ 2.605216177410667, 48.774655254628996 ], [ 2.605426675540558, 48.77471081329287 ], [ 2.605569389046413, 48.774732870098411 ], [ 2.605819498533264, 48.774768772094241 ], [ 2.606147176896627, 48.774804029916538 ], [ 2.606357062076902, 48.774760651197333 ], [ 2.606695153761557, 48.774678120766843 ], [ 2.606981604478985, 48.77458642552623 ], [ 2.607085419201145, 48.77453370255396 ], [ 2.607166155561862, 48.774473708424189 ], [ 2.607218384256, 48.774404626536857 ], [ 2.607320918285233, 48.774160327422074 ], [ 2.607479923610832, 48.773825374525792 ], [ 2.607665172291546, 48.773438342411254 ], [ 2.607827397005688, 48.773217623048474 ], [ 2.607905699635115, 48.773118946230326 ], [ 2.608230842750455, 48.772765649850655 ], [ 2.608641636248612, 48.772421627105629 ], [ 2.608782553833436, 48.772319557168004 ], [ 2.608999991525367, 48.772174566368953 ], [ 2.609212025772141, 48.772024161087352 ], [ 2.609388466344326, 48.77190241981846 ], [ 2.609921885229974, 48.771534509566294 ], [ 2.61005044460113, 48.771446788112215 ], [ 2.610172166738821, 48.77136354120222 ], [ 2.610337610287314, 48.771256152988016 ], [ 2.610907954045155, 48.770861376602646 ], [ 2.611191205696414, 48.770647342191694 ], [ 2.611451250856549, 48.770443125002537 ], [ 2.611573189292, 48.77033019709117 ], [ 2.611684235602628, 48.770218133040125 ], [ 2.611774852212228, 48.770108700685142 ], [ 2.61194110426599, 48.769891585876891 ], [ 2.612077441808697, 48.769671675455562 ], [ 2.612131333914229, 48.769560324714995 ], [ 2.61217979678184, 48.769447157511166 ], [ 2.612237191357546, 48.769230588111995 ], [ 2.612274403876978, 48.768983373485575 ], [ 2.612295727820102, 48.768860224670028 ], [ 2.612319832932367, 48.768728990247723 ], [ 2.612351048034938, 48.768556406390815 ], [ 2.612379134382988, 48.768438675873192 ], [ 2.612406946786615, 48.768357819935034 ], [ 2.612447224535496, 48.76824732415691 ], [ 2.61247911173405, 48.768167380811668 ], [ 2.612516441066143, 48.768087455106347 ], [ 2.612539964442226, 48.768034466673605 ], [ 2.612556538126403, 48.768001242544798 ], [ 2.612581341871969, 48.767959051081974 ], [ 2.612643401118051, 48.767846827039207 ], [ 2.612704106221946, 48.767733699160964 ], [ 2.612755193829657, 48.767633131700151 ], [ 2.612795290146583, 48.767546919024333 ], [ 2.612823074745614, 48.767469660450956 ], [ 2.612868853117267, 48.767351087653672 ], [ 2.612879977553827, 48.767318745203561 ], [ 2.612806228753969, 48.767172802892922 ], [ 2.612778151263723, 48.767106156052108 ], [ 2.612750554257741, 48.766974753732299 ], [ 2.612782454084296, 48.766709533183111 ], [ 2.612858316976497, 48.766386893232067 ], [ 2.613009393445092, 48.766012331425614 ], [ 2.613111383935316, 48.765835479236557 ], [ 2.613258123458478, 48.765678558724225 ], [ 2.613416766821487, 48.765567546156959 ], [ 2.613445330497482, 48.765568538003826 ], [ 2.613785194698434, 48.765236857800801 ], [ 2.614331642516976, 48.76474934733168 ], [ 2.614498775679901, 48.764593390420472 ], [ 2.6145618020964, 48.764533333689364 ], [ 2.614631657245422, 48.764469701334541 ], [ 2.61481119203051, 48.764292198242465 ], [ 2.615019719645825, 48.764057226369793 ], [ 2.615104929819235, 48.763940578288526 ], [ 2.615512131798437, 48.763145016336885 ], [ 2.615620165792938, 48.762884536289327 ], [ 2.615648162253478, 48.762777597040937 ], [ 2.615675559648534, 48.76256722411096 ], [ 2.615681855455966, 48.762451220930693 ], [ 2.615646634150967, 48.762246042881706 ], [ 2.615566394065662, 48.762057808620938 ], [ 2.615433065987606, 48.761873900385154 ], [ 2.615191524103652, 48.761605998495256 ], [ 2.614902610170578, 48.761305564643955 ], [ 2.614862203485415, 48.761250570494731 ], [ 2.614846270425168, 48.761197454069197 ], [ 2.614837225546594, 48.761132667553717 ], [ 2.614834670686519, 48.761110174123701 ], [ 2.613998458352902, 48.761050811803543 ], [ 2.613651742567929, 48.761025406735683 ], [ 2.613257027611949, 48.761052010894296 ], [ 2.611326871749102, 48.761199543959798 ], [ 2.611497511420817, 48.760754892218898 ], [ 2.611539386520456, 48.760612022528299 ], [ 2.611601820679568, 48.760448533274577 ], [ 2.611593892729564, 48.760417028200074 ], [ 2.610591458189288, 48.760211397075693 ], [ 2.609642011101082, 48.76001582417075 ], [ 2.607381870372388, 48.759546119334217 ], [ 2.606720383340973, 48.759411729744052 ], [ 2.604988268184282, 48.759101113527578 ], [ 2.602743306041225, 48.758971347499774 ], [ 2.601023743837081, 48.759515154799772 ], [ 2.59924825419514, 48.760074039512659 ], [ 2.597467264285302, 48.760635577376256 ], [ 2.597753569555986, 48.759848659443627 ], [ 2.598119031520808, 48.758850645288788 ], [ 2.598481758933409, 48.757852620002801 ], [ 2.598847193006005, 48.756854601887817 ], [ 2.599369681011963, 48.755419094782674 ], [ 2.599429986404929, 48.755359935821282 ], [ 2.599751487102815, 48.755119971082998 ], [ 2.60045905375257, 48.754733793925119 ], [ 2.601626966445667, 48.754091017303359 ], [ 2.601709113127945, 48.754021137029241 ], [ 2.601754664843093, 48.75393404579436 ], [ 2.601785336677634, 48.753836111948978 ], [ 2.601859568543687, 48.753733826255832 ], [ 2.601967667495437, 48.753649641681129 ], [ 2.602191367565978, 48.753567640986759 ], [ 2.602177889130749, 48.753551406628986 ], [ 2.602026927115591, 48.753370121337483 ], [ 2.601810017511069, 48.753096875649852 ], [ 2.601812854446965, 48.753081595060578 ], [ 2.601835062912236, 48.753023207158144 ], [ 2.601833867355504, 48.75300161721885 ], [ 2.601833997669768, 48.752984528773631 ], [ 2.60182330155143, 48.752960208911126 ], [ 2.601768991080213, 48.752947435999687 ], [ 2.601713361637831, 48.752929262175471 ], [ 2.601651205898425, 48.752875089962025 ], [ 2.601603867923285, 48.752839854861882 ], [ 2.601288935318121, 48.752400788629409 ], [ 2.600827389571399, 48.751747170443821 ], [ 2.600718812932387, 48.751716227306638 ], [ 2.60063383328266, 48.751623303297883 ], [ 2.600432154207308, 48.751316827186216 ], [ 2.600228876376586, 48.75104182486433 ], [ 2.600084405163581, 48.750902830979918 ], [ 2.599870755437064, 48.750739320863964 ], [ 2.598828360358913, 48.750099935607345 ], [ 2.598683736492301, 48.749981625977739 ], [ 2.598565948446257, 48.749911075499085 ], [ 2.598526685834973, 48.749887558646094 ], [ 2.59807484398838, 48.750100999334563 ], [ 2.597888174396098, 48.749790971302744 ], [ 2.597853158660854, 48.749745882506652 ], [ 2.597569975168335, 48.749429232862902 ], [ 2.597416771662674, 48.749189471282278 ], [ 2.597168219691614, 48.748791989630405 ], [ 2.596122522219478, 48.74718209496838 ], [ 2.592363573058704, 48.747502106338906 ], [ 2.592064164970926, 48.747527166955905 ], [ 2.591650416370064, 48.747564427711588 ], [ 2.591512707343858, 48.747434440250402 ], [ 2.591288612753972, 48.747220510905017 ], [ 2.590623998538386, 48.746816193320619 ], [ 2.590383759609783, 48.746580620697991 ], [ 2.58998291994558, 48.746187097526139 ], [ 2.590172588435351, 48.745934112032941 ], [ 2.590549199970711, 48.745428130649024 ], [ 2.58776710275429, 48.744162964500099 ], [ 2.587595339325744, 48.744214537826792 ], [ 2.587081329331151, 48.743691096128828 ], [ 2.586487914158669, 48.743063943271082 ], [ 2.585184513444684, 48.741766949623219 ], [ 2.587387780870616, 48.740878757614723 ], [ 2.587974338610545, 48.740649631147257 ], [ 2.588135296339209, 48.740587226778189 ], [ 2.589768025981151, 48.73995605519498 ], [ 2.590193351621775, 48.739649012954956 ], [ 2.590314897247778, 48.739582872613148 ], [ 2.590751539081624, 48.739219203298077 ], [ 2.591169348925813, 48.738828485011759 ], [ 2.591455726827624, 48.738550643190536 ], [ 2.591654473655852, 48.738523440953337 ], [ 2.591425519040465, 48.737544980468904 ], [ 2.595801437009564, 48.73647876509137 ], [ 2.594499174787744, 48.735902312257629 ], [ 2.594645948951081, 48.735737315898994 ], [ 2.593901214486059, 48.735509927529733 ], [ 2.594748926929614, 48.73192857934383 ], [ 2.593338920477732, 48.731585597622171 ], [ 2.59320488214761, 48.732036655600027 ], [ 2.590130967717993, 48.731310192278691 ], [ 2.590248556336342, 48.731226049361432 ], [ 2.589350923239388, 48.729185748465575 ], [ 2.588718551935047, 48.729034265079115 ], [ 2.588273048639739, 48.728978763089188 ], [ 2.588219594210257, 48.729033444168451 ], [ 2.588129332810808, 48.729100590294003 ], [ 2.588006257738548, 48.729191008373171 ], [ 2.586851410558363, 48.728230917711464 ], [ 2.586939529124155, 48.728090910857972 ], [ 2.584488095131578, 48.726744041676355 ], [ 2.584808610407903, 48.726785631708836 ], [ 2.582971275304892, 48.724650258612932 ], [ 2.582634428662993, 48.724102222766874 ], [ 2.582325296182115, 48.724169498606074 ], [ 2.581366157638554, 48.722733331958111 ], [ 2.581465651327514, 48.722701301104465 ], [ 2.580941801165642, 48.72191335245568 ], [ 2.580939068031986, 48.721915141738577 ], [ 2.580778115931488, 48.721982933896371 ], [ 2.58061058323125, 48.722023719509338 ], [ 2.580406130941542, 48.72209135828529 ], [ 2.580333731002403, 48.722135176268772 ], [ 2.580258698935302, 48.722168191670605 ], [ 2.579934202435864, 48.722287574872212 ], [ 2.579774158715916, 48.722411134126688 ], [ 2.579700593800163, 48.72243066274244 ], [ 2.579644671646118, 48.722453851215576 ], [ 2.579618011417196, 48.722557192872884 ], [ 2.579580924848869, 48.722604732530925 ], [ 2.579538683027338, 48.722617175868706 ], [ 2.579492203808323, 48.722649391932094 ], [ 2.579424979164065, 48.72272560740771 ], [ 2.579408543589002, 48.722740839958071 ], [ 2.579363495969668, 48.722764066618787 ], [ 2.579081559245835, 48.722155950729267 ], [ 2.578448188864174, 48.720794660453812 ], [ 2.577428847251221, 48.721108558043383 ], [ 2.577415675877756, 48.7210563438299 ], [ 2.577085557703249, 48.719687123893436 ], [ 2.577349479070869, 48.719661075655772 ], [ 2.577260412331442, 48.718908826392905 ], [ 2.577339555811114, 48.718871330142655 ], [ 2.577286750858872, 48.718509567106942 ], [ 2.577239496840347, 48.718469824219902 ], [ 2.577190783519268, 48.718274472495253 ], [ 2.577140835055164, 48.718063825804393 ], [ 2.577093408929309, 48.717877472964865 ], [ 2.577030094530392, 48.717638896032376 ], [ 2.577014293325641, 48.717575878969441 ], [ 2.576871785570034, 48.717045601304761 ], [ 2.576760779829075, 48.716653949398925 ], [ 2.576542838867398, 48.716710740635598 ], [ 2.575991432843614, 48.71498004921515 ], [ 2.57588008767279, 48.714631567960808 ], [ 2.575891888092424, 48.714517380257043 ], [ 2.575865602870283, 48.714406654955972 ], [ 2.575401314441278, 48.712665473499797 ], [ 2.571799154132327, 48.713544852578629 ], [ 2.571092268695873, 48.711240626263908 ], [ 2.569228649986067, 48.711108889056611 ], [ 2.569229678991504, 48.710324572885192 ], [ 2.569235112924638, 48.710159993194978 ], [ 2.568742462931709, 48.710240063455693 ], [ 2.568737582740792, 48.710007987742593 ], [ 2.568699956634824, 48.7089680870859 ], [ 2.567789096983075, 48.709003467274023 ], [ 2.568151959860062, 48.708181783461086 ], [ 2.568670840321187, 48.70722664380591 ], [ 2.568860923200387, 48.706918818751028 ], [ 2.569081041724361, 48.706594012212179 ], [ 2.569383383408336, 48.706185852878896 ], [ 2.569915178587503, 48.705472705941489 ], [ 2.569929049083012, 48.705438576714727 ], [ 2.569921080585302, 48.705416061653011 ], [ 2.569911716163748, 48.705398038825201 ], [ 2.569838674917252, 48.705356400625057 ], [ 2.569798159017547, 48.705325673111908 ], [ 2.569776675439394, 48.705294114766325 ], [ 2.569772902251643, 48.705257223563684 ], [ 2.569788198335141, 48.705215004405524 ], [ 2.56985011209829, 48.705122583933182 ], [ 2.570278368082672, 48.704604242963995 ], [ 2.570458276580192, 48.704374630613302 ], [ 2.57048301758581, 48.704340540431872 ], [ 2.570649283668524, 48.704117174810342 ], [ 2.570805888426072, 48.70391176325267 ], [ 2.57081152338377, 48.703887498252527 ], [ 2.570804943169302, 48.703861390396831 ], [ 2.570768474957114, 48.703834275552552 ], [ 2.570715707602338, 48.703806202591473 ], [ 2.57051394394143, 48.703719128739237 ], [ 2.570195975910328, 48.703551584452967 ], [ 2.569943072838006, 48.703404061870785 ], [ 2.569925629563913, 48.703377015337828 ], [ 2.569929928207353, 48.703350047184443 ], [ 2.57003913345811, 48.703290177337898 ], [ 2.570673223231818, 48.703022624466662 ], [ 2.571071353872614, 48.702860355755995 ], [ 2.571355065549064, 48.702730954483371 ], [ 2.571649838274117, 48.702578206401235 ], [ 2.572162996322982, 48.702307512850581 ], [ 2.572552112582979, 48.70208314435515 ], [ 2.572881400221509, 48.701863057642889 ], [ 2.573254461224276, 48.701607148343761 ], [ 2.573648186969492, 48.701316232896389 ], [ 2.573964170313131, 48.701060117274004 ], [ 2.574264976615331, 48.700831829763018 ], [ 2.574330624045889, 48.700779895545267 ], [ 2.574418151309176, 48.700710949672072 ], [ 2.57456558994366, 48.700626926647885 ], [ 2.574902595720271, 48.700458130718467 ], [ 2.575110017116895, 48.700350035408327 ], [ 2.575317496119735, 48.70023474427915 ], [ 2.575638147718155, 48.700071284752127 ], [ 2.575703632199532, 48.700039137232359 ], [ 2.575740472660438, 48.700020379662853 ], [ 2.575808681878364, 48.699987342317975 ], [ 2.576734470457676, 48.699598467449071 ], [ 2.577803663555952, 48.699117448812238 ], [ 2.577888226239605, 48.699078171936691 ], [ 2.578570150883063, 48.698764873360908 ], [ 2.578686065152231, 48.698713114259213 ], [ 2.579209707396322, 48.698481103501749 ], [ 2.579557474666521, 48.698322226218856 ], [ 2.580400171776941, 48.697951918277361 ], [ 2.580884157817309, 48.697749442703724 ], [ 2.581193604327229, 48.697623705908654 ], [ 2.5813558035818, 48.697560413716225 ], [ 2.581415860932614, 48.697526445050336 ], [ 2.581541683886727, 48.697424348215449 ], [ 2.581094316855707, 48.697296853704287 ], [ 2.580684837124966, 48.697189278786233 ], [ 2.580128698227796, 48.697071292245013 ], [ 2.579320832558861, 48.696998287995129 ], [ 2.578849586774366, 48.696968741843392 ], [ 2.578104921675177, 48.696809604357085 ], [ 2.577585455636754, 48.696694433970549 ], [ 2.576652581118602, 48.696455468219263 ], [ 2.576449171157575, 48.696406175269772 ], [ 2.576198229394388, 48.696354014718686 ], [ 2.575787262454195, 48.696264406757656 ], [ 2.575693724913948, 48.696237989715755 ], [ 2.575592006155266, 48.696215141330796 ], [ 2.575305674653643, 48.69617094810328 ], [ 2.575102172025022, 48.696133345489429 ], [ 2.574703268497742, 48.696064464322987 ], [ 2.57425165596133, 48.69596121419432 ], [ 2.573957438838059, 48.695884608987967 ], [ 2.573861185553534, 48.695858180794566 ], [ 2.573533171550996, 48.695760766188265 ], [ 2.573041222631622, 48.695606097945046 ], [ 2.572858331671684, 48.695540681964602 ], [ 2.572724161931877, 48.69549882621984 ], [ 2.572153393459153, 48.695346570272278 ], [ 2.571332982119211, 48.695151139960856 ], [ 2.570782232004547, 48.695043922388074 ], [ 2.570820872442916, 48.694971205060476 ], [ 2.571084463371881, 48.694473851520534 ], [ 2.571212801353928, 48.694232357725994 ], [ 2.571628191499467, 48.693447720357817 ], [ 2.571593093787242, 48.693254209846451 ], [ 2.57160673910084, 48.692749660208783 ], [ 2.571759582777487, 48.692003654550057 ], [ 2.569745535605082, 48.691579054807022 ], [ 2.569739387138339, 48.691830882529025 ], [ 2.566090860769944, 48.691746607062043 ], [ 2.565906867954611, 48.690998482598168 ], [ 2.56490531175733, 48.691031711107136 ], [ 2.564328041296308, 48.691016111813731 ], [ 2.562861757699284, 48.690897414010166 ], [ 2.561086239341185, 48.690717296356695 ], [ 2.561241084452721, 48.689588137243121 ], [ 2.560465120727996, 48.689453957961156 ], [ 2.557103390229507, 48.688892846528951 ], [ 2.556874209190011, 48.68884432346475 ], [ 2.55639953890095, 48.688748114813215 ], [ 2.55586245644424, 48.688642677175686 ], [ 2.555155703625577, 48.688520413940225 ], [ 2.554925129259889, 48.688476379242019 ], [ 2.554892694194232, 48.688456469910179 ], [ 2.554884681155427, 48.688440249591075 ], [ 2.554880789507353, 48.688418647849296 ], [ 2.554882423672165, 48.688386273122354 ], [ 2.554896613412762, 48.688315268154838 ], [ 2.554913566008369, 48.688238876687613 ], [ 2.554917840521685, 48.688215506484624 ], [ 2.554999832168694, 48.687839834964507 ], [ 2.55504363632947, 48.687641216002554 ], [ 2.554295179135149, 48.687632124874717 ], [ 2.553683865071773, 48.68763073811855 ], [ 2.553699698206827, 48.687685664921915 ], [ 2.553731456708466, 48.687784725244214 ], [ 2.553773791328622, 48.687918004900006 ], [ 2.553814844457552, 48.688042285053164 ], [ 2.553834661156098, 48.688108020334333 ], [ 2.553867793994335, 48.688205286789263 ], [ 2.553885032022021, 48.688254821989958 ], [ 2.553920835954929, 48.688357495214007 ], [ 2.552394495811668, 48.688441723119269 ], [ 2.551386959527588, 48.688543175115633 ], [ 2.550308216525132, 48.68855170497568 ], [ 2.549768028625709, 48.688493000430931 ], [ 2.549516688650321, 48.688652156545778 ], [ 2.549165603490365, 48.68887749568848 ], [ 2.54905770087177, 48.688944547799018 ], [ 2.548952522724468, 48.68901071064581 ], [ 2.54985675957641, 48.68939010427907 ], [ 2.550603128136694, 48.68980307585943 ], [ 2.550802828136614, 48.689962134287704 ], [ 2.55095644772837, 48.690108426338448 ], [ 2.551046240605859, 48.690251779523145 ], [ 2.551084765112905, 48.690353564215563 ], [ 2.551077285059559, 48.690433588545162 ], [ 2.551034753474172, 48.690481999614107 ], [ 2.550886888380553, 48.690614563867314 ], [ 2.550830662908877, 48.69067551581324 ], [ 2.550748323618221, 48.690771448536232 ], [ 2.550685065463174, 48.690860257355602 ], [ 2.550611848838297, 48.691001197624274 ], [ 2.550432378764531, 48.691175017593039 ], [ 2.550238203279943, 48.691320898387779 ], [ 2.549905550089405, 48.691612869192149 ], [ 2.549821272791233, 48.691617947908568 ], [ 2.549741063415687, 48.691623941387917 ], [ 2.549636454144161, 48.691623546423685 ], [ 2.549424363435814, 48.691640734675076 ], [ 2.549375315633363, 48.691656739745689 ], [ 2.549228677484019, 48.691803697917798 ], [ 2.549122718046986, 48.691959804331105 ], [ 2.548717304517926, 48.692337845246094 ], [ 2.548557294251891, 48.69245956691374 ], [ 2.548521769111888, 48.692482818526678 ], [ 2.548449375690139, 48.692527517705471 ], [ 2.5483117233639, 48.692577366503563 ], [ 2.548163303136, 48.692615481309829 ], [ 2.547511574324838, 48.692724544178134 ], [ 2.547300564426206, 48.692773214016491 ], [ 2.546744902120122, 48.692927610505436 ], [ 2.54644778404387, 48.693035316225945 ], [ 2.546244634630145, 48.693117294264248 ], [ 2.546020114060909, 48.693156915787775 ], [ 2.545784872819771, 48.693179406240041 ], [ 2.545484668703539, 48.693172865830185 ], [ 2.545366681550439, 48.693148130614411 ], [ 2.545353851801959, 48.693217340466262 ], [ 2.545278716295543, 48.693576839721032 ], [ 2.5455339321031, 48.693601198508574 ], [ 2.545774125244704, 48.69363449417893 ], [ 2.546088878492656, 48.693686961878619 ], [ 2.546376467844981, 48.693738425971809 ], [ 2.546777916535974, 48.693820903839679 ], [ 2.546689341126032, 48.693851149001695 ], [ 2.54663177205991, 48.69390939533487 ], [ 2.546594160931043, 48.694016288545335 ], [ 2.546575632834596, 48.694116058572426 ], [ 2.546551545317335, 48.694230198869093 ], [ 2.546513083287918, 48.694435130298913 ], [ 2.546504158985312, 48.694524143234894 ], [ 2.546598889113213, 48.694567677605917 ], [ 2.546570076844721, 48.694599948754231 ], [ 2.546562979372255, 48.694635000837138 ], [ 2.546561199423203, 48.694683565081064 ], [ 2.54659339451818, 48.694887865584526 ], [ 2.546670114780412, 48.695284820304288 ], [ 2.546681757688535, 48.695352324252866 ], [ 2.546441735571589, 48.695298343499928 ], [ 2.546274862762695, 48.695269825495608 ], [ 2.545608599086949, 48.695171046674417 ], [ 2.545455290205603, 48.695145277577474 ], [ 2.545289910083273, 48.69510147300663 ], [ 2.545008226460987, 48.694995161663847 ], [ 2.54473343121823, 48.69487808237713 ], [ 2.54449534407991, 48.694758444242296 ], [ 2.544349292734201, 48.694679633090942 ], [ 2.544165443083001, 48.694572793941575 ], [ 2.543897901258943, 48.694559178689239 ], [ 2.543821644867748, 48.694578675259649 ], [ 2.543770865003575, 48.694636946156912 ], [ 2.543711124518888, 48.694787827469796 ], [ 2.543660980593669, 48.694928851356025 ], [ 2.543610773575077, 48.695077070668219 ], [ 2.543530353837988, 48.695262052301629 ], [ 2.543472292671247, 48.695376061872004 ], [ 2.543371515600159, 48.695558267048781 ], [ 2.543353570108748, 48.695590579003195 ], [ 2.543243273666838, 48.695773647059639 ], [ 2.543138474036996, 48.695949540343456 ], [ 2.543119169592624, 48.69598184704784 ], [ 2.542990964898793, 48.696192729549423 ], [ 2.542922063517329, 48.696303099387876 ], [ 2.542802504990217, 48.696457348660303 ], [ 2.542725655299359, 48.696544301886391 ], [ 2.542698269059189, 48.696568482367809 ], [ 2.542655834895452, 48.69660429815184 ], [ 2.542613392803316, 48.696641013351467 ], [ 2.542536841647886, 48.696693788038807 ], [ 2.54240561186093, 48.696784130321376 ], [ 2.543031540997821, 48.697301921400395 ], [ 2.543146221552749, 48.69739500520302 ], [ 2.543304114167564, 48.697518836021025 ], [ 2.543425471422387, 48.697625437013684 ], [ 2.543678782376835, 48.697870160263221 ], [ 2.54380263886481, 48.698001955297393 ], [ 2.544000496426444, 48.698217682940282 ], [ 2.544270645299834, 48.698557811953798 ], [ 2.544165567250886, 48.698609579153718 ], [ 2.544034570852323, 48.698672940173346 ], [ 2.543775019827728, 48.698831152219093 ], [ 2.543539932637006, 48.698988557840778 ], [ 2.543467470953253, 48.69903954975829 ], [ 2.543281540826599, 48.699169259716292 ], [ 2.54305604059015, 48.699317706457954 ], [ 2.54241503351941, 48.699743392090497 ], [ 2.542205896680649, 48.699884704264278 ], [ 2.541837229611845, 48.700088365595441 ], [ 2.541782626041873, 48.700116938559688 ], [ 2.541368926295148, 48.70034201244615 ], [ 2.541317095032993, 48.700364299637855 ], [ 2.541179785588494, 48.7002171597345 ], [ 2.541031669855776, 48.700062782399378 ], [ 2.540848716679598, 48.699852504277352 ], [ 2.540641528454453, 48.699616947635306 ], [ 2.540522984665541, 48.699499561305728 ], [ 2.540417870867271, 48.69940021578666 ], [ 2.54027894667059, 48.699282750666576 ], [ 2.540115581298916, 48.69916339222474 ], [ 2.539945359571839, 48.699051202783096 ], [ 2.539691181158322, 48.698906308563409 ], [ 2.539511291469041, 48.698812070372234 ], [ 2.53930175578531, 48.698689834128956 ], [ 2.539115327616092, 48.698566787323983 ], [ 2.539001772427532, 48.698500687892192 ], [ 2.538898984281861, 48.698446322958674 ], [ 2.53871364678567, 48.698353861378841 ], [ 2.538495779757626, 48.698252279041164 ], [ 2.538330800790975, 48.698162593993452 ], [ 2.53815244173392, 48.698049470914739 ], [ 2.537913211174769, 48.697905530081258 ], [ 2.537665718233634, 48.697774149180184 ], [ 2.53740051545264, 48.69764809583441 ], [ 2.537125747198947, 48.697528300993284 ], [ 2.537022883250924, 48.697482928705405 ], [ 2.536852346885224, 48.697407611351885 ], [ 2.536572114423267, 48.697291391831882 ], [ 2.536511283603523, 48.697256076468129 ], [ 2.536465390657178, 48.697221718584132 ], [ 2.536439830490551, 48.697192836473057 ], [ 2.536394224830953, 48.697126099046301 ], [ 2.536317810302151, 48.697162679964215 ], [ 2.536269976359689, 48.697193975177015 ], [ 2.53624524834553, 48.69722446074389 ], [ 2.536224380955985, 48.697279246785357 ], [ 2.536210195340419, 48.697346651266059 ], [ 2.536150736923922, 48.697769167033464 ], [ 2.536053035043639, 48.698366928795934 ], [ 2.535993860251911, 48.698604156312115 ], [ 2.535976605162609, 48.69871112502593 ], [ 2.53597435211993, 48.698811855862552 ], [ 2.53600061825613, 48.699067404842523 ], [ 2.536036522205151, 48.699155691620788 ], [ 2.536092480358697, 48.699280934247732 ], [ 2.536108027128374, 48.699366443435473 ], [ 2.536130992169178, 48.699534731796412 ], [ 2.536133480012086, 48.699713734021373 ], [ 2.536124680814877, 48.699786556060666 ], [ 2.536110462459718, 48.699857558101108 ], [ 2.535794959981107, 48.700804361100673 ], [ 2.535694721468596, 48.701074708172726 ], [ 2.534552601120169, 48.700846292002574 ], [ 2.534551020886077, 48.700718562620075 ], [ 2.534336755691082, 48.700670055055539 ], [ 2.534193011929391, 48.700637113308254 ], [ 2.533479722972165, 48.700473322644257 ], [ 2.533344197271264, 48.700433216326694 ], [ 2.533226287831612, 48.700398575543922 ], [ 2.531589119541032, 48.699918142739619 ], [ 2.53170039721556, 48.699782761157387 ], [ 2.531669242162793, 48.699771845321983 ], [ 2.5314782761204, 48.699701836982932 ], [ 2.531439000795313, 48.699687291350969 ], [ 2.531363151620051, 48.699660009581287 ], [ 2.531287310589565, 48.699631828334041 ], [ 2.53094955061238, 48.700020866451489 ], [ 2.530851834085206, 48.700158999030698 ], [ 2.530349592085415, 48.701007911598452 ], [ 2.530097097759063, 48.701282151798544 ], [ 2.529787020643032, 48.701612830366109 ], [ 2.529642580048124, 48.701808342976449 ], [ 2.529543327881456, 48.701965356878489 ], [ 2.529224447949804, 48.702518165327213 ], [ 2.529063248149628, 48.702914190118584 ], [ 2.528962349570276, 48.703102677931042 ], [ 2.528641339078932, 48.703588916070039 ], [ 2.528516237557267, 48.703748525139822 ], [ 2.52837635804429, 48.703889187034882 ], [ 2.528202578795298, 48.704021619575649 ], [ 2.528004533673509, 48.704132368876444 ], [ 2.527816138069739, 48.704227865264244 ], [ 2.527414860335977, 48.704421458505671 ], [ 2.527236105053794, 48.704502600840065 ], [ 2.527081907019785, 48.704573046771628 ], [ 2.526839013761559, 48.704683616310966 ], [ 2.526832820862655, 48.704767241228758 ], [ 2.526813826732903, 48.705063986580306 ], [ 2.526880071300303, 48.70510202648375 ], [ 2.527569355810442, 48.705069679247771 ], [ 2.527615574984848, 48.705068063354453 ], [ 2.527725817315452, 48.70504961123634 ], [ 2.52784013629308, 48.705031175150758 ], [ 2.528000926114704, 48.70498324075799 ], [ 2.528130398582952, 48.705092587162916 ], [ 2.52825708069998, 48.705210017488106 ], [ 2.528308321625073, 48.705254293453848 ], [ 2.528385966408646, 48.705233912926694 ], [ 2.528527325882357, 48.705230873833798 ], [ 2.529137178268237, 48.705266562273692 ], [ 2.529170883736605, 48.705296377353783 ], [ 2.529253250975908, 48.705355167043187 ], [ 2.529408676041618, 48.705450223118277 ], [ 2.529438288826299, 48.705481820885218 ], [ 2.52946520809838, 48.705510709652366 ], [ 2.529508029603946, 48.705584633925277 ], [ 2.529537091953267, 48.705677392492845 ], [ 2.529560524384749, 48.705791715784116 ], [ 2.529610162991021, 48.706165185596042 ], [ 2.529175640824899, 48.706276802950882 ], [ 2.529043539883634, 48.706307762487249 ], [ 2.529199393497722, 48.707109792113336 ], [ 2.529279094176281, 48.707766708405025 ], [ 2.529309789776031, 48.707980000152766 ], [ 2.528410360830515, 48.707952163076762 ], [ 2.528269058939745, 48.7079480066472 ], [ 2.527982337655036, 48.707944174266714 ], [ 2.527906226423494, 48.707944772575921 ], [ 2.527351712142755, 48.707947973820694 ], [ 2.527189919801943, 48.707955427841291 ], [ 2.526756110621152, 48.707986088236183 ], [ 2.526524830558189, 48.708013053699467 ], [ 2.52647302004113, 48.708481463660775 ], [ 2.526405720804612, 48.709609111210476 ], [ 2.524980865507854, 48.709818416155542 ], [ 2.52436421690461, 48.70992659219651 ], [ 2.523913049999681, 48.709921194957609 ], [ 2.522562333652016, 48.709897808519671 ], [ 2.522157337126079, 48.710788444360425 ], [ 2.521990416301734, 48.71120692050696 ], [ 2.52148402007581, 48.712333702589319 ], [ 2.52100110476681, 48.712231026354807 ], [ 2.520706651429143, 48.712178575176722 ], [ 2.520481471108622, 48.712130898943556 ], [ 2.520253416125995, 48.712100300303334 ], [ 2.519968205247965, 48.712077566355823 ], [ 2.519128535544289, 48.712047201720395 ], [ 2.518876938306918, 48.712064176500313 ], [ 2.518649589127193, 48.712104634318273 ], [ 2.518435996293003, 48.712127158191208 ], [ 2.518380215499872, 48.712133229208391 ], [ 2.518226422505587, 48.712155994071765 ], [ 2.518092451738918, 48.712240001509109 ], [ 2.518059194732932, 48.712309124955475 ], [ 2.518049407308868, 48.712338767323239 ], [ 2.518260829484879, 48.712404381625532 ], [ 2.518500693856014, 48.712480903744165 ], [ 2.518834684882859, 48.712520028031982 ], [ 2.518855038288167, 48.712523707913348 ], [ 2.518860466415502, 48.712524629253274 ], [ 2.519099229711238, 48.712573262725705 ], [ 2.51971473003091, 48.712594630331957 ], [ 2.520892164735574, 48.712846713026082 ], [ 2.520639079056501, 48.7130255867065 ], [ 2.520220642757252, 48.71344934509635 ], [ 2.519858717697742, 48.713786982078638 ], [ 2.519590874850314, 48.714091717059524 ], [ 2.519476651615635, 48.714245063077811 ], [ 2.519447737303997, 48.714285421881144 ], [ 2.519396596754594, 48.714377859249737 ], [ 2.519312861177116, 48.714467466936931 ], [ 2.518995260880704, 48.714713535749731 ], [ 2.518843193306501, 48.714843342844325 ], [ 2.517989437129085, 48.715156503348567 ], [ 2.517688443713795, 48.715369356041194 ], [ 2.517502026063643, 48.715538598288269 ], [ 2.517274595463333, 48.715880368510156 ], [ 2.518201603209506, 48.716027127407642 ], [ 2.518171219911852, 48.716079172749254 ], [ 2.518145021968291, 48.716119542150111 ], [ 2.51808301203015, 48.71621103548636 ], [ 2.518041597285244, 48.71628012575691 ], [ 2.517930919551107, 48.716490149613357 ], [ 2.517875430966972, 48.71661135095416 ], [ 2.517803440678792, 48.716753172884189 ], [ 2.517749601279995, 48.716842900123027 ], [ 2.517712321355633, 48.716905710819731 ], [ 2.517677909222707, 48.716952343029249 ], [ 2.51751997971384, 48.717127096929651 ], [ 2.517434347789306, 48.717568379496733 ], [ 2.517357007822143, 48.718141914112557 ], [ 2.517300419332659, 48.718381837579685 ], [ 2.517273538163895, 48.718495958597224 ], [ 2.517201498346683, 48.718789786241764 ], [ 2.517098269506542, 48.719369511487578 ], [ 2.517073715227311, 48.71952591574933 ], [ 2.516952500503847, 48.72028635628628 ], [ 2.516863960620724, 48.720894022861039 ], [ 2.516782439959854, 48.721477432480086 ], [ 2.516744568178706, 48.721750710249374 ], [ 2.516727943166695, 48.721931431232555 ], [ 2.516697566441195, 48.722129185933184 ], [ 2.516011034044613, 48.725948135532107 ], [ 2.515923259978474, 48.726911080675528 ], [ 2.515853014485914, 48.727889386549251 ], [ 2.515837752278306, 48.728069212564527 ], [ 2.5157588628614, 48.729099649807559 ], [ 2.515581981789595, 48.72926083102756 ], [ 2.515331016792197, 48.729493666245212 ], [ 2.515207564427006, 48.72961099132614 ], [ 2.514940047601147, 48.729868942707441 ], [ 2.514130457529134, 48.730667049137047 ], [ 2.513851802213387, 48.730951935672437 ], [ 2.513266039899809, 48.731509897921789 ], [ 2.512216147841078, 48.732555254785694 ], [ 2.512181829687237, 48.732590192557652 ], [ 2.511791972572829, 48.732987048904711 ], [ 2.511686238140225, 48.733098146469843 ], [ 2.511563985732505, 48.733230762805064 ], [ 2.511256514501959, 48.733540709050388 ], [ 2.510560287420531, 48.734272695101794 ], [ 2.510049597978434, 48.734792272359954 ], [ 2.509600911682841, 48.734644721469131 ], [ 2.509574326178371, 48.734579852932448 ], [ 2.509511857259537, 48.734426692313377 ], [ 2.50947867634514, 48.734340210198347 ], [ 2.509361872627968, 48.734036620477497 ], [ 2.509240873002728, 48.733745605405673 ], [ 2.509187619355571, 48.733624862071622 ], [ 2.509053529660014, 48.733569445072078 ], [ 2.508729673316722, 48.733451185991605 ], [ 2.508670009653332, 48.733433851142792 ], [ 2.507400178475664, 48.732987893909886 ], [ 2.507443234002327, 48.733324460725711 ], [ 2.507472461885212, 48.733541345402436 ], [ 2.507498792613698, 48.733777106227613 ], [ 2.507661146074076, 48.735017197721135 ], [ 2.506169488529279, 48.735882588231803 ], [ 2.504140485817036, 48.735191506449382 ], [ 2.503949789022677, 48.735369701689372 ], [ 2.503010276090179, 48.735076175814157 ], [ 2.500781518128687, 48.734379707140015 ], [ 2.499832549017705, 48.734083418000161 ], [ 2.499370266622519, 48.733939369194843 ], [ 2.498940523555973, 48.733805348961148 ], [ 2.497403237152724, 48.733324883081231 ], [ 2.497271750163224, 48.733282955288892 ], [ 2.494536152464679, 48.732428629861907 ], [ 2.493900461349777, 48.732222663324819 ], [ 2.493508553847801, 48.732115766774108 ], [ 2.493108560135212, 48.732001639076366 ], [ 2.492508054701018, 48.731813803183641 ], [ 2.491666385710418, 48.73153859131741 ], [ 2.491494207592416, 48.731487489372377 ], [ 2.490419279610121, 48.731151911663822 ], [ 2.488432331150266, 48.730510207123103 ], [ 2.487720904828039, 48.730267904920488 ], [ 2.485289723511953, 48.729458742773353 ], [ 2.484630984053483, 48.729253526079383 ], [ 2.4844777916712, 48.729208791913749 ], [ 2.483756546971153, 48.729000602012398 ], [ 2.48282905253954, 48.728751938769143 ], [ 2.481955983172611, 48.728499906695724 ], [ 2.481256814111892, 48.728261216265771 ], [ 2.480057417664163, 48.72801404748585 ], [ 2.47726451633247, 48.727778786404926 ], [ 2.476619279110138, 48.727723791039978 ], [ 2.476374525292682, 48.727727214729299 ], [ 2.476259678625192, 48.727791470695529 ], [ 2.476171681240689, 48.727754207370502 ], [ 2.476097017325503, 48.727743086345271 ], [ 2.475323664325318, 48.727719901475581 ], [ 2.474442948331992, 48.727692641111581 ], [ 2.473906166416028, 48.727668689635529 ], [ 2.472950670976002, 48.727641988054607 ], [ 2.472803891389862, 48.727636842591323 ], [ 2.472799588041187, 48.727524393198593 ], [ 2.472403813713127, 48.727538834330446 ], [ 2.472101852932411, 48.72755278967972 ], [ 2.471906004824077, 48.727560018275561 ], [ 2.471785092222118, 48.727551388233579 ], [ 2.471555593508702, 48.727525187926297 ], [ 2.471401121614257, 48.727474135071404 ], [ 2.471271157157116, 48.727419592808992 ], [ 2.471111411826822, 48.727352326230019 ], [ 2.470804175935549, 48.727216047863237 ], [ 2.470652470214109, 48.727160509065612 ], [ 2.470496704619481, 48.727103153172415 ], [ 2.470188988345517, 48.727014541565765 ], [ 2.470007302472306, 48.726966064395675 ], [ 2.46978078177079, 48.726914689444563 ], [ 2.469540675949433, 48.726862354237092 ], [ 2.469445686619868, 48.726844842585351 ], [ 2.468567830155418, 48.726671841545766 ], [ 2.468345244080838, 48.726634872471152 ], [ 2.468035368784609, 48.726625396720721 ], [ 2.467940224663991, 48.726623173724434 ], [ 2.467831366808885, 48.726632582280196 ], [ 2.467749634046034, 48.726648407814139 ], [ 2.467670583502373, 48.726667843032047 ], [ 2.467637892194744, 48.726673993327502 ], [ 2.467671252378487, 48.728203196205072 ], [ 2.466758361877144, 48.729595955414268 ], [ 2.466686462327192, 48.729580343662711 ], [ 2.466588694827583, 48.729568214034636 ], [ 2.465882377877553, 48.729502094473723 ], [ 2.465829401879073, 48.729497360188233 ], [ 2.465777886607333, 48.729482738553578 ], [ 2.465745515268939, 48.729457409281508 ], [ 2.465726840513149, 48.729422247445648 ], [ 2.465713502731436, 48.729397003360312 ], [ 2.465674013856696, 48.729270005228827 ], [ 2.465636867011424, 48.729179894693246 ], [ 2.465616878903386, 48.729140229739031 ], [ 2.465584931118595, 48.729073527957958 ], [ 2.465546148981563, 48.72901039333172 ], [ 2.465462741949659, 48.728923673338322 ], [ 2.465302514566826, 48.72877094984397 ], [ 2.465093520566854, 48.728600918153056 ], [ 2.464976339003896, 48.728493359225695 ], [ 2.464931000008143, 48.728406809452103 ], [ 2.464911325968488, 48.728336564692796 ], [ 2.464904053367014, 48.728250185547985 ], [ 2.464878890202944, 48.728052195220236 ], [ 2.464888698185114, 48.727227449379704 ], [ 2.464898988416095, 48.727151942220402 ], [ 2.46467234289854, 48.727113149220699 ], [ 2.4639788228677, 48.72699580717449 ], [ 2.463330076047854, 48.726887656848803 ], [ 2.463034699914306, 48.726525651069494 ], [ 2.462994480082625, 48.726470603987437 ], [ 2.462942126929457, 48.726405608399553 ], [ 2.462891179598327, 48.726336121887051 ], [ 2.462860402258803, 48.726288312801628 ], [ 2.462828108301124, 48.726255787442852 ], [ 2.46208778978382, 48.726195788091438 ], [ 2.461582490955459, 48.726153034610888 ], [ 2.461521389853649, 48.726145563392905 ], [ 2.461236220690565, 48.726113695305571 ], [ 2.460805925081385, 48.726048790950585 ], [ 2.460695995526104, 48.726030305360695 ], [ 2.460580600401176, 48.72601449330223 ], [ 2.460299650242235, 48.725969150356882 ], [ 2.460226266734984, 48.725439944543602 ], [ 2.460216311303798, 48.725350854390506 ], [ 2.460196019511538, 48.725209549619557 ], [ 2.46007570008945, 48.72461806926264 ], [ 2.459915287729377, 48.723828528725832 ], [ 2.459582023267721, 48.723847707378397 ], [ 2.459127633120476, 48.723879827923469 ], [ 2.458594313805972, 48.723919683728397 ], [ 2.458233804467769, 48.723944131702545 ], [ 2.457832503664346, 48.723969292732733 ], [ 2.457704674029173, 48.723973209186902 ], [ 2.4564401670806, 48.723993540618174 ], [ 2.456283630883842, 48.724012615403659 ], [ 2.456185520452685, 48.72403465456582 ], [ 2.456111907143399, 48.724054106948628 ], [ 2.454936261281573, 48.724417516706779 ], [ 2.454531165886754, 48.724545186263207 ], [ 2.45417383583868, 48.724655083966539 ], [ 2.453392013801095, 48.723497514905844 ], [ 2.452871854542721, 48.723578780023409 ], [ 2.452671582466324, 48.723620135757358 ], [ 2.452512185862769, 48.723652684200488 ], [ 2.452461775528671, 48.723663246306003 ], [ 2.451802869011107, 48.723104362661999 ], [ 2.45230925076829, 48.722910607928625 ], [ 2.452726921773217, 48.722749723848416 ], [ 2.453028423408057, 48.722647669517038 ], [ 2.453682448414397, 48.72250405518519 ], [ 2.453967220933505, 48.722441497627031 ], [ 2.454245139641494, 48.722384304737531 ], [ 2.454653639840354, 48.722319612947068 ], [ 2.454897320066586, 48.722286547187366 ], [ 2.455041617461003, 48.722267418326553 ], [ 2.455225410871535, 48.722241274003565 ], [ 2.455349317809875, 48.722222051689599 ], [ 2.45622966751027, 48.722144216392891 ], [ 2.456305133504199, 48.72207710158375 ], [ 2.456593791483853, 48.722032544434015 ], [ 2.456541173924241, 48.721732788404893 ], [ 2.45664598301442, 48.721719773914963 ], [ 2.456573916746356, 48.721590824581355 ], [ 2.456451361729926, 48.721610953774771 ], [ 2.456231003670579, 48.721232181290134 ], [ 2.455471761715966, 48.721430195994969 ], [ 2.454565875182222, 48.721611345637079 ], [ 2.454420096239203, 48.721251799023108 ], [ 2.454290904280661, 48.721256605022006 ], [ 2.454100797165273, 48.720846485999047 ], [ 2.454382700637823, 48.720797406026037 ], [ 2.454338698210526, 48.720715354906773 ], [ 2.454218474487726, 48.720512428904911 ], [ 2.454174190670047, 48.720457359916537 ], [ 2.454122462042038, 48.720464318907112 ], [ 2.45406528679534, 48.720472152408476 ], [ 2.453674546495344, 48.720529727931272 ], [ 2.452951692402766, 48.720628054354677 ], [ 2.452769234574307, 48.720656899665748 ], [ 2.452664332427626, 48.7206789048304 ], [ 2.452536199446626, 48.72071249618206 ], [ 2.45248437609367, 48.720728448528092 ], [ 2.45243410996971, 48.720725519547997 ], [ 2.452385193732289, 48.720723496190999 ], [ 2.452347123679251, 48.720724220938841 ], [ 2.45228585109951, 48.720733833685109 ], [ 2.452200026070531, 48.72075142874759 ], [ 2.452096529964152, 48.720768942617823 ], [ 2.452497374282923, 48.721304155982551 ], [ 2.451535217827337, 48.721794435072155 ], [ 2.451380358126919, 48.7216543086274 ], [ 2.451231463493877, 48.721722881641085 ], [ 2.45060528186575, 48.721287365370188 ], [ 2.450562717231122, 48.721327644643203 ], [ 2.450505086445065, 48.721378647924006 ], [ 2.450071374288946, 48.721772407879165 ], [ 2.450009607714154, 48.721828788543299 ], [ 2.449924523927089, 48.721904849582501 ], [ 2.449311021892489, 48.722459678605027 ], [ 2.448461663722946, 48.723205896462652 ], [ 2.448078481687203, 48.723060213239165 ], [ 2.448149244043672, 48.722924723742096 ], [ 2.448166496936281, 48.7228357581062 ], [ 2.448177893461388, 48.722657719955073 ], [ 2.448175240380371, 48.722522790360486 ], [ 2.448189431504066, 48.722337569490577 ], [ 2.448278329498944, 48.722158090684971 ], [ 2.448337484112128, 48.722091804907002 ], [ 2.44846231423527, 48.721985347420606 ], [ 2.448471991028385, 48.721970101504049 ], [ 2.448492751408665, 48.721935118922758 ], [ 2.44850704736368, 48.721868625735972 ], [ 2.448507645491021, 48.721811963187861 ], [ 2.448449439379472, 48.721659687228836 ], [ 2.448358695205374, 48.721499165770979 ], [ 2.447941066247262, 48.720755188314598 ], [ 2.447883090929221, 48.720452704768853 ], [ 2.447852815477878, 48.720230400393874 ], [ 2.447833918403186, 48.720089099191213 ], [ 2.448025510433991, 48.719710417240293 ], [ 2.448133185867684, 48.719297167671087 ], [ 2.448267893922294, 48.719027055665272 ], [ 2.448430185988647, 48.718847915577861 ], [ 2.448485295237793, 48.718649391442348 ], [ 2.448483866277581, 48.718398437741762 ], [ 2.448247145208016, 48.718031266398292 ], [ 2.448085261650334, 48.717785866712134 ], [ 2.448274383616026, 48.717640130498495 ], [ 2.448588648015771, 48.717485977782928 ], [ 2.449372902849573, 48.717233255140762 ], [ 2.449529407584403, 48.717086466929082 ], [ 2.449503218310936, 48.716991903545967 ], [ 2.449457929857903, 48.716774926400248 ], [ 2.449465872559256, 48.716666129199616 ], [ 2.449593301601188, 48.716569576083202 ], [ 2.450165304935051, 48.716334757423013 ], [ 2.450569955521087, 48.715985834381947 ], [ 2.45064577922565, 48.715884545207352 ], [ 2.450589554185402, 48.715802436042836 ], [ 2.450539595562691, 48.71577072512099 ], [ 2.450378922332452, 48.715668346857946 ], [ 2.450247710287761, 48.715478857053093 ], [ 2.450202003650968, 48.715301453980302 ], [ 2.450283500289775, 48.715177704756805 ], [ 2.450815823937741, 48.714966085791737 ], [ 2.450836296383824, 48.714958084923524 ], [ 2.451148119837472, 48.714904652900728 ], [ 2.451119078150044, 48.714822668948244 ], [ 2.451055652937267, 48.714649681881177 ], [ 2.450966254891032, 48.714361445017602 ], [ 2.450507956244412, 48.714514041626849 ], [ 2.449252576758874, 48.714721424676917 ], [ 2.448805788356531, 48.714812904941098 ], [ 2.448362431502256, 48.71509418433471 ], [ 2.447486690175373, 48.715774617349602 ], [ 2.44634202296223, 48.71681807487731 ], [ 2.445149274811684, 48.718160814874317 ], [ 2.444494474739116, 48.719019443700148 ], [ 2.444141020596807, 48.719533183655557 ], [ 2.443441671205241, 48.72074238414303 ], [ 2.443185375572408, 48.720683623724675 ], [ 2.443105397022559, 48.720662563158903 ], [ 2.443068791653245, 48.720653397824101 ], [ 2.442996901902863, 48.720638671089269 ], [ 2.442953538404865, 48.720625876371997 ], [ 2.442744964249108, 48.720936112531021 ], [ 2.442520075770768, 48.721246272044525 ], [ 2.442468907502521, 48.721327882982905 ], [ 2.442434156554908, 48.721399676646946 ], [ 2.442410212929403, 48.721477816943917 ], [ 2.442398685573484, 48.721538925693586 ], [ 2.442391207381561, 48.721602751708971 ], [ 2.442395809565608, 48.721681025366031 ], [ 2.442441431739823, 48.721737004422657 ], [ 2.442599568460862, 48.721950013307776 ], [ 2.442717568926825, 48.722102571395865 ], [ 2.44278598410882, 48.722188338567989 ], [ 2.442839753631181, 48.722245254934037 ], [ 2.442968668627291, 48.722394265886663 ], [ 2.443067028712745, 48.722476574840734 ], [ 2.443128916614888, 48.722537126742701 ], [ 2.44317057728858, 48.722582293596126 ], [ 2.443228329854654, 48.72264822284022 ], [ 2.443273972934164, 48.722702402723236 ], [ 2.443423405295072, 48.722839815988685 ], [ 2.443573862389643, 48.724412753410199 ], [ 2.443457356157271, 48.724374433357433 ], [ 2.443281237728728, 48.72431694672138 ], [ 2.443171461817134, 48.724284953915102 ], [ 2.443017008072931, 48.724235662992498 ], [ 2.442931605743197, 48.724212778190662 ], [ 2.442724385425138, 48.724139854923784 ], [ 2.442568640314383, 48.724084261243817 ], [ 2.442396650018759, 48.724022295319401 ], [ 2.442165029395028, 48.723942960918613 ], [ 2.441930642659401, 48.723868110366809 ], [ 2.441773794011379, 48.72391594703187 ], [ 2.440698212060902, 48.724193337997605 ], [ 2.439719305367454, 48.725342738004002 ], [ 2.439178303814965, 48.725208877705668 ], [ 2.438084345157358, 48.724915908837858 ], [ 2.437148664564889, 48.724696531673274 ], [ 2.436009498789217, 48.724437509382206 ], [ 2.435010495891463, 48.724292470259272 ], [ 2.430763475281378, 48.723672356401345 ], [ 2.430310147818555, 48.723605432935898 ], [ 2.428472371025811, 48.723338504042445 ], [ 2.427797984110738, 48.723223740740849 ], [ 2.426319539960708, 48.72291892499387 ], [ 2.425403183263502, 48.722680659388701 ], [ 2.424383940572807, 48.722404113515822 ], [ 2.423316338280497, 48.722076056422857 ], [ 2.422203238370832, 48.721683908282081 ], [ 2.420882036335136, 48.721181006703205 ], [ 2.419929481690223, 48.72077972187995 ], [ 2.418581222485426, 48.72002481581692 ], [ 2.416879052848644, 48.719072983461359 ], [ 2.416822325302485, 48.719040325899371 ], [ 2.416748017822499, 48.718999487298973 ], [ 2.414716115754515, 48.717880511089177 ], [ 2.414441875505437, 48.717728956658696 ], [ 2.412732433310623, 48.716832793145777 ], [ 2.411077447301591, 48.7159341745744 ], [ 2.410705752727826, 48.715747950808904 ], [ 2.409344212706515, 48.715108900311733 ], [ 2.408717075385791, 48.714795481301884 ], [ 2.407338097059581, 48.71402050246094 ], [ 2.406417056611733, 48.713378207595497 ], [ 2.40622733311992, 48.713209064696422 ], [ 2.405864628506492, 48.712833083956632 ], [ 2.405423914586479, 48.712146399453779 ], [ 2.405144200690749, 48.711644905139543 ], [ 2.404584789005214, 48.710641913899131 ], [ 2.403977813209698, 48.709402122813607 ], [ 2.403501060914961, 48.708186364388887 ], [ 2.403025679471873, 48.706971509010735 ], [ 2.402548971499169, 48.705755744259925 ], [ 2.40219211586524, 48.704756448828775 ], [ 2.402144358592306, 48.704654569800894 ], [ 2.402119146866295, 48.704601374928878 ], [ 2.402083383128862, 48.704520243699839 ], [ 2.402056833231369, 48.704465243167839 ], [ 2.401767773447447, 48.703836865581714 ], [ 2.401349878531557, 48.70306752350843 ], [ 2.400807757610189, 48.702230095368144 ], [ 2.400469165545903, 48.701775961455965 ], [ 2.400012316495166, 48.701206999052538 ], [ 2.399509914344584, 48.700700768154029 ], [ 2.398884273808918, 48.700041003975215 ], [ 2.398248350876163, 48.699449543976399 ], [ 2.397794441201915, 48.69898312627577 ], [ 2.396317848877669, 48.697768571484367 ], [ 2.394841335585089, 48.696553097740704 ], [ 2.39336488051978, 48.695338503886759 ], [ 2.392073807584726, 48.694194994255483 ], [ 2.391172697394852, 48.693287324299263 ], [ 2.39059161177421, 48.692668215361351 ], [ 2.389929693914945, 48.691875090652296 ], [ 2.389568619883148, 48.691382128439528 ], [ 2.389066345045031, 48.690649180473081 ], [ 2.388686235250945, 48.69004278315402 ], [ 2.388606073099202, 48.690043271715439 ], [ 2.387985499324766, 48.689089339232623 ], [ 2.387965480173964, 48.689058654191648 ], [ 2.387407659861656, 48.688200384737684 ], [ 2.387033739876407, 48.687416814763608 ], [ 2.386657243651464, 48.686506402879338 ], [ 2.386158307195711, 48.684918048395652 ], [ 2.385949862699405, 48.684159610362236 ], [ 2.385915562415182, 48.683725882592199 ], [ 2.385940065934372, 48.68314314308752 ], [ 2.386001422766841, 48.68254530181698 ], [ 2.386210466874731, 48.681516467537108 ], [ 2.386392362655623, 48.680716861317741 ], [ 2.38655835660467, 48.680230193832578 ], [ 2.386949169014455, 48.679336314940542 ], [ 2.387261039194454, 48.678918756930223 ], [ 2.38781159016683, 48.678416972339008 ], [ 2.38828889454919, 48.678021848367436 ], [ 2.388605635187184, 48.677883152792582 ], [ 2.389875307775713, 48.677327476382132 ], [ 2.391097019868659, 48.676805721980159 ], [ 2.392380409897845, 48.676116964335741 ], [ 2.393838207855225, 48.675259975439054 ], [ 2.39482493735272, 48.674614656837939 ], [ 2.396189070458973, 48.673746369170473 ], [ 2.395474518080809, 48.673290304334579 ], [ 2.395342404987888, 48.673205082226531 ], [ 2.394846310899649, 48.672885044797191 ], [ 2.394807218681738, 48.67285966060841 ], [ 2.394390662292857, 48.67259129589938 ], [ 2.394254509844276, 48.672503353524057 ], [ 2.394149374070617, 48.672434457932617 ], [ 2.394103533986369, 48.672405441242113 ], [ 2.39400916915106, 48.672344695684146 ], [ 2.393825841021725, 48.672225930271146 ], [ 2.393751691009098, 48.672178779655809 ], [ 2.393724728349222, 48.672161552198446 ], [ 2.393536011088425, 48.672039160941061 ], [ 2.393394471114276, 48.671947592153515 ], [ 2.393316289527282, 48.671896822770428 ], [ 2.393252931635774, 48.671856023190834 ], [ 2.393050730258065, 48.671725467065905 ], [ 2.391725634178838, 48.670872290916584 ], [ 2.391431787113621, 48.670681897712321 ], [ 2.390276632652661, 48.669933913134251 ], [ 2.389512380063454, 48.669439777606726 ], [ 2.388812840211372, 48.668987345450866 ], [ 2.388640315156573, 48.66887582295233 ], [ 2.388204958206734, 48.66859474605824 ], [ 2.387768258527454, 48.668312761092686 ], [ 2.387599980238242, 48.668186866884454 ], [ 2.387548726308601, 48.668156920225236 ], [ 2.386132031939668, 48.667255534482443 ], [ 2.385757342795797, 48.667014338372567 ], [ 2.385657618597284, 48.666949060730857 ], [ 2.385359731402033, 48.666759530381093 ], [ 2.385188547234147, 48.666650708006884 ], [ 2.385060509623846, 48.666568193367183 ], [ 2.384974239129943, 48.666513778485594 ], [ 2.384203307812366, 48.666018673031751 ], [ 2.383621061197936, 48.665645970306521 ], [ 2.383561760239957, 48.665607884755019 ], [ 2.383427002043098, 48.665519936520816 ], [ 2.383375318356609, 48.665526865165447 ], [ 2.383339355905416, 48.665467312270948 ], [ 2.383237006801195, 48.665394822925656 ], [ 2.383203336045186, 48.665371261760797 ], [ 2.383070011182767, 48.665277024029031 ], [ 2.382911121000442, 48.665162864835708 ], [ 2.382779208118808, 48.665064136574721 ], [ 2.382654031904826, 48.664969940537667 ], [ 2.382593459505979, 48.664924651903277 ], [ 2.382575956113608, 48.664911968266594 ], [ 2.38259518895673, 48.664893178416001 ], [ 2.381701357718279, 48.664345248311314 ], [ 2.38141255772095, 48.664193533628982 ], [ 2.380991341778829, 48.663986261207988 ], [ 2.380864387672318, 48.663928033917109 ], [ 2.380571316565875, 48.663793385424121 ], [ 2.380353911716536, 48.663690612035445 ], [ 2.380197660444095, 48.663813031118444 ], [ 2.379670475774166, 48.663496363409116 ], [ 2.379498031004733, 48.663381229388946 ], [ 2.379403120644578, 48.663254805302458 ], [ 2.379400447721179, 48.663251193386365 ], [ 2.379392407609344, 48.663242156526501 ], [ 2.379261392168186, 48.663068770319384 ], [ 2.37922261374516, 48.663018196364057 ], [ 2.379091610104804, 48.662843910493073 ], [ 2.378758711079684, 48.662405018710572 ], [ 2.37874534690598, 48.662386959044277 ], [ 2.378630372653786, 48.662235243621659 ], [ 2.378304184685978, 48.661803581299047 ], [ 2.378288126670117, 48.66178370851803 ], [ 2.378232009243217, 48.66170695820125 ], [ 2.377975329372935, 48.661368305973795 ], [ 2.377846974637001, 48.661200328785426 ], [ 2.377834947440554, 48.661184074977456 ], [ 2.377674532030518, 48.660971854630397 ], [ 2.37762908569339, 48.660911350716773 ], [ 2.377459328353821, 48.660685588712454 ], [ 2.377379095247394, 48.66058172688912 ], [ 2.377229170575977, 48.660401043196806 ], [ 2.377174178306696, 48.660344087207925 ], [ 2.376789356865025, 48.659821263754736 ], [ 2.376546186896149, 48.65948987447991 ], [ 2.37644398080977, 48.659293248139747 ], [ 2.376335669114956, 48.659153258438835 ], [ 2.376208650595844, 48.658987984620602 ], [ 2.37582756765741, 48.658494860559429 ], [ 2.375776759288414, 48.658428930687613 ], [ 2.375699194665319, 48.658329578997112 ], [ 2.375636360780512, 48.658247394991619 ], [ 2.375485262957245, 48.65805231047257 ], [ 2.375200483922737, 48.657682021149213 ], [ 2.37519113070467, 48.657669379053758 ], [ 2.374847500639498, 48.657225020814892 ], [ 2.374776652543833, 48.657132000169725 ], [ 2.37464426705358, 48.656962198672964 ], [ 2.374568064394711, 48.656862853247816 ], [ 2.373546608230346, 48.655539712673054 ], [ 2.373387520481625, 48.655332889388362 ], [ 2.373213726769172, 48.655107098869365 ], [ 2.373132163834763, 48.655002327112314 ], [ 2.372878157214354, 48.654672670791619 ], [ 2.372872813145888, 48.654665446614793 ], [ 2.372793934389443, 48.654563387225956 ], [ 2.372732434814749, 48.65448390692633 ], [ 2.372364788064154, 48.65400793095138 ], [ 2.372287247267442, 48.653907677222108 ], [ 2.37212950542681, 48.653702658028081 ], [ 2.372051954737268, 48.653603303571167 ], [ 2.371816675745035, 48.653298029926994 ], [ 2.371736465170374, 48.653194163663251 ], [ 2.371582735428204, 48.652994561801648 ], [ 2.371506544361973, 48.652895214089334 ], [ 2.37117901858315, 48.652471616800902 ], [ 2.371100146438486, 48.652369556103842 ], [ 2.370840908418281, 48.652025474826289 ], [ 2.37037989480497, 48.651414072161259 ], [ 2.370339797760735, 48.651361688745716 ], [ 2.370279121863268, 48.651327186769024 ], [ 2.370235082430102, 48.651263988363482 ], [ 2.369675355230518, 48.650621477455772 ], [ 2.368983097493374, 48.649825344938854 ], [ 2.368872045358056, 48.649690729693461 ], [ 2.368803857029217, 48.6496040154667 ], [ 2.368569690180853, 48.649322127384956 ], [ 2.368298277861303, 48.648977075511539 ], [ 2.368180529033537, 48.648835227913153 ], [ 2.367910120638671, 48.64851986421067 ], [ 2.367370388270923, 48.647912527748794 ], [ 2.367163221494001, 48.647644272456048 ], [ 2.366942700580222, 48.647357955526694 ], [ 2.366700638131298, 48.647057131411543 ], [ 2.366683253439927, 48.647035450697281 ], [ 2.366414438577961, 48.646702101227532 ], [ 2.366382340859637, 48.646662351957914 ], [ 2.366327516447909, 48.646593697386109 ], [ 2.366284712415125, 48.646541297958905 ], [ 2.366221852999518, 48.646463605460305 ], [ 2.366208486329626, 48.646446443603693 ], [ 2.366078783228216, 48.646283841164639 ], [ 2.365928982147395, 48.646099543275952 ], [ 2.365890790807439, 48.64611463178435 ], [ 2.365873047037628, 48.646122632985417 ], [ 2.365645234021239, 48.646214969878315 ], [ 2.365561966021409, 48.646253205666703 ], [ 2.365515553938945, 48.64627454688214 ], [ 2.365501903960853, 48.646280770797539 ], [ 2.365261665997203, 48.646390131556103 ], [ 2.364452203271351, 48.646760014729971 ], [ 2.364435816438096, 48.64676802295233 ], [ 2.363810627957103, 48.647053430640071 ], [ 2.363803808233765, 48.64705609277069 ], [ 2.363704161438136, 48.647101435909853 ], [ 2.363698688148724, 48.647105004737661 ], [ 2.363487111886639, 48.64720102222666 ], [ 2.363429784305558, 48.647226801882461 ], [ 2.363424300041165, 48.647231270152275 ], [ 2.36335303735198, 48.647286659270634 ], [ 2.363343448074648, 48.647293804144809 ], [ 2.362826827259086, 48.647692225766427 ], [ 2.362739121132162, 48.647760119761337 ], [ 2.362310450712787, 48.648069957567643 ], [ 2.36237499250265, 48.648120675661637 ], [ 2.362485258989456, 48.648206719350199 ], [ 2.362513490675554, 48.648229358204013 ], [ 2.362591486467925, 48.64829004278576 ], [ 2.362662728229615, 48.648347992651246 ], [ 2.362723198451534, 48.648398688764779 ], [ 2.362797177253367, 48.648454854155169 ], [ 2.362830762211069, 48.648483818141024 ], [ 2.362868058018782, 48.648542485871218 ], [ 2.362893356156864, 48.648583099192315 ], [ 2.362949699845156, 48.648638270678276 ], [ 2.363012754124269, 48.648699774592394 ], [ 2.363035556601033, 48.648722384289023 ], [ 2.363087861155021, 48.64877483557445 ], [ 2.36312006715358, 48.648805591123434 ], [ 2.36315625789184, 48.648843564056349 ], [ 2.36320316580816, 48.648893287907022 ], [ 2.363254178947921, 48.648940335135883 ], [ 2.363305181233851, 48.648988281794757 ], [ 2.363336030057896, 48.649019030027205 ], [ 2.363361503903504, 48.649045251974634 ], [ 2.363404427439923, 48.649087758352636 ], [ 2.363464800749767, 48.64914654914066 ], [ 2.363549279845786, 48.649232454001762 ], [ 2.362732790667264, 48.649282960676445 ], [ 2.361928440101745, 48.649339823343688 ], [ 2.360981215707497, 48.649423799401148 ], [ 2.360705379862027, 48.649444807741823 ], [ 2.359619747121926, 48.649523532830443 ], [ 2.358418408166103, 48.649627711000512 ], [ 2.358321930023616, 48.649635287143596 ], [ 2.358781349298148, 48.650031746319662 ], [ 2.359454399785123, 48.650610153821617 ], [ 2.359766152901194, 48.650871787840842 ], [ 2.360579877039853, 48.651494120639029 ], [ 2.360894608774648, 48.65173507869919 ], [ 2.361011580089827, 48.651828355502694 ], [ 2.361097891251059, 48.652097771790359 ], [ 2.361152863926781, 48.652265375345863 ], [ 2.361218279807714, 48.652467216198076 ], [ 2.361320323440775, 48.652782591480246 ], [ 2.361358253481794, 48.652900630485746 ], [ 2.361381821718322, 48.652971818022593 ], [ 2.361398821913948, 48.653024980169612 ], [ 2.361427622801588, 48.653112386894776 ], [ 2.361457693501617, 48.653206996483014 ], [ 2.361501003117487, 48.653218022637716 ], [ 2.361575426470152, 48.653238210548238 ], [ 2.361823066841573, 48.653304301554954 ], [ 2.362471270124076, 48.653476878546293 ], [ 2.362728382744141, 48.653545716843944 ], [ 2.362957075051671, 48.653607206595844 ], [ 2.363289993065367, 48.653694439023418 ], [ 2.363598760638407, 48.653758154326589 ], [ 2.363849561318295, 48.654011355691054 ], [ 2.363961211146815, 48.654096505386995 ], [ 2.364037881666538, 48.654155382579702 ], [ 2.364142809856381, 48.654235099174734 ], [ 2.364197269827324, 48.654445874610381 ], [ 2.364220744244216, 48.654525156540224 ], [ 2.364244546650093, 48.654577454973563 ], [ 2.364298972297193, 48.654679389677455 ], [ 2.364344146438466, 48.654760586325658 ], [ 2.364366733561687, 48.654801184641265 ], [ 2.364403948172252, 48.654867047175934 ], [ 2.364521001076966, 48.65506646254223 ], [ 2.364640901152888, 48.655255098846126 ], [ 2.364698207318104, 48.655343556049488 ], [ 2.364743502796589, 48.655414858562487 ], [ 2.364832769282505, 48.655554757942234 ], [ 2.36490606162499, 48.655668486411891 ], [ 2.364996664752607, 48.655810191770975 ], [ 2.365123258081233, 48.656006958675952 ], [ 2.365171215372721, 48.656082772693225 ], [ 2.365208519222536, 48.656141439318269 ], [ 2.365223169262024, 48.656164904518043 ], [ 2.365277805817863, 48.656249749120164 ], [ 2.36536973584949, 48.656394159701748 ], [ 2.36544434452213, 48.656511492782442 ], [ 2.365510960470457, 48.656616190166133 ], [ 2.365553608343889, 48.6566820811517 ], [ 2.365637546776832, 48.65681385584007 ], [ 2.365665522712904, 48.656858080535834 ], [ 2.365764123134847, 48.657012420794715 ], [ 2.365866720752148, 48.657173078756848 ], [ 2.365918447866493, 48.657274098605164 ], [ 2.365790103810839, 48.657445221305267 ], [ 2.365745960983134, 48.657502554760178 ], [ 2.365704566088177, 48.65755720430424 ], [ 2.365667276797812, 48.657609177166471 ], [ 2.365610707524895, 48.657683535031076 ], [ 2.365363939223544, 48.657879212982635 ], [ 2.365032159991065, 48.658031261288208 ], [ 2.364862848175635, 48.658109515617625 ], [ 2.364525569772351, 48.658266930225111 ], [ 2.364057230586222, 48.65848301197704 ], [ 2.363475685289196, 48.658740764076107 ], [ 2.363001392438486, 48.65888754798091 ], [ 2.362930463953507, 48.658914154029191 ], [ 2.362882725693163, 48.658931888951777 ], [ 2.361918318130849, 48.659297325804062 ], [ 2.361675495055239, 48.659390473582832 ], [ 2.361726220735361, 48.659461806085474 ], [ 2.361902387536433, 48.659712811540743 ], [ 2.362158373939789, 48.660099169440002 ], [ 2.362293025605613, 48.66030317779834 ], [ 2.362376435366409, 48.660478127741385 ], [ 2.362408209616005, 48.660544860978021 ], [ 2.362486856323939, 48.660776454038782 ], [ 2.362507407234372, 48.660872810810417 ], [ 2.362567375238189, 48.661077318754174 ], [ 2.362631318328647, 48.661289943412882 ], [ 2.362702324690324, 48.661480118191633 ], [ 2.362859110827507, 48.661762500714566 ], [ 2.361562040298179, 48.662122557444867 ], [ 2.361043003652175, 48.662260998149286 ], [ 2.360784168684109, 48.66232977156691 ], [ 2.360754198622542, 48.66233770636471 ], [ 2.360101588866963, 48.662516803657979 ], [ 2.359151963034801, 48.662777055092043 ], [ 2.358503426726899, 48.662955266026358 ], [ 2.359456902976625, 48.663600838820955 ], [ 2.359657565194662, 48.663736842160809 ], [ 2.361132387184119, 48.664726111196224 ], [ 2.36158244786376, 48.665011865056002 ], [ 2.36178850852973, 48.665151491501646 ], [ 2.36190285059894, 48.665240254635677 ], [ 2.362598438164939, 48.665771082940594 ], [ 2.361854402541361, 48.666206057948934 ], [ 2.360867248152988, 48.66664332298069 ], [ 2.360815406480886, 48.666662833999403 ], [ 2.359101893787984, 48.66730667018949 ], [ 2.358458302513404, 48.667519987536494 ], [ 2.356830126636755, 48.667735189361245 ], [ 2.356427352699321, 48.667800478007926 ], [ 2.356419371962461, 48.668117957892889 ], [ 2.356189790746923, 48.669447975128477 ], [ 2.356153645256459, 48.669736518550799 ], [ 2.356119588199195, 48.669965706372722 ], [ 2.35603322721664, 48.670030903187758 ], [ 2.355868807584095, 48.670148748524738 ], [ 2.355406844529093, 48.670497055366774 ], [ 2.35541289173033, 48.670557354338797 ], [ 2.355425706739942, 48.670619488892477 ], [ 2.355437119443512, 48.670685213845715 ], [ 2.355441442887956, 48.670775186870259 ], [ 2.355434375764562, 48.670797636072351 ], [ 2.355423068354514, 48.670833554793923 ], [ 2.355406073952312, 48.670890131181544 ], [ 2.355318125477974, 48.670863570227858 ], [ 2.355217833122294, 48.670846836908282 ], [ 2.354923025299976, 48.670855136550742 ], [ 2.354721841659169, 48.670870238727879 ], [ 2.354589749399629, 48.670899207073852 ], [ 2.354423240645113, 48.670965767759292 ], [ 2.353897900934225, 48.671275946559483 ], [ 2.353749188741733, 48.671330909289779 ], [ 2.353630786067743, 48.671350955815932 ], [ 2.353516624119246, 48.671357532777883 ], [ 2.353349610880176, 48.671354828011239 ], [ 2.353060621371935, 48.671331672252059 ], [ 2.352785579554816, 48.671278908132258 ], [ 2.352617954575168, 48.67121593276137 ], [ 2.352141251812947, 48.670997464042834 ], [ 2.351918095373878, 48.670922492422392 ], [ 2.351583806727548, 48.67082892605152 ], [ 2.351059656594085, 48.670713636970248 ], [ 2.350345792130748, 48.670564929997411 ], [ 2.350085784390453, 48.670505045526085 ], [ 2.349835562703368, 48.670422726420476 ], [ 2.349626058986764, 48.670342427914669 ], [ 2.349489652058737, 48.670281417356961 ], [ 2.349265659301744, 48.670165059241484 ], [ 2.348940188735167, 48.670018463119376 ], [ 2.348848451047574, 48.669969389212021 ], [ 2.34880662259462, 48.669947572793902 ], [ 2.347465818681366, 48.669325884157828 ], [ 2.345910371222598, 48.668604057552351 ], [ 2.34554713393278, 48.66843835516358 ], [ 2.34529708690758, 48.668343434265367 ], [ 2.344706352511431, 48.668126107665564 ], [ 2.344424907129819, 48.668044504791048 ], [ 2.34406076471433, 48.667951652245705 ], [ 2.343589415657472, 48.667852811308627 ], [ 2.342103353507312, 48.66766831730444 ], [ 2.34110789068313, 48.667563874353696 ], [ 2.340357702878801, 48.667501258052575 ], [ 2.340174441758516, 48.667495746339071 ], [ 2.33946901636911, 48.667544910238547 ], [ 2.339204121440831, 48.66755153768522 ], [ 2.338785691496768, 48.667564509040254 ], [ 2.338352381208622, 48.667572898835964 ], [ 2.338129888587226, 48.66755547272053 ], [ 2.33812532540746, 48.667594125907009 ], [ 2.338119244951478, 48.667645363674325 ], [ 2.338145663382209, 48.667703977881089 ], [ 2.338187064479983, 48.667759077256832 ], [ 2.338242170029632, 48.667804358188391 ], [ 2.338336518773855, 48.66786065091712 ], [ 2.33853078506693, 48.667962473037086 ], [ 2.338638577154688, 48.668029634110368 ], [ 2.338677490641392, 48.668066729493901 ], [ 2.338788747621848, 48.668289523139144 ], [ 2.338828882893225, 48.668337419238682 ], [ 2.339014629187106, 48.668468876752542 ], [ 2.339096883558926, 48.668515207280578 ], [ 2.339198194657531, 48.668558045385218 ], [ 2.338893515014147, 48.668810914517827 ], [ 2.338847315686681, 48.668920397240363 ], [ 2.338810071205226, 48.668966065147146 ], [ 2.338781224526307, 48.668991990633693 ], [ 2.338747071114987, 48.669007992184504 ], [ 2.338631361102493, 48.669029837790127 ], [ 2.338502219384828, 48.669039915261848 ], [ 2.338443611376596, 48.669056680527241 ], [ 2.338421417687763, 48.669093436837755 ], [ 2.338411456914406, 48.669129361532534 ], [ 2.338433825316504, 48.669186154121626 ], [ 2.338466579574605, 48.669280783303165 ], [ 2.338464504866703, 48.669337440237946 ], [ 2.338450379183037, 48.66938053780985 ], [ 2.338318664787097, 48.669593887592193 ], [ 2.338295226617435, 48.669621641967602 ], [ 2.338243282527392, 48.669648338606756 ], [ 2.338110535387868, 48.669728556559264 ], [ 2.338099557813366, 48.669737490599232 ], [ 2.338059812456696, 48.669766053883521 ], [ 2.338036385457001, 48.669792908768407 ], [ 2.338019702743796, 48.669823399093588 ], [ 2.337974255229481, 48.669980559006767 ], [ 2.337946105158384, 48.67005865906583 ], [ 2.337899227982193, 48.670114167643234 ], [ 2.337852703726097, 48.67014179370414 ], [ 2.337578943517638, 48.670311177598201 ], [ 2.33741763041717, 48.670394834014054 ], [ 2.33729751230246, 48.670442739274726 ], [ 2.337281136687086, 48.670448944733458 ], [ 2.337188280664025, 48.670488905943266 ], [ 2.337122424658278, 48.670541610188039 ], [ 2.336908868750732, 48.670782387607609 ], [ 2.336863028484086, 48.670863087469151 ], [ 2.336851331936804, 48.670928685770363 ], [ 2.33685778058239, 48.671062746849628 ], [ 2.33686025708165, 48.671081650082684 ], [ 2.336876793452876, 48.671169892862373 ], [ 2.336864252070946, 48.671195009044467 ], [ 2.336823763564392, 48.671282035118409 ], [ 2.336787839424121, 48.671330408159889 ], [ 2.336525732533774, 48.67154392973265 ], [ 2.336462533503757, 48.671601145851831 ], [ 2.336339946561723, 48.671736287642652 ], [ 2.335992038476153, 48.672182300136853 ], [ 2.335903456926783, 48.672313133331699 ], [ 2.335905464851023, 48.67236891333777 ], [ 2.335905772091146, 48.672451668779175 ], [ 2.335998197658488, 48.672552927241306 ], [ 2.336002226100037, 48.672556547665359 ], [ 2.336030436626074, 48.672580991196369 ], [ 2.336034465072016, 48.672584611619229 ], [ 2.336121767234421, 48.672661555023531 ], [ 2.336087005424852, 48.672725225724726 ], [ 2.336081447638215, 48.672735089239723 ], [ 2.336014788294833, 48.672850753093478 ], [ 2.3359406531265, 48.673020345058042 ], [ 2.335842756551711, 48.673242874880408 ], [ 2.335731973919929, 48.673517503573073 ], [ 2.335648363005898, 48.673791384021271 ], [ 2.335397415072185, 48.674407939042844 ], [ 2.335472439376762, 48.674489311829106 ], [ 2.335588888772337, 48.674731025598568 ], [ 2.335661138861358, 48.674923920187879 ], [ 2.335800380913302, 48.675189147520399 ], [ 2.33584591691414, 48.675239772902906 ], [ 2.336030835131526, 48.675437792208072 ], [ 2.336135786161549, 48.675515733168453 ], [ 2.336246101483622, 48.675599100860772 ], [ 2.336525189579332, 48.67576166375634 ], [ 2.337296018162225, 48.676240883642031 ], [ 2.337376879509539, 48.676290805227332 ], [ 2.337452342642352, 48.676337998276018 ], [ 2.33723576329828, 48.676601245771749 ], [ 2.337215071906711, 48.676626316578748 ], [ 2.337132727999037, 48.676693320844393 ], [ 2.336968575556766, 48.676785055973731 ], [ 2.336750370213646, 48.676854902359032 ], [ 2.3366454501781, 48.676881303482908 ], [ 2.336525065391526, 48.676948995165255 ], [ 2.336455240245549, 48.67699268178162 ], [ 2.336371513800245, 48.677061476802443 ], [ 2.336237968613332, 48.677202853400509 ], [ 2.33600294864357, 48.677313082002101 ], [ 2.336020456308279, 48.677324872912841 ], [ 2.336106659422834, 48.67738202100454 ], [ 2.336086092797589, 48.677397197872637 ], [ 2.336009019007637, 48.677476823583469 ], [ 2.335962213078155, 48.677526035045226 ], [ 2.335412290028983, 48.678153515717504 ], [ 2.335221123757381, 48.678339544528932 ], [ 2.334861127999524, 48.678557013071142 ], [ 2.334468715564977, 48.67875990769199 ], [ 2.334139384635042, 48.678915480199286 ], [ 2.333808693535898, 48.679071044188085 ], [ 2.333590050301677, 48.679174163495695 ], [ 2.333328911648382, 48.679307627539785 ], [ 2.333271499598614, 48.679336090274624 ], [ 2.33292289395237, 48.679511340432285 ], [ 2.332134320735815, 48.679995350228175 ], [ 2.331885306456448, 48.68013607490326 ], [ 2.331630650929199, 48.680292958275594 ], [ 2.331584102807025, 48.680321481080142 ], [ 2.331782260492941, 48.680546565068362 ], [ 2.332012535367807, 48.680809607225065 ], [ 2.331964651721475, 48.680836323703417 ], [ 2.331891940165442, 48.680892584257883 ], [ 2.331479886324009, 48.681248272196314 ], [ 2.331361856276962, 48.681342956433454 ], [ 2.331271393834832, 48.681406312981188 ], [ 2.331159636031679, 48.68143536936774 ], [ 2.331141345704259, 48.681484738760588 ], [ 2.331094140386155, 48.681564528630425 ], [ 2.331061116051013, 48.681597624523341 ], [ 2.330778882308893, 48.681891973256938 ], [ 2.330492754790261, 48.682171907562498 ], [ 2.330483120074518, 48.682181747859097 ], [ 2.330400413234861, 48.682275729924136 ], [ 2.3302774284566, 48.682438746448689 ], [ 2.330192590555011, 48.682592982208632 ], [ 2.330146270060898, 48.682603515893433 ], [ 2.329949005235469, 48.682626693833235 ], [ 2.329046271891518, 48.683744180827091 ], [ 2.32834248916196, 48.684599230754536 ], [ 2.327705527707314, 48.68532692547371 ], [ 2.327249661487779, 48.685915318137205 ], [ 2.326851289518171, 48.68646895336839 ], [ 2.326661852485909, 48.686726936221859 ], [ 2.32686183139085, 48.686810817982078 ], [ 2.327083441337246, 48.686902916837838 ], [ 2.327337191120294, 48.687031176031496 ], [ 2.327705679089993, 48.687216749202086 ], [ 2.328326773881452, 48.687514381003275 ], [ 2.328245037058683, 48.687531910347566 ], [ 2.328004785982533, 48.687621404927874 ], [ 2.327888429013573, 48.687690009660052 ], [ 2.32781142007955, 48.687762434010672 ], [ 2.327713675840555, 48.687862625489821 ], [ 2.327506330486214, 48.688034157776841 ], [ 2.32731379937401, 48.688215667592537 ], [ 2.327242546739833, 48.688262938417353 ], [ 2.327069831026729, 48.688382495076439 ], [ 2.326960506559375, 48.688432249356104 ], [ 2.326776026840013, 48.68851575976089 ], [ 2.326637791961056, 48.68859503356564 ], [ 2.326204937930275, 48.688870529853162 ], [ 2.325844192789893, 48.689032197528057 ], [ 2.325678692937314, 48.689118511958725 ], [ 2.325209975095489, 48.68943517809948 ], [ 2.325205586371176, 48.689564679123649 ], [ 2.324758562637268, 48.68988416460855 ], [ 2.324441173211237, 48.690054168791413 ], [ 2.324097830715627, 48.6902348188516 ], [ 2.323607069309236, 48.690468601001584 ], [ 2.323445357374099, 48.690576521384692 ], [ 2.322800942739235, 48.69071498259499 ], [ 2.32236634210017, 48.690807859435303 ], [ 2.321984873657413, 48.690889343462267 ], [ 2.321719823223432, 48.690898630182296 ], [ 2.321586315238876, 48.690926654325359 ], [ 2.32110090820888, 48.691060613828043 ], [ 2.320979228950184, 48.691119287090643 ], [ 2.320578058762194, 48.691252824537514 ], [ 2.320321861045354, 48.69131252970746 ], [ 2.320200589687615, 48.69133972254955 ], [ 2.320074024474323, 48.691356091278401 ], [ 2.319935314341762, 48.691366094233111 ], [ 2.319823669377752, 48.691384346740676 ], [ 2.319570245747236, 48.691439568697696 ], [ 2.319355961324844, 48.691514802138975 ], [ 2.319099842933624, 48.691568208749743 ], [ 2.318678767081803, 48.691664747312934 ], [ 2.31819896758934, 48.691784335291381 ], [ 2.318029863589578, 48.691832840095856 ], [ 2.317814381118741, 48.691895471137776 ], [ 2.317253648173146, 48.692073958304178 ], [ 2.317192231698536, 48.692095194324871 ], [ 2.316754657415511, 48.692206023384024 ], [ 2.316588220777151, 48.69225813935838 ], [ 2.316520646081293, 48.692230767617268 ], [ 2.316245860618357, 48.692152736476928 ], [ 2.316230810722081, 48.69216074555171 ], [ 2.316170599325292, 48.69219368124778 ], [ 2.316236285841324, 48.69226151913994 ], [ 2.316269567278866, 48.692313880001421 ], [ 2.316308400625156, 48.692357277838717 ], [ 2.316388072969144, 48.692394613359113 ], [ 2.316670658536458, 48.692499673346987 ], [ 2.316997619371913, 48.692640066633579 ], [ 2.317082386131979, 48.692703515870058 ], [ 2.317189579023013, 48.692818363984941 ], [ 2.317245875155943, 48.692877152680346 ], [ 2.317307989320687, 48.69301063175606 ], [ 2.317353311518213, 48.693077452923163 ], [ 2.317405849498703, 48.693111933973547 ], [ 2.317479024493647, 48.693126744467897 ], [ 2.317579535366985, 48.693129118562659 ], [ 2.31764870515877, 48.693138509137434 ], [ 2.318234923972151, 48.693402711529451 ], [ 2.318656667245571, 48.69356882736578 ], [ 2.31880230430794, 48.693653311117679 ], [ 2.319057834701952, 48.693854455366953 ], [ 2.319251000563414, 48.693941008846132 ], [ 2.319567342714832, 48.694063344575397 ], [ 2.31963355107073, 48.694091606213313 ], [ 2.319728137904711, 48.694131722941023 ], [ 2.319826695355538, 48.69417995757339 ], [ 2.319924901945341, 48.694255174580945 ], [ 2.319942411657393, 48.694266967683085 ], [ 2.320004649965286, 48.694287111133804 ], [ 2.320109215596766, 48.694291305161798 ], [ 2.32035641118995, 48.694298110883409 ], [ 2.320441862884191, 48.694309391557866 ], [ 2.320567722019289, 48.694347886812494 ], [ 2.320694671116252, 48.694407076221452 ], [ 2.320802389638302, 48.69448234665596 ], [ 2.320933757245749, 48.69461981586484 ], [ 2.321128131398023, 48.694927645530136 ], [ 2.321181097950148, 48.695034085782481 ], [ 2.321211563742857, 48.695094524410038 ], [ 2.321291804523603, 48.695402603567651 ], [ 2.3213260079097, 48.695489148359755 ], [ 2.321412602753615, 48.695621864734917 ], [ 2.321444719686073, 48.695659825643787 ], [ 2.321617264370334, 48.69587038611261 ], [ 2.321756649452666, 48.696018693585444 ], [ 2.32216482062774, 48.696500436833702 ], [ 2.322309970108297, 48.696623590881437 ], [ 2.322406313187827, 48.696738372170124 ], [ 2.322510563902189, 48.696872087356716 ], [ 2.322621177260311, 48.697039119313011 ], [ 2.323001631460549, 48.697563876786241 ], [ 2.323127519592426, 48.697705809437757 ], [ 2.323220951097639, 48.697835864561391 ], [ 2.323355559635141, 48.698039010967612 ], [ 2.323483166148043, 48.698258308083517 ], [ 2.3230198196754, 48.698362717243711 ], [ 2.322767770912666, 48.698414355729128 ], [ 2.322709183195478, 48.698426615780789 ], [ 2.322255723761123, 48.69860663430525 ], [ 2.32207247767563, 48.698696440317804 ], [ 2.321488498984301, 48.69898634988499 ], [ 2.321224688198289, 48.699106278545379 ], [ 2.320819828275342, 48.699309954538577 ], [ 2.320559961923453, 48.699439798430213 ], [ 2.320381183843185, 48.699499045013781 ], [ 2.320287103394038, 48.699523694343704 ], [ 2.320526035884182, 48.699749925045914 ], [ 2.320994056925094, 48.700228413658103 ], [ 2.322175924175803, 48.701407153434666 ], [ 2.32240634755382, 48.701662114797628 ], [ 2.322474806633753, 48.701727265914883 ], [ 2.322540594920068, 48.701788803916813 ], [ 2.322923203484379, 48.702149867002653 ], [ 2.323001070660857, 48.70222316646209 ], [ 2.323065501379755, 48.702284696437097 ], [ 2.322946550775312, 48.702340688340257 ], [ 2.323024476518444, 48.702409490725763 ], [ 2.323028506362469, 48.702413111496604 ], [ 2.323087618571599, 48.702465616512114 ], [ 2.323092995591615, 48.702470144400316 ], [ 2.323470503643311, 48.702805991226583 ], [ 2.323537688209845, 48.70286483810105 ], [ 2.323620969346996, 48.702939966750371 ], [ 2.323421474305785, 48.703024285596811 ], [ 2.323593390849243, 48.70318086965483 ], [ 2.323859659173873, 48.703397353570807 ], [ 2.324083770584022, 48.703616296413578 ], [ 2.324383642391084, 48.703861752619481 ], [ 2.324629267264729, 48.704098805643525 ], [ 2.324755686861065, 48.704201161830206 ], [ 2.325130779099903, 48.704515401734895 ], [ 2.325262357489333, 48.704639373885257 ], [ 2.32541776937145, 48.704812052208645 ], [ 2.32558684073706, 48.704979410678902 ], [ 2.325797296073077, 48.705204569039161 ], [ 2.326018867950396, 48.705410900847887 ], [ 2.326143366296361, 48.70555731872728 ], [ 2.326417057207031, 48.70583230400824 ], [ 2.326409578733783, 48.70588533066033 ], [ 2.326364375467618, 48.705912959073302 ], [ 2.326480476369372, 48.70597297976326 ], [ 2.32662998242295, 48.706077263031979 ], [ 2.326767876242471, 48.706239046791545 ], [ 2.326864721811567, 48.70631694786465 ], [ 2.326903562776504, 48.706361241141643 ], [ 2.326690415988689, 48.706555223808778 ], [ 2.326745911674994, 48.706572626964522 ], [ 2.326551811616269, 48.70676491789736 ], [ 2.326463634672065, 48.706857965179708 ], [ 2.326411044711827, 48.706931424945125 ], [ 2.32621354662881, 48.707492479367978 ], [ 2.325930908619875, 48.708226650076107 ], [ 2.325826062201954, 48.708452724258329 ], [ 2.325666961308588, 48.708775634470747 ], [ 2.325609745829117, 48.708891342737957 ], [ 2.325561776023393, 48.709027791046303 ], [ 2.325482119648338, 48.709197340574107 ], [ 2.325343481082524, 48.709619307528321 ], [ 2.325161073173311, 48.710167851801785 ], [ 2.325107630096538, 48.710306967242062 ], [ 2.325059773847126, 48.710434421149728 ], [ 2.325028260537116, 48.710559269075127 ], [ 2.324925275406708, 48.710851013817482 ], [ 2.324870286044586, 48.711004511827817 ], [ 2.326498414148605, 48.711013713446611 ], [ 2.328594761813724, 48.71086452371955 ], [ 2.32921929788187, 48.710810470545674 ], [ 2.330500763952209, 48.710719626081087 ], [ 2.33062717694024, 48.710718536420906 ], [ 2.330907148984875, 48.710719207339608 ], [ 2.332350495277197, 48.710616658176662 ], [ 2.332400848302069, 48.710611543123271 ], [ 2.332592689667282, 48.71059552650236 ], [ 2.333271689301627, 48.710426624853284 ], [ 2.334993700104985, 48.709999093639453 ], [ 2.335853923990276, 48.709792510111072 ], [ 2.336196177580464, 48.709704467937321 ], [ 2.336524805721421, 48.709619047417817 ], [ 2.336826423962857, 48.709519983833353 ], [ 2.337136229279709, 48.709418266564676 ], [ 2.337159926908101, 48.709478662624988 ], [ 2.339290546701573, 48.712093539373235 ], [ 2.33984644737108, 48.712738835207183 ], [ 2.34008782287305, 48.712998317115833 ], [ 2.340720860454403, 48.71367191827904 ], [ 2.34088731395714, 48.713837439973069 ], [ 2.341290965093417, 48.714271412108261 ], [ 2.341332848563527, 48.714291431538712 ], [ 2.341473358890895, 48.714358767466805 ], [ 2.341640926789298, 48.714544082353122 ], [ 2.342686589471872, 48.715591426367396 ], [ 2.342904929780211, 48.715739241454642 ], [ 2.343515642718276, 48.716356036736819 ], [ 2.343535894820807, 48.716366941707491 ], [ 2.343687083673178, 48.716450523938022 ], [ 2.343873239106022, 48.716563980506038 ], [ 2.344250655190638, 48.716925840127537 ], [ 2.345350606443513, 48.717987847811422 ], [ 2.346450624912323, 48.719048045592295 ], [ 2.347553395348812, 48.720109146531158 ], [ 2.347793697213486, 48.720351515221203 ], [ 2.348250165652443, 48.720810034843304 ], [ 2.349527320692247, 48.722501688178994 ], [ 2.349651930265355, 48.722756913738394 ], [ 2.349837537918586, 48.723135697041194 ], [ 2.350013845302096, 48.723497339588874 ], [ 2.350025743910117, 48.723524388091839 ], [ 2.350150391920593, 48.723776914720268 ], [ 2.350583917111152, 48.724663439853792 ], [ 2.350526699430214, 48.724673022504604 ], [ 2.35016300191932, 48.724730406804788 ], [ 2.349187689168452, 48.724884295915672 ], [ 2.349088251050975, 48.724899943825854 ], [ 2.347694729282471, 48.725120797205449 ], [ 2.347536162557941, 48.725625424390742 ], [ 2.347485190019475, 48.725787947106802 ], [ 2.347391805083439, 48.726080658842335 ], [ 2.347071949213145, 48.727088996879282 ], [ 2.346848076900629, 48.727052693232849 ], [ 2.346805413745719, 48.727311502534519 ], [ 2.346661106307477, 48.728196674552684 ], [ 2.346627273226138, 48.72840156469131 ], [ 2.346391838771516, 48.72983220426525 ], [ 2.346268228269194, 48.730583469028758 ], [ 2.346071073475984, 48.731778658997236 ], [ 2.346062184097578, 48.731837074585464 ], [ 2.346022648961886, 48.732062620057114 ], [ 2.3459948686093, 48.732218072759309 ], [ 2.345889917671447, 48.732347018513146 ], [ 2.34586642157746, 48.732377471059657 ], [ 2.345769762786504, 48.732495668734366 ], [ 2.345765627659878, 48.732500143320358 ], [ 2.345662057727021, 48.732627297517929 ], [ 2.34565324661609, 48.732679417315666 ], [ 2.343920744955841, 48.734755730321886 ], [ 2.346486917304255, 48.734730231187555 ], [ 2.350008038895632, 48.734016406009424 ], [ 2.351830641192611, 48.736272236997692 ], [ 2.352831047024768, 48.737511704713135 ], [ 2.352967656112281, 48.737680641528456 ], [ 2.353038641471325, 48.737768272453735 ], [ 2.353246237957451, 48.738024839776521 ], [ 2.353398239941509, 48.738049048754839 ], [ 2.353551479359015, 48.738083158134643 ], [ 2.353620514787276, 48.738108716412199 ], [ 2.353784062867806, 48.738079020712149 ], [ 2.353901023355638, 48.738077854895401 ], [ 2.354042136693379, 48.738102903563004 ], [ 2.354114929079837, 48.738154565784932 ], [ 2.354138915188049, 48.738194271133388 ], [ 2.354143308716752, 48.738278842720007 ], [ 2.354092152544232, 48.738346923750669 ], [ 2.353943060452996, 48.738417173117774 ], [ 2.353944912175679, 48.738487339826371 ], [ 2.353916459786301, 48.738588823089117 ], [ 2.353893223808798, 48.738708323459775 ], [ 2.353000240062287, 48.739111834874976 ], [ 2.352944155055104, 48.739138514228884 ], [ 2.352488729789391, 48.739347414294606 ], [ 2.352462726705962, 48.739360764915546 ], [ 2.352380671490474, 48.739398096462871 ], [ 2.352376569841893, 48.739399873100389 ], [ 2.352338272903832, 48.739417654221519 ], [ 2.352250744915267, 48.739457654320169 ], [ 2.352042852851779, 48.739553666098104 ], [ 2.351923859599809, 48.739608785717287 ], [ 2.351822666124695, 48.739654107977366 ], [ 2.351446546625749, 48.739827456828031 ], [ 2.351345329971581, 48.739874577441277 ], [ 2.351338497492953, 48.739877238648823 ], [ 2.351137445758207, 48.739969688224953 ], [ 2.350940495061254, 48.740060360868114 ], [ 2.350836546721145, 48.740108365637496 ], [ 2.35072438347994, 48.740160822856566 ], [ 2.350405704108097, 48.740307497463462 ], [ 2.350036407824788, 48.740478180620933 ], [ 2.349970778780838, 48.740506605488392 ], [ 2.349788837952259, 48.740592860720319 ], [ 2.349731423497238, 48.740616832977395 ], [ 2.34917472952624, 48.740874638016955 ], [ 2.348942214833961, 48.740981303425407 ], [ 2.348816382297684, 48.741039080946585 ], [ 2.348060010173539, 48.741386635183801 ], [ 2.347826108627052, 48.741495089708792 ], [ 2.347784627676515, 48.741440896525319 ], [ 2.347574493326351, 48.741170814873129 ], [ 2.346323738844823, 48.741467085455142 ], [ 2.345913189718617, 48.741563775598465 ], [ 2.345520362064087, 48.741656963709239 ], [ 2.345371156120634, 48.741517631429623 ], [ 2.345227311365902, 48.741384624448862 ], [ 2.344771631950876, 48.740959385970719 ], [ 2.344508527545155, 48.740685410205103 ], [ 2.343476637941601, 48.740446784024833 ], [ 2.342578223236283, 48.740300627250626 ], [ 2.342462605998564, 48.740302688843386 ], [ 2.342312993671095, 48.74030456304844 ], [ 2.342046087000014, 48.740333673456789 ], [ 2.341990221721055, 48.740342359998088 ], [ 2.341950560751426, 48.740360130277431 ], [ 2.341797469179943, 48.740422247430629 ], [ 2.340978666676366, 48.740756820764055 ], [ 2.340918505665981, 48.740782572529433 ], [ 2.339950698101499, 48.741177478261804 ], [ 2.339885074058147, 48.741204998186518 ], [ 2.339759310556474, 48.741256470483158 ], [ 2.338917228081258, 48.741601694158518 ], [ 2.338847814606581, 48.741498773186528 ], [ 2.338545042983155, 48.74156725268417 ], [ 2.337904027515096, 48.741713007096386 ], [ 2.337343859059563, 48.742024704453506 ], [ 2.337057595907795, 48.742185015035396 ], [ 2.337586010112177, 48.742876022038011 ], [ 2.337644886168755, 48.742951901882797 ], [ 2.337729166574059, 48.743062101438483 ], [ 2.337792054249356, 48.74314340010465 ], [ 2.33766754123301, 48.743202972067884 ], [ 2.337478714240204, 48.743293667512866 ], [ 2.337317301090779, 48.743367425414363 ], [ 2.337025796475127, 48.743511516719451 ], [ 2.336524638834727, 48.743779464886252 ], [ 2.336424555241783, 48.743842769060912 ], [ 2.336357017477026, 48.743913449598374 ], [ 2.336320894349772, 48.743973511422269 ], [ 2.33631307756023, 48.744053518312612 ], [ 2.33633264166851, 48.744119286331468 ], [ 2.336386294682004, 48.744285081871254 ], [ 2.336254657722312, 48.744369797099537 ], [ 2.336155589586024, 48.744460089921787 ], [ 2.336105923898156, 48.744515579147667 ], [ 2.335996969878507, 48.744634598989954 ], [ 2.335589617559625, 48.745010997684126 ], [ 2.335251320847123, 48.745304131371121 ], [ 2.335116352691602, 48.745436497124579 ], [ 2.335014411797613, 48.745538465674038 ], [ 2.33471754848114, 48.745781459825523 ], [ 2.334369126073393, 48.746121305363609 ], [ 2.334161628603169, 48.746288343780222 ], [ 2.333766271842288, 48.746681892119035 ], [ 2.333580793768737, 48.746828365209964 ], [ 2.333375247986517, 48.746948642198959 ], [ 2.332316693593808, 48.747406838437684 ], [ 2.331686908108933, 48.747624577205578 ], [ 2.331375252157791, 48.747746055619864 ], [ 2.331287751743152, 48.747781543184274 ], [ 2.331035807159733, 48.747913248943163 ], [ 2.330739845535421, 48.748083383345289 ], [ 2.33053510633001, 48.748245933548205 ], [ 2.330410065418239, 48.748345070161918 ], [ 2.33012369871898, 48.748615094545521 ], [ 2.329937718831103, 48.748799335448638 ], [ 2.329799892684083, 48.748940673267896 ], [ 2.329757154651766, 48.748985405317569 ], [ 2.329554505328387, 48.749196535169176 ], [ 2.329313207238679, 48.749451520053583 ], [ 2.328897493274927, 48.749836842242246 ], [ 2.3287336702549, 48.749989725316574 ], [ 2.328608378895117, 48.750107746727721 ], [ 2.328429767025817, 48.750247054634819 ], [ 2.327988031051565, 48.750539585021436 ], [ 2.327697415417612, 48.75071513834731 ], [ 2.32763025071803, 48.750755234864954 ], [ 2.327316441837834, 48.750936053269619 ], [ 2.327253449501719, 48.75096897757566 ], [ 2.327131695502895, 48.751023157239338 ], [ 2.326672168645224, 48.751217543717274 ], [ 2.32647789962783, 48.751304592968744 ], [ 2.326263066147368, 48.751404117995115 ], [ 2.326161769510563, 48.751453914898292 ], [ 2.325870618607211, 48.751564701206611 ], [ 2.325770843970298, 48.751601914247367 ], [ 2.325679322688504, 48.751631978315068 ], [ 2.325340589558501, 48.751740695740423 ], [ 2.325243685501878, 48.751766231875592 ], [ 2.325079892320442, 48.751810278064717 ], [ 2.32405344099599, 48.752086895277039 ], [ 2.323948188697378, 48.752126774094442 ], [ 2.323644229126475, 48.752280655409173 ], [ 2.323790244091786, 48.752034137206927 ], [ 2.323835768176012, 48.751984925959057 ], [ 2.323922677553067, 48.751890977159107 ], [ 2.324181265666522, 48.75156414636632 ], [ 2.324206154773953, 48.751532806920231 ], [ 2.324321800827572, 48.75132029468508 ], [ 2.324338622319968, 48.751281714054507 ], [ 2.324486283467692, 48.750907483972355 ], [ 2.324510195962926, 48.750846457473529 ], [ 2.324558612995334, 48.750783770705794 ], [ 2.324604077097771, 48.750739055972382 ], [ 2.324825758471891, 48.750530740588161 ], [ 2.324103402718585, 48.749803505420871 ], [ 2.323871177306253, 48.749565638265132 ], [ 2.323973357415135, 48.749447490870693 ], [ 2.323729453001434, 48.749166384146825 ], [ 2.323526395319766, 48.748987144922147 ], [ 2.323318524688201, 48.748864542732576 ], [ 2.323248444577276, 48.748814676378764 ], [ 2.323201613182348, 48.748755047925243 ], [ 2.323053041162515, 48.748569820557293 ], [ 2.323032967409886, 48.748544522434059 ], [ 2.322983404815536, 48.748485777833181 ], [ 2.322672629874088, 48.748117943227271 ], [ 2.320720714163472, 48.748758049315406 ], [ 2.31931663387029, 48.747122065725655 ], [ 2.320465784551206, 48.746817404712381 ] ] ] ] } }
]
}
